0.038593233
0.137585729
0.555330992
0.031852003
0.243060619
0.094872504
0.01812209
0.060622949
0.028487705
0.044254724
0.045556635
0.011433478
0.030140543
0.018108131
0.183866903
0.409600407
0.294392258
0.482670635
0.276530236
0.928176641
0.842050672
0.753756881
0.9342103
0.454266995
0.905429602
0.603654265
0.931664884
0.405570835
0.798598528
0.455017745
0.580535829
0.162584573
0.112838604
0.032726403
0.059843212
0.086985894
0.144530177
0.061390199
0.510968745
0.299067229
0.543192625
0.278563589
0.915557981
0.49195233
0.517862678
0.63645643
0.581992567
0.887904644
0.811197519
0.54951334
0.671497583
0.309841216
0.555927336
0.734336257
0.450462967
0.144355893
0.23425746
0.55734247
0.495298088
0.060438886
0.036401302
0.018316867
0.011824938
0.022078983
0.00543912
0.068064854
0.012440635
0.076015539
0.013626412
0.223386452
0.301592559
0.252313405
0.02679133
0.050306641
0.008964392
0.002779304
0.008645469
0.228435367
0.150957435
0.042925414
0.043702081
0.017314605
0.019214232
0.036346197
0.006186288
0.028927565
0.025989274
0.033538759
0.05200655
0.062507935
0.037948206
0.110370912
0.012759956
0.069307417
0.071821861
0.06463737
0.094160661
0.10154593
0.07531596
0.130881622
0.131040946
0.104021937
0.118040957
0.040707801
0.040956613
0.040718053
0.048214395
0.340998441
0.084633134
0.114786871
0.024820207
0.107544526
0.037993889
0.032875754
0.227977321
0.192222476
0.264321357
0.049055159
0.026936935
0.129709288
0.296070546
0.153237864
0.064747915
0.079883613
0.237991527
0.114760995
0.074192069
0.101554714
0.073042288
0.085287146
0.021618661
0.039125778
0.019092496
0.030784674
0.026817057
0.141971439
0.08029788
0.069644742
0.106736094
0.011920204
0.011726107
0.020699542
0.025134187
0.006108556
0.03149407
0.020059984
0.014417074
0.0399803
0.022090631
0.015007612
0.006701755
0.03332926
0.015874984
0.074562915
0.017075736
0.225552261
0.035840914
0.06940984
0.033469446
0.316507369
0.132621348
0.10019926
0.177171901
0.421877116
0.333079576
0.350036085
0.240713626
0.207068518
0.361223668
0.100823082
0.196426943
0.030259132
0.020127688
0.00295077
0.017869974
0.00127081
0.012988609
0.02773905
0.082060136
0.006025729
0.003109693
0.004901283
0.001918933
0.002539253
0.004893291
0.00141033
0.001570024
0.005261521
0.006115036
0.004583272
0.0150102
0.011466655
0.058810439
0.145039007
0.209250435
0.05709026
0.510246813
0.017737862
0.296872079
0.056814708
0.021675101
0.027025659
0.044891696
0.285982281
0.001938209
0.012211801
0.000869759
0.002510015
0.001220947
0.005895714
0.022846309
0.004675419
0.000885681
0.000555959
0.00209459
0.000377694
0.003597034
0.021707326
0.138609484
0.521171093
0.45652765
0.483356804
0.943340242
0.916139245
0.931362212
0.949445546
0.333049685
0.120998047
0.414455116
0.913398087
0.802545249
0.639288306
0.03739905
0.417439461
0.076130405
0.030696666
0.098453678
0.050522782
0.72092557
0.495411634
0.945359945
0.934735894
0.936900616
0.952103853
0.533736527
0.620815158
0.034412812
0.002928349
0.006395856
0.015339219
0.005016978
0.000640656
0.031487711
0.198070467
0.179286659
0.478788376
0.760699034
0.828451991
0.090451658
0.554964483
0.5100137
0.071721643
0.025579091
0.027619978
0.001289138
0.001370789
0.002288712
0.002577075
0.000693913
0.001814053
0.001673837
0.000856277
0.000653433
0.001894682
0.000446714
0.001438499
0.000226564
0.000435428
0.002225101
0.006416692
0.002406635
0.000948191
0.002465094
0.028101612
0.002905067
0.0046659
0.00143688
0.001279928
0.001845401
0.000195744
0.003711955
0.008633662
0.009724434
0.038917903
0.002970427
0.00349324
0.050319169
0.0188106
0.008084127
0.002825011
0.000924538
0.001323702
0.000282617
0.000154307
0.001309683
0.000600459
0.001769333
0.000369657
0.002244068
0.001711707
0.002304595
0.012277317
0.002821971
0.003925735
0.001165079
0.000832047
0.000261065
0.001505389
0.000236034
0.000858263
0.002181234
0.000808217
0.037734725
0.010299766
0.002670443
0.002075519
0.00039666
0.001330396
0.001377933
0.00010411
9.93353E-05
0.000428462
0.000381092
0.001192291
0.000771415
0.021202389
0.030750996
0.382243663
0.009926033
0.005935226
0.079743952
0.01567558
0.001529893
0.002734231
0.039093476
0.004606748
0.004325448
0.008542477
0.074689507
0.052333079
0.0034434
0.006335496
0.00598995
0.004994956
0.093502901
0.021282252
0.009245003
0.110308006
0.051861517
0.044681318
0.075864971
0.045179855
0.156137809
0.097489364
0.074253753
0.077968985
0.056775916
0.004621213
0.002671595
0.000752118
0.003054979
0.005417747
0.000292424
0.000272206
0.000938327
0.000286164
0.001686382
0.000589601
0.002476271
0.003719794
0.013418605
0.002151098
0.070997432
0.027377155
0.012677747
0.00688787
0.004639678
0.021583399
0.007983106
0.054768234
0.037995212
0.023143826
0.050155889
0.015380976
0.144828409
0.075653352
0.009670655
0.025464591
0.023768526
0.003205141
0.000767638
0.020099588
0.003185723
0.000975012
0.001154266
0.004468444
0.000526894
0.000355941
0.000562902
0.002961363
0.000361327
0.000305731
0.000905498
0.001004574
0.000157526
0.000426356
0.000378706
0.000207769
0.000175191
0.000234759
0.000744917
0.000257993
0.00025496
0.000415567
9.09572E-05
7.10283E-05
0.000278961
0.00027457
0.000420255
0.027833356
0.287932187
0.129414916
0.002831168
0.003642645
0.04342968
0.016445292
0.001187595
0.001591343
0.006292982
0.004177165
0.000308745
0.006973134
0.003205333
0.000762454
0.000785746
0.004176574
0.00263177
0.001251621
0.001423039
0.000496872
0.000537749
0.000494306
0.000569246
0.000294745
0.000133732
5.65296E-05
0.000325733
0.000349194
0.002013691
0.003535149
0.032796625
0.020746702
0.097585566
0.009650149
0.011959446
0.057567172
0.130436063
0.116854675
0.06884589
0.183941737
0.214558259
0.449694514
0.370167464
0.130948141
0.113665566
0.09867692
0.05545881
0.159954414
0.100927375
0.222402006
0.023169551
0.185799241
0.194850817
0.120604075
0.207722276
0.315324634
0.181397319
0.075246491
0.051890805
0.047677424
0.242468029
0.147949532
0.082082987
0.161396712
0.152408585
0.136504218
0.110000253
0.238618433
0.189557388
0.11686103
0.317734033
0.094456539
0.144373447
0.154378727
0.423515588
0.046604
0.059010342
0.188434079
0.019128786
0.107005514
0.058706161
0.148304462
0.041177422
0.123667441
0.417707592
0.709602535
0.05067024
0.016403219
0.595894456
0.682870865
0.055478599
0.313917488
0.896547079
0.638153076
0.099348895
0.854118586
0.867036521
0.287669241
0.167808264
0.734238148
0.741903186
0.624875009
0.353396893
0.911565661
0.794982374
0.590278327
0.494902134
0.342585981
0.126948699
0.755817354
0.720526814
0.02963233
0.225354776
0.362870067
0.436273873
0.309667796
0.780294895
0.324575365
0.28000924
0.25907281
0.568150342
0.200951159
0.411342412
0.097016662
0.146358192
0.205277696
0.069616817
0.149718046
0.058073498
0.012992515
0.02187293
0.037516579
0.008462571
0.003233436
0.024409393
0.015072388
0.010958408
0.015229373
0.003271901
0.013351617
0.005656324
0.00295302
0.000870133
0.000399596
0.013511655
0.006013449
0.022041205
0.029991472
0.082093336
0.009827703
0.199861407
0.08564277
0.061114546
0.139936522
0.679967701
0.42482543
0.074039668
0.636595964
0.79316783
0.454322755
0.073499329
0.690117359
0.887086451
0.126079291
0.020574866
0.019200519
0.723540604
0.122915082
0.077337369
0.012653138
0.048511583
0.030340273
0.054461956
0.005503714
0.004373665
0.007274924
0.008576723
0.001067633
0.001121355
0.004029633
0.003621963
0.001048136
0.000412942
0.000199763
0.000580035
0.000301429
0.004490731
0.002324772
0.010779405
0.013731054
0.012587681
0.078984246
0.12344455
0.419308215
0.776753247
0.051771373
0.111049406
0.127277568
0.280762136
0.021193564
0.015396098
0.076376997
0.047388986
0.029789988
0.009225448
0.051343918
0.158552885
0.005685769
0.038617454
0.003595648
0.001540256
0.001112715
0.009199715
0.010488849
0.002375442
0.001802263
0.015305457
0.023488132
0.0031094
0.014452348
0.020371165
0.003683778
0.007114346
0.000780996
0.00785282
0.00053725
0.00608966
0.016181383
0.003793288
0.009862714
0.025273854
0.009737006
0.003217836
0.000542778
0.02906353
0.000769028
0.005422204
0.000397189
0.00153994
0.000564246
0.000338824
0.000859959
0.000451109
0.017899053
0.001356152
0.075952537
0.00651223
0.033161312
0.084258534
0.049768396
0.036414053
0.375442863
0.243415073
0.011638176
0.008328966
0.292857468
0.226553544
0.021953588
0.09927766
0.033116844
0.009800729
0.002652067
0.002979287
0.00096557
0.004063281
0.001144967
0.002105459
0.001505927
0.000244885
0.000524839
0.002145852
0.000870829
0.000309165
0.000659398
0.00093277
0.001355991
0.005827043
0.016888546
0.006253086
0.005455384
0.010565653
0.018629931
0.006823283
0.025654491
0.019952374
0.042403072
0.024232121
0.052550785
0.013355022
0.034736585
0.006983883
0.013028618
0.003632621
0.008591409
0.004507477
0.005577973
0.007769927
0.010157176
0.003998624
0.0124244
0.083339959
0.017966388
0.175533399
0.010532335
0.152960643
0.151262313
0.106422223
0.154054716
0.262798667
0.396227092
0.032290671
0.022725169
0.104741246
0.031375319
0.195340008
0.040955462
0.017042473
0.236559659
0.087927461
0.443304658
0.15710406
0.451545477
0.336925983
0.232192472
0.087328188
0.644482672
0.362736762
0.161621734
0.144958779
0.056711063
0.012070611
0.013172025
0.057436768
0.012693029
0.004011903
0.004856744
0.009805441
0.010624756
0.042012468
0.023247955
0.074279755
0.048433375
0.013715165
0.066403896
0.034983069
0.089522526
0.00757656
0.065812461
0.05098512
0.015091754
0.009524347
0.031340886
0.006028295
0.124762781
0.030234838
0.046753436
0.01067809
0.037366319
0.013171585
0.01202132
0.01296299
0.005423218
0.015817864
0.004312638
0.013950305
0.002765094
0.014124771
0.00226201
0.003345181
0.012697605
0.030336872
0.173149601
0.157231092
0.032147206
0.233557597
0.01604531
0.226313218
0.005793483
0.098205984
0.021002915
0.004299794
0.022618672
0.011538086
0.017061334
0.045853525
0.00279159
0.004637648
0.027434697
0.001123101
0.00901589
0.004265266
0.010897294
0.006490628
0.017733118
0.037867934
0.022373909
0.050867967
0.242432654
0.036733057
0.126068294
0.035679087
0.017736873
0.018333448
0.035425726
0.00975393
0.011032118
0.006501066
0.018415228
0.000818568
0.016625648
0.015469004
0.00725664
0.001968615
0.008198627
0.001994299
0.001252164
0.00127188
0.001327822
0.005176994
0.042363118
0.016960997
0.000493633
0.001496321
0.003782384
0.002757825
0.001406399
0.003596768
0.001620242
0.008680444
0.003223227
0.002477773
0.005810449
0.007430613
0.0062974
0.011887826
0.011701454
0.012436417
0.010724589
0.010691276
0.019864805
0.027009139
0.134498402
0.025377188
0.025714166
0.001450451
0.009908177
0.005783396
0.002201895
0.005354839
0.003174915
0.008457587
0.015029267
0.002118191
0.013954056
0.023186149
0.057117309
0.033524327
0.028122032
0.003726404
0.007728792
0.014575796
0.006423701
0.016528068
0.013920956
0.003207956
0.018371934
0.018794579
0.012348516
0.006375422
0.005235252
0.003703572
0.003417864
0.001941505
0.003496063
0.006454184
0.03111599
0.002503135
0.043343779
0.045225598
0.04859725
0.000817999
0.002165225
0.018257577
0.002866196
0.003454272
0.005297365
0.004650669
0.001079772
0.003075317
0.00432613
0.001295795
0.005995395
0.005457613
0.001704689
0.004051814
0.007507977
0.002892467
0.014104852
0.013477967
0.000998528
0.020586872
0.005396788
0.016640475
0.005697165
0.038713086
0.011111106
0.03683237
0.003093562
0.013033782
0.005927688
0.01821327
0.055292666
0.01677962
0.002482213
0.016480336
0.003608447
0.018624268
0.006283355
0.003009022
0.041431602
0.004533749
0.002058133
0.039713986
0.021054294
0.013974936
0.015261672
0.00722662
0.009132987
0.001755984
0.000915033
0.002805616
0.001230962
0.004055289
0.041589294
0.010659619
0.004904033
0.002942776
0.001709573
0.005681622
0.001572839
0.003225213
0.007102922
0.002981543
0.009040557
0.01497414
0.024166219
0.010314889
0.01198156
0.011938229
0.008332031
0.002491303
0.013562232
0.006195215
0.007805153
0.011164283
0.016412145
0.004099287
0.003864911
0.001011463
0.005486313
0.002123277
0.001933312
0.003739712
0.001932482
0.005082823
0.009599418
0.012446951
0.002226658
0.017740354
0.0083148
0.001443092
0.001175972
0.000880681
0.000778301
0.004934254
0.038490891
0.014167477
0.001591255
0.005309532
0.00275778
0.001020663
0.001662795
0.002375672
0.007004333
0.009442808
0.008059513
0.001981081
0.005469249
0.005652606
0.008023454
0.007505607
0.005850884
0.001864532
0.009603527
0.014671884
0.001241744
0.010898488
0.014072172
0.02374718
0.043445908
0.01447537
0.051874049
0.067964263
0.018977735
0.010739346
0.025066514
0.001342169
0.010731415
0.017242672
0.004291699
0.020304628
0.004124017
0.009863804
0.012989092
0.009644013
0.007732651
0.007267754
0.003694287
0.005558168
0.002226017
0.0146834
0.006450626
0.018572725
0.024376748
0.011114547
0.182364628
0.07314083
0.095928095
0.110603519
0.535146236
0.240515694
0.42018488
0.041933779
0.086161405
0.019223094
0.003865462
0.006416273
0.001948886
0.014237463
0.00250721
0.001760934
0.008592173
0.006791885
0.010773163
0.004043988
0.008570626
0.003581512
0.00377604
0.006193835
0.007604765
0.004978087
0.013869099
0.016825963
0.008465637
0.241589725
0.314701915
0.235002086
0.031191159
0.850361586
0.338941038
0.693213224
0.171761081
0.680654049
0.39763549
0.061639387
0.185648188
0.121931694
0.024802456
0.052831661
0.051727515
0.080626786
0.04751984
0.020203166
0.004689646
0.014203913
0.006740037
0.006134512
0.003969888
0.006465282
0.011437856
0.01062975
0.029719291
0.016849985
0.028494384
0.043075662
0.072077513
0.033942621
0.493530899
0.340497822
0.08615917
0.241888493
0.016196648
0.008576861
0.002692101
0.005361559
0.016719136
0.007919585
0.005663914
0.008854332
0.0157963
0.009353049
0.013137298
0.007626683
0.031505723
0.034946941
0.346866131
0.060502633
0.139064386
0.570568204
0.154879957
0.051071964
0.763689339
0.010583119
0.436224252
0.118087083
0.128337264
0.492276371
0.062694766
0.079181463
0.077494197
0.479916275
0.314625382
0.482202023
0.040615022
0.109748207
0.028226076
0.071441211
0.003067751
0.160007119
0.012191806
0.018672515
0.002251616
0.021948762
0.003497617
0.001625918
0.006260551
0.004166141
0.005735715
0.000664795
0.005223019
0.011779997
0.010285723
0.034368023
0.017253583
0.007195263
0.0056125
0.00401349
0.007499407
0.008421168
0.006455251
0.001185209
0.002875042
0.008837801
0.002274311
0.011385567
0.006196965
0.011572388
0.034766335
0.015105523
0.010672702
0.006957319
0.002123031
0.006889145
0.00242056
0.02626133
0.002944072
0.005885332
0.007719184
0.004637026
0.019531412
0.004101318
0.005425782
0.004691912
0.008718403
0.003229485
0.008749092
0.002966104
0.005569045
0.015487819
0.00699041
0.004053908
0.007776448
0.002483791
0.008628411
0.012866091
0.00900408
0.005717582
0.016045775
0.006247843
0.024055921
0.023060162
0.058328602
0.332425386
0.365435183
0.451342285
0.182218149
0.468661666
0.306109458
0.283439815
0.029208902
0.034524836
0.085363969
0.044386499
0.022766648
0.464532524
0.18926695
0.073563591
0.125567317
0.018208982
0.03291972
0.057360996
0.010297705
0.021299593
0.022630528
0.083627455
0.00440027
0.018930828
0.017580885
0.067444727
0.031488936
0.054404639
0.00874629
0.003806425
0.044005051
0.207144782
0.272569239
0.181580767
0.486683369
0.359897286
0.255084693
0.381909728
0.104613297
0.008006827
0.018185729
0.07927905
0.367939025
0.010110596
0.010996989
0.415332735
0.222680971
0.122199163
0.191628084
0.060581606
0.083037399
0.039949711
0.00924464
0.024984907
0.011909982
0.008316251
0.005750312
0.007852927
0.006675906
0.012335856
0.010047516
0.02551323
0.011967778
0.020855257
0.067343235
0.125997454
0.141289636
0.408747256
0.148979649
0.103860363
0.497608542
0.013332621
0.01228383
0.00964093
0.025822345
0.155339494
0.012806158
0.008887624
0.229406744
0.216071278
0.113581583
0.461047351
0.186588362
0.106165871
0.028156191
0.011200474
0.021201463
0.031071791
0.008426003
0.030626131
0.011420088
0.012389595
0.012999207
0.013899281
0.028474908
0.013796441
0.017628487
0.0151771
0.086262405
0.044890717
0.37832725
0.106581852
0.008392417
0.00964859
0.010493843
0.005075785
0.006274944
0.012572749
0.239331305
0.006669238
0.006319075
0.274525285
0.502483547
0.255759925
0.446032315
0.188960746
0.111161239
0.021496819
0.004978037
0.01460286
0.037288457
0.007559187
0.007964361
0.010030849
0.010948109
0.012954427
0.003435545
0.01129867
0.011433813
0.007456238
0.007554466
0.032892186
0.020872235
0.206670985
0.120734416
0.017545704
0.005948232
0.005238615
0.003315079
0.005435482
0.013802113
0.234694794
0.008274505
0.007133367
0.066926561
0.517577648
0.187406912
0.06996309
0.124535091
0.211651266
0.027443429
0.004968913
0.014509932
0.03568368
0.003903008
0.003323988
0.018141376
0.008230264
0.006830295
0.001798179
0.008675317
0.009463182
0.016534844
0.007428619
0.027772414
0.018871479
0.045943651
0.11434976
0.005706476
0.025928872
0.003527372
0.002782318
0.007010322
0.015193993
0.101373501
0.009127181
0.012059817
0.313067019
0.226481482
0.204296246
0.338959843
0.21701318
0.12942715
0.096442759
0.014632937
0.07582666
0.046128429
0.005759572
0.015987791
0.027533259
0.009660157
0.008675657
0.002586665
0.008560256
0.010404621
0.041155495
0.014008487
0.033598408
0.01366972
0.058083631
0.080751821
0.038670778
0.062065072
0.03375065
0.003981555
0.087098151
0.105878897
0.105631001
0.07570152
0.239281878
0.157912001
0.110233039
0.039954603
0.010643173
0.297073901
0.235230058
0.007711528
0.051019073
0.230868831
0.263808608
0.006688097
0.014015509
0.009215354
0.025064386
0.012014095
0.021580972
0.016605055
0.010434957
0.111103408
0.067142218
0.032972611
0.120144248
0.078617267
0.165839821
0.009450697
0.197710648
0.129279211
0.07863155
0.180421188
0.112375863
0.216145888
0.136468872
0.011523179
0.198884189
0.295596898
0.120615929
0.024551654
0.071594924
0.117952235
0.032278582
0.069556281
0.044060476
0.061369773
0.026763283
0.02747364
0.106738165
0.060556989
0.178735793
0.129627675
0.181796074
0.076941952
0.324935973
0.039449185
0.006193281
0.00987446
0.041049808
0.190097332
0.009963278
0.005503822
0.509092629
0.182511941
0.053722639
0.269923419
0.034740075
0.084879756
0.027295586
0.007322948
0.007473161
0.06876982
0.006681809
0.005737056
0.008972216
0.026021345
0.011823233
0.00689188
0.06328053
0.005710793
0.038636837
0.071336925
0.280619472
0.158551857
0.315854669
0.378840238
0.369668782
0.424909264
0.057960045
0.010386746
0.00876933
0.12019825
0.143580347
0.009562082
0.010483832
0.52671206
0.42466253
0.115285851
0.249508396
0.02748467
0.026763035
0.009595852
0.004282989
0.011789359
0.007141876
0.00328133
0.00590247
0.001868991
0.002535782
0.00585178
0.004308389
0.051969253
0.014305073
0.047462497
0.051368542
0.363748133
0.287529737
0.63678211
0.777701855
0.127308086
0.647284508
0.066716865
0.012121454
0.020332702
0.267607063
0.779563963
0.015629316
0.023976766
0.891563416
0.866355836
0.297251999
0.257625192
0.078229323
0.03933607
0.023336692
0.013287246
0.00757385
0.008809572
0.008891637
0.004001352
0.006108646
0.007511576
0.008729216
0.004667634
0.038119186
0.011839239
0.017808793
0.087622106
0.062661573
0.357752323
0.667082071
0.909001231
0.583067536
0.853612185
0.238281935
0.032931767
0.00892352
0.507443964
0.843648851
0.12662892
0.478155375
0.038209192
0.019289261
0.020589743
0.144791916
0.014146447
0.006465297
0.005488392
0.061757542
0.002061057
0.012515397
0.001368961
0.009040433
0.002789176
0.008679144
0.009943871
0.009304174
0.024151271
0.030164363
0.033739954
0.674239457
0.153217882
0.252750039
0.277681351
0.294193745
0.54162389
0.395560265
0.419311821
0.870182216
0.335563809
0.26965031
0.365182281
0.516137362
0.466217428
0.786993682
0.626884758
0.396974593
0.365182608
0.035883252
0.105190262
0.006362434
0.045296665
0.062105481
0.007276312
0.002119054
0.013555045
0.007633471
0.026236754
0.028073993
0.022156172
0.050451417
0.121209778
0.33373782
0.289640635
0.706069767
0.045688104
0.48817125
0.002857433
0.153897479
0.00231433
0.134353563
0.058615107
0.10876178
0.291544259
0.504567564
0.673875928
0.475376785
0.064783372
0.141755834
0.080761589
0.005788508
0.002555215
0.004285643
0.005695361
0.005395764
0.003700821
0.006305921
0.01054033
0.007768618
0.033754893
0.068302862
0.339624763
0.37250942
0.052144956
0.077060618
0.279121965
0.484830171
0.591920435
0.298651606
0.067081466
0.813769281
0.142274261
0.836703181
0.660694599
0.261054993
0.020089958
0.04641518
0.012906439
0.80248183
0.016338717
0.96018368
0.729679167
0.027086619
0.262213767
0.010702438
0.014914348
0.010153361
0.045908526
0.031989612
0.037189301
0.146813557
0.010012701
0.0074896
0.009644686
0.006009124
0.001761703
0.002030625
0.000287457
0.002022067
0.006304434
0.039714657
0.298009634
0.697142601
0.619617581
0.425440252
0.031181045
0.034087643
0.008252512
0.001584102
0.007452724
0.004182359
0.000432588
0.002255737
0.005080025
0.004191723
0.013269224
0.032444376
0.920530021
0.757352352
0.020149292
0.369904459
0.007787265
0.066624731
0.003173153
0.050033674
0.009689223
0.033334803
0.034415539
0.01113437
0.143981889
0.008947852
0.02124274
0.022750387
0.136199951
0.002323507
0.007739246
0.023299772
0.02522859
0.619114518
0.304375321
0.883261859
0.860885859
0.917005837
0.090395771
0.321473598
0.034149799
0.01447524
0.011408768
0.00599573
0.012509058
0.019778512
0.078032456
0.009801136
0.42587775
0.0165812
0.865928769
0.231531054
0.871945977
0.496044129
0.781039238
0.473683238
0.158171535
0.202181429
0.247001916
0.018968709
0.171592504
0.026587708
0.17470783
0.018275902
0.783373237
0.026978917
0.597762942
0.025123974
0.459439844
0.690762877
0.842820346
0.03402815
0.043162532
0.436467737
0.695345581
0.071429983
0.79023689
0.957064509
0.943776131
0.647374213
0.881329536
0.964883149
0.610575736
0.579009593
0.038789231
0.159036487
0.961478889
0.205518752
0.028802579
0.035348549
0.008063849
0.032328758
0.042085797
0.000987788
0.010193527
0.008839113
0.003547454
0.012158488
0.004741051
0.005404249
0.010326954
0.006889739
0.005727134
0.001252898
0.002237214
0.003490347
0.001689128
0.007798757
0.001121988
0.004838248
0.012806014
0.020378128
0.005217037
0.007653842
0.00441876
0.000781818
0.002643897
0.004980918
0.003234641
0.000721198
0.001218697
0.001400038
0.025740216
0.004252947
0.326568812
0.006134577
0.832989872
0.721102178
0.009777752
0.076064892
0.005079311
0.082472987
0.033540927
0.014616948
0.0628106
0.005314541
0.001724627
0.002780481
0.004283939
0.005640882
0.00095191
0.001487869
0.005721782
0.005708177
0.006275538
0.002622012
0.002492737
0.004311723
0.001118584
0.035506196
0.044476651
0.319066733
0.431774318
0.769508421
0.744523466
0.879225135
0.893556356
0.892196119
0.756938577
0.848946452
0.646080971
0.681674063
0.883377373
0.649537921
0.471829474
0.543033004
0.216567397
0.75961113
0.034271214
0.088765949
0.003222601
0.056971278
0.001470158
0.008098735
0.002571497
0.001290077
0.00204799
0.00358695
0.003527916
0.001631675
0.001388589
0.001236639
0.003515016
0.002006784
0.002070467
0.002475684
0.001158451
0.000861516
0.001229623
0.009145341
0.000924464
0.00164792
0.00532839
0.005851598
0.031188631
0.057818886
0.001374353
0.010597053
0.207628414
0.049704302
0.007078912
0.001074725
0.004318939
0.001312165
0.00383971
0.001223755
0.001401622
0.002392672
0.000646097
0.001573953
0.00151905
0.000970906
8.99791E-05
0.000631973
0.000782394
0.004996594
0.000848487
0.001238516
0.003327323
0.000966671
0.004157533
0.00115197
0.002803736
0.001853055
0.001752251
0.000931029
0.004184451
0.002833718
0.009066614
0.005381736
0.177449763
0.661581874
0.020091202
0.890421391
0.902628422
0.026792863
0.270739436
0.957409203
0.83878231
0.829551101
0.101870544
0.800677478
0.439012289
0.109604761
0.239783973
0.202556178
0.412634611
0.031162808
0.024440406
0.069383256
0.017352534
0.016844993
0.024326194
0.031357899
0.015817204
0.056491062
0.01744166
0.098103516
0.023173463
0.19292289
0.030255567
0.112584896
0.618340254
0.96229893
0.288491011
0.952824175
0.171285912
0.897539616
0.217074186
0.434025556
0.237886369
0.041885033
0.027463673
0.100127652
0.022926813
0.010163017
0.001235842
0.005552155
0.112460576
0.004404724
0.010301652
0.010409758
0.01862774
0.014027454
0.007165445
0.011691918
0.004022367
0.007915158
0.009893457
0.01061754
0.008052075
0.011843602
0.014346845
0.006767032
0.005801531
0.005711158
0.002531366
0.002875575
0.00382809
0.001681834
0.005019378
0.006952214
0.007878905
0.011659185
0.005564294
0.015374355
0.026005644
0.036400501
0.008762551
0.009139877
0.014414485
0.008819349
0.010084416
0.180916905
0.015470748
0.011152836
0.028528327
0.242249787
0.005722572
0.005755567
0.109299019
0.017126109
0.05325646
0.08930774
0.099626437
0.103988588
0.076349489
0.03398433
0.008323253
0.022996968
0.027712015
0.130726025
0.004166678
0.112624779
0.070312828
0.319688231
0.325419277
0.052346244
0.396263391
0.167550266
0.231579289
0.833737016
0.494898677
0.810544491
0.918756485
0.961295843
0.865129709
0.563533247
0.400836617
0.554468215
0.171739906
0.167946085
0.093667187
0.013019767
0.005458788
0.025185291
0.011824453
0.187375307
0.028495811
0.163335726
0.146042377
0.295038968
0.096154317
0.666360915
0.378504306
0.532698691
0.545620203
0.038093634
0.019148959
0.02209281
0.118556723
0.775645733
0.90785557
0.940511465
0.704050064
0.108109243
0.910182297
0.84664768
0.028676568
0.015384356
0.554792821
0.178679064
0.019901663
0.014123549
0.016293915
0.004960357
0.004099715
0.00300428
0.02036022
0.009709939
0.008427724
0.01123623
0.0588862
0.008291982
0.002129806
0.002116419
0.020569511
0.006943946
0.003124601
0.000291511
0.005874527
0.01554624
0.243489936
0.005848948
0.005984929
0.005385019
0.004061474
0.003870385
0.002222592
0.010507999
0.010536202
0.00380001
0.01075358
0.032584447
0.023671756
0.001381223
0.029134898
0.036497414
0.002977008
0.10076303
0.174502432
0.00915579
0.006503121
0.02729919
0.099048316
0.009629504
0.012883216
0.423271596
0.235791609
0.042230006
0.146209463
0.006227758
0.126822114
0.132601276
0.106551386
0.012932434
0.017620064
0.011914236
0.03370551
0.019048102
0.011821796
0.011169169
0.137269497
0.134986565
0.347682238
0.071445353
0.488090605
0.142464414
0.311768353
0.264542073
0.032399502
0.217695668
0.019150062
0.014808103
0.013706724
0.007551075
0.009434364
0.017563902
0.024531297
0.019040354
0.019163826
0.036331028
0.057117283
0.032485079
0.009427833
0.018314788
0.135421157
0.10886398
0.15491952
0.024554281
0.242489159
0.421026736
0.349046767
0.480005234
0.05210441
0.405919403
0.123884574
0.109127767
0.081503026
0.023049416
0.022671567
0.120221309
0.025911922
0.009308777
0.130542055
0.021278786
0.011957649
0.017401509
0.09571059
0.007934998
0.024352429
0.040447559
0.165541589
0.018579625
0.063090317
0.373427629
0.392156333
0.495966762
0.644457459
0.409153461
0.328012437
0.573611677
0.175960481
0.036773805
0.121074893
0.024878709
0.014353927
0.00421993
0.011300416
0.049346328
0.004024641
0.012735886
0.015710771
0.006937554
0.081934258
0.012812599
0.010493517
0.041552976
0.009433866
0.042439722
0.038929269
0.062055111
0.039972298
0.032184135
0.003493496
0.003898365
0.008487876
0.009211067
0.003252131
0.004111356
0.002254312
0.006628441
0.003566747
0.004818843
0.017529173
0.041838769
0.020353373
0.152921692
0.128969923
0.030037435
0.043606386
0.020454267
0.014717588
0.013644335
0.046743546
0.011316954
0.031456899
0.018252475
0.067429118
0.00918269
0.06213937
0.018639984
0.019584373
0.083452776
0.036293343
0.024501076
0.037959199
0.005437145
0.008421374
0.03321673
0.097228251
0.009891515
0.033897918
0.082030617
0.066822223
0.019629106
0.029367434
0.052066449
0.052968305
0.046177913
0.031847239
0.140800834
0.023833463
0.01756159
0.092332184
0.089057602
0.033154465
0.013609918
0.049809705
0.037142709
0.010925702
0.02209576
0.00669632
0.025487559
0.017652987
0.02151187
0.057437159
0.022511574
0.049717531
0.014377626
0.12055064
0.107311614
0.006347725
0.251273274
0.138130039
0.368007779
0.249891385
0.15713349
0.32975176
0.134041935
0.438385308
0.08815255
0.297298014
0.146404415
0.002958803
0.034202054
0.237249091
0.172569022
0.166867062
0.115524232
0.12686047
0.151815474
0.091262169
0.008001715
0.045025207
0.072717592
0.059815958
0.054875322
0.016754638
0.093482196
0.069923654
0.029197101
0.009976678
0.057303749
0.078598805
0.051396571
0.054649238
0.097831264
0.077843249
0.013541419
0.119351804
0.053337369
0.020164451
0.04567904
0.133229047
0.012610555
0.023046453
0.037698936
0.045583867
0.022350939
0.008153248
0.019367563
0.038609486
0.064907558
0.021025619
0.007648075
0.098383658
0.047386438
0.014528224
0.060962047
0.044865634
0.008919574
0.019782366
0.078397833
0.062825672
0.064010955
0.009421067
0.041203361
0.057430215
0.062660843
0.131070495
0.250983775
0.031042326
0.570324659
0.524813831
0.045030359
0.328558534
0.350373238
0.193092108
0.020434877
0.079458788
0.104602911
0.014628751
0.040954318
0.083901346
0.033521459
0.028590381
0.049431138
0.090135463
0.062920317
0.087009229
0.044919029
0.142077476
0.144606844
0.109106891
0.118113078
0.01115891
0.024225622
0.106131919
0.057050332
0.01169862
0.035223629
0.113146998
0.043885015
0.030493369
0.026655598
0.056730583
0.001238483
0.012613517
0.010272552
0.006323868
0.001149713
0.008340116
0.002963716
0.001559612
0.001966877
0.000961338
0.003953251
0.002612035
0.004876942
0.002392477
0.005070429
0.00392016
0.003470748
0.011318619
0.004569101
0.021941397
0.50126034
0.414675355
0.045580678
0.404614866
0.108480915
0.082441919
0.180496931
0.213673413
0.119836479
0.384362787
0.015855404
0.158153996
0.15515174
0.042876981
0.134790495
0.053558525
0.044054594
0.029979357
0.427946627
0.789574444
0.400521755
0.718965173
0.088306561
0.121543452
0.137446225
0.416878819
0.348224759
0.156814039
0.298067838
0.123441465
0.325319141
0.266115934
0.264924705
0.605329752
0.539784491
0.090979241
0.04471067
0.239585027
0.071161337
0.245218933
0.124727696
0.025854018
0.02165658
0.09693782
0.014903626
0.007665697
0.078592002
0.031155633
0.010199018
0.024307087
0.175506175
0.53183639
0.194084123
0.000603403
0.026138492
0.028590813
0.001292394
0.003360969
0.001188741
0.005039206
0.004144799
0.00635651
0.002778139
0.002071432
0.004374234
0.002995746
0.036374174
0.001964996
0.008504597
0.138621941
0.040911403
0.059357125
0.44505161
0.345527411
0.68394196
0.716384768
0.361931562
0.314853877
0.258159667
0.130218625
0.114670157
0.423000127
0.340022504
0.041889042
0.062620863
0.576064467
0.010303423
0.002854944
0.079852544
0.215425879
0.006882855
0.02005855
0.034035292
0.006223908
0.017334193
0.014709181
0.038414128
0.045284085
0.086510256
0.016702935
0.004400608
0.000427888
0.009844078
0.001831848
0.033343896
0.007710693
0.085161321
0.111727074
0.046026196
0.229320779
0.194253311
0.129312381
0.216061458
0.038851947
0.014777298
0.027228707
0.002816997
0.013633872
0.001501979
0.002369819
0.004176512
0.013631596
0.00270492
0.010116975
0.001808841
0.012450117
0.004846592
0.018256022
0.011273841
0.022453761
0.014786636
0.045122996
0.0359326
0.002099439
0.016538559
0.00253758
0.011727743
0.03059148
0.002307115
0.010265671
0.012206925
0.002767022
0.003321972
0.028802529
0.035567157
0.005715758
0.011523227
0.00492767
0.004391066
0.132107347
0.021784864
0.007955267
0.038703397
0.054952431
0.097502723
0.103053689
0.026826451
0.223935217
0.270589173
0.043832459
0.071662731
0.097003743
0.014453664
0.006904884
0.004526186
0.019109124
0.003056725
0.084888726
0.006783298
0.22560671
0.013665226
0.153822571
0.275377214
0.186708122
0.116952293
0.141195238
0.073068529
0.02621787
0.067746565
0.016788354
0.020908615
0.00259164
0.008071304
0.002304166
0.003075364
0.001563085
0.000756045
0.002154212
0.002910483
0.012320418
0.00144933
0.002532821
0.044827137
0.020720843
0.030555591
0.106551267
0.014104998
0.013323456
0.003402921
0.002333206
0.001446938
0.000898816
0.000187086
0.001721425
0.000445062
0.00272904
0.001815835
0.004914401
0.009309586
0.012942373
0.057883263
0.035396285
0.177019969
0.009592598
0.033174094
0.049310379
0.290338486
0.124539129
0.01442124
0.048461799
0.021425284
0.004299237
0.007962255
0.003113723
0.009753829
0.003724894
0.004529212
0.002203246
0.020244621
0.023376513
0.02372629
0.009509573
0.003789768
0.004132153
0.001890201
0.001951409
0.005974898
0.002824103
0.000783789
0.002151755
0.00611204
0.002269194
0.002855279
0.00314884
0.005723826
0.003573948
0.006422255
0.008266608
0.003211652
0.006838507
0.003754076
0.008041046
0.011417343
0.019990176
0.561226428
0.322892189
0.156447932
0.158896282
0.012202246
0.009763764
0.0024506
0.004161847
0.001989069
0.001245357
0.005770218
0.017361203
0.044592712
0.037668813
0.02819363
0.032730043
0.396308243
0.552544773
0.275166303
0.012877912
0.257119
0.105810583
0.013548472
0.01921802
0.009083789
0.001083627
0.008461482
0.008306519
0.006315816
0.032879196
0.029054703
0.049376789
0.083565123
0.031713419
0.014522817
0.035954826
0.007280836
0.030872528
0.002071477
0.00066669
0.001339918
0.002848704
0.003279471
0.002653668
0.015033115
0.004749967
0.027533807
0.122567043
0.013465856
0.003101824
0.002031939
0.004523793
0.004735591
0.001697793
0.002775179
0.004055597
0.001164299
0.004345467
0.007881314
0.008124805
0.000748848
0.00397775
0.002335378
0.031021351
0.004158903
0.015792549
0.037424985
0.304270059
0.33729133
0.333394319
0.232851252
0.017830959
0.141714007
0.007352606
0.003084459
0.005382014
0.003508166
0.002330188
0.048399892
0.017704586
0.005328183
0.009606376
0.009281426
0.007964734
0.008728073
0.036279261
0.013814073
0.014088437
0.03774707
0.044731017
0.036431663
0.046766054
0.517393708
0.144002661
0.428402603
0.338179916
0.094592035
0.045857385
0.131504759
0.040343352
0.054961659
0.042352643
0.032694101
0.096867442
0.16546078
0.354348451
0.118016712
0.061439432
0.038262133
0.005729641
0.035227127
0.086402372
0.355745196
0.488540292
0.074961655
0.342893481
0.611204326
0.786181033
0.675625682
0.867000163
0.447762579
0.564904511
0.350267947
0.407987416
0.120523542
0.024086731
0.395963609
0.012104205
0.050684333
0.003146347
0.002423934
0.001873797
0.002384707
0.009161009
0.009367095
0.012689002
0.032203559
0.004555956
0.070154503
0.022536967
0.239509016
0.061027829
0.478634536
0.038995866
0.044641331
0.123494752
0.20060876
0.502933919
0.124000497
0.077128083
0.167691678
0.082258984
0.03625017
0.060670029
0.010176121
0.013501883
0.048681837
0.019966967
0.061532337
0.022316119
0.042770237
0.182647437
0.05273474
0.042393558
0.011688922
0.00395723
0.009401023
0.009143651
0.017398803
0.06275142
0.016831622
0.014540968
0.004019327
0.007351531
0.08279857
0.011456094
0.017763976
0.009919606
0.082603686
0.020284239
0.008254436
0.045589536
0.115812488
0.023313254
0.011146099
0.003830931
0.001955749
0.002980245
0.001033773
0.004503773
0.007844212
0.011420552
0.01823763
0.013577073
0.001680078
0.002045203
0.004658255
0.025435444
0.231095254
0.103322662
0.60793519
0.802736521
0.80939424
0.626445651
0.263810635
0.026489833
0.231337324
0.267083794
0.513238013
0.005224575
0.005611734
0.005944847
0.007434974
0.016665276
0.005860639
0.005188324
0.002565704
0.011932779
0.006931827
0.004955836
0.011443551
0.009181766
0.013972834
0.010370403
0.033104878
0.003436763
0.022885261
0.002621699
0.001225921
0.001392352
0.001160073
0.003826417
0.002186288
0.004612385
0.003210434
0.005563159
0.004909364
0.002622103
0.01712143
0.019499464
0.029773226
0.011581112
0.019128092
0.012302426
0.010662868
0.006940505
0.027585685
0.018798944
0.059926614
0.006125129
0.028530864
0.011131021
0.054237388
0.179599673
0.008169583
0.028325681
0.055500716
0.002098409
0.002184137
0.009660359
0.003051076
0.000825908
0.002685339
0.004027712
0.002130769
0.002744517
0.010645573
0.017014379
0.006098845
0.007047593
0.005002494
0.007143235
0.001712218
0.011628833
0.014893472
0.017996725
0.015749058
0.018520379
0.03502262
0.051053897
0.04437593
0.265201896
0.425705463
0.490564287
0.214440137
0.684959769
0.851357281
0.84504652
0.964823663
0.453107774
0.894155443
0.562003195
0.09382657
0.884007514
0.276721418
0.142144665
0.204188436
0.145822898
0.054016903
0.003938988
0.017102536
0.015687384
0.005456678
0.022774348
0.054654989
0.027055906
0.004640004
0.04178752
0.09079928
0.061473608
0.014087005
0.050199673
0.462741822
0.56442529
0.085142381
0.466770649
0.165465176
0.031677295
0.050256133
0.361340314
0.112673879
0.026547905
0.028212175
0.150072664
0.022398934
0.022713449
0.081540145
0.009313096
0.037598196
0.099069797
0.034461562
0.008192879
0.036659747
0.016882895
0.004912668
0.001718601
0.020954788
0.006560267
0.001026362
0.00481864
0.001439737
0.014059912
0.01200148
0.001768333
0.089483447
0.012388526
0.130227685
0.366204292
0.35302642
0.090162247
0.755831182
0.72415626
0.04850072
0.335258693
0.302574247
0.095846221
0.356877029
0.19092831
0.096290395
0.195423126
0.027925916
0.267759591
0.010817403
0.008339453
0.001724622
0.004744511
0.001454061
0.009828743
0.008100168
0.003420775
0.000900862
0.004728315
0.000786086
0.00116339
0.005714625
0.002849675
0.000965405
0.001447728
0.005005596
0.002516763
0.002998527
0.007941036
0.003125083
0.003698155
0.003420047
0.009903196
0.001491612
0.005127357
0.009949848
0.021694312
0.001966888
0.008139347
0.015934061
0.018795602
0.004609257
0.019034617
0.070663363
0.02112174
0.427343339
0.629962862
0.015861548
0.142680332
0.160776496
0.028796973
0.005409901
0.105261184
0.248502344
0.040689118
0.029974315
0.023356605
0.042963218
0.017946886
0.020121492
0.005561746
0.011092029
0.001061457
0.007127706
0.021624243
0.063951358
0.02883148
0.69042635
0.75891161
0.804566383
0.388903439
0.106863275
0.041787758
0.264114738
0.008553344
0.013749742
0.003553206
0.001696303
0.001658642
0.002598453
0.002562535
0.015314563
0.00961986
0.008582783
0.013608777
0.005280357
0.007336632
0.005879709
0.001096786
0.001891098
0.0013155
0.004431265
0.007201618
0.009560993
0.026012227
0.070868365
0.018486999
0.224769756
0.090516329
0.408375204
0.814060748
0.246746406
0.092701316
0.292458296
0.289281398
0.177008227
0.02748386
0.021100722
0.015139485
0.012359384
0.006321801
0.002587169
0.017409671
0.003278622
0.003963637
0.017082764
0.010931862
0.002937297
0.009084947
0.027654193
0.025270432
0.742243588
0.396918595
0.633762002
0.755893826
0.248278394
0.656039
0.770321786
0.559544981
0.273386449
0.434883475
0.878470898
0.80328685
0.506832004
0.753875554
0.838989437
0.09866593
0.428029329
0.853249133
0.75989455
0.350322157
0.158479258
0.088695876
0.013754535
0.039920215
0.082435966
0.15141508
0.169453993
0.081619345
0.170925036
0.001357128
0.11169
0.030694326
0.000937034
0.000751106
0.002127842
0.003550416
0.008155786
0.013738767
0.002880877
0.001305172
0.005641732
0.00311461
0.025906295
0.026855258
0.00665991
0.003781173
0.265269369
0.010185692
0.087004624
0.008769019
0.016523728
0.028672829
0.020097634
0.048445728
0.063708991
0.054623462
0.12100298
0.008510876
0.009998899
0.007623587
0.040223971
0.006611192
0.567456245
0.051373668
0.55665344
0.175934985
0.249219179
0.761170447
0.168799028
0.456747681
0.048800673
0.14810802
0.067671359
0.079550184
0.005810713
0.042608105
0.018437482
0.013831468
0.012394567
0.00451176
0.001802115
0.004795868
0.005291915
0.000916769
0.001109523
0.000662352
0.00184249
0.001529338
0.003226883
0.002685792
0.007077062
0.025381029
0.01654277
0.020302014
0.006726678
0.038609888
0.010177029
0.006457078
0.000191259
0.00129849
0.002257048
0.000473622
0.011585928
0.008600077
0.001100641
0.006405651
0.002274586
0.000681843
0.008125531
0.026448315
0.005698478
0.019615369
0.031109303
0.02279683
0.008645399
0.009587422
0.056017254
0.084410094
0.04255553
0.038764767
0.099157952
0.139942497
0.042164452
0.214960665
0.423831463
0.017980138
0.015073138
0.012210081
0.004287917
0.000425585
0.001345513
0.001175475
0.0009108
0.000690191
0.014051189
0.040780559
0.031181293
0.046160754
0.000983313
0.007423568
0.012946307
0.000660541
0.005210705
0.013350316
0.001458491
0.000630914
0.005587771
0.012908754
0.01802266
0.023536704
0.004155304
0.007055455
0.000420877
0.000390366
0.000348787
0.000503376
0.000523773
0.001217791
0.000496449
0.005120028
0.007109001
0.001188277
0.002779229
0.019469496
0.156629726
0.075244956
0.106076308
0.036945712
0.016451748
0.004370643
0.013089442
0.001047225
0.010287714
0.023212042
0.004976777
0.018536655
0.029789897
0.010655577
0.005428652
0.00226401
0.005772037
0.005744012
0.001582328
0.00426694
0.013194791
0.002583804
0.000698841
0.011639778
0.004026989
0.00566675
0.002805702
0.001259833
0.0025052
0.000424013
0.000771819
0.000547732
0.000505525
0.000558222
0.000328153
0.00081019
0.023563035
0.012348702
0.070407346
0.012249703
0.002323535
0.04214764
0.000349488
0.024268216
0.067566872
0.004794163
0.035183996
0.000816188
0.000262613
0.007572729
0.035601452
0.000966873
0.001420327
0.015073299
0.016386822
0.001213698
0.025339236
0.005084167
0.004563469
0.004654266
0.002729128
0.030618247
0.010422178
0.628914535
0.441887766
0.407907784
0.47882548
0.040355083
0.116847731
0.045815967
0.032575332
0.007559671
0.016427815
0.05343264
0.001752018
0.040998708
0.001240873
0.002129018
0.000166996
0.000483983
0.000460075
0.000472653
0.001116696
0.001613734
0.007343553
0.018517731
0.030377187
0.057172373
0.076006196
0.048965588
0.001220622
0.004296657
0.001019749
0.00152367
0.000676064
0.00075098
0.000459847
0.003323088
0.001645248
0.000782557
0.001753305
0.003473481
0.005752946
0.002457264
0.004213234
0.002964508
0.013874245
0.031560522
0.056951568
0.03061673
0.005065349
0.004764206
0.000897647
0.00318701
0.000416386
0.000374839
0.000712224
0.000857722
0.00113673
0.067489944
0.024799878
0.09399318
0.077099338
0.179271132
0.018982042
0.028116142
0.05999637
0.003306901
0.00664429
0.008731667
0.010778535
0.000820929
0.001676601
0.013259524
0.002143137
0.002251142
0.005660279
0.00077268
0.002827658
0.00170877
0.0009456
0.00061663
0.003480327
0.003382373
0.00776512
0.024463592
0.020694116
0.166002974
0.056203149
0.678187609
0.660284281
0.06886974
0.111502953
0.165388495
0.772097409
0.760330081
0.480683088
0.110714458
0.704757929
0.178082511
0.048864853
0.009588998
0.181826636
0.20243825
0.005882859
0.010781444
0.048567917
0.020339547
0.00740647
0.007542335
0.003334081
0.00135777
0.012753735
0.002071083
0.001222679
0.005921894
0.003282883
0.014056607
0.005558087
0.005709431
0.136594862
0.36283347
0.362163574
0.118765503
0.524020374
0.061447382
0.596223474
0.266396344
0.93401885
0.659173608
0.962651312
0.96036458
0.120624803
0.979092479
0.979167581
0.826487958
0.23627831
0.154449433
0.761492848
0.744637609
0.033106342
0.086550541
0.310927659
0.081830658
0.011041284
0.00314307
0.004699206
0.001907467
0.000878805
0.011423216
0.001175443
0.003303909
0.009402916
0.003301807
0.004156082
0.04133508
0.03693432
0.005722162
0.033080686
0.063221812
0.124378033
0.112674944
0.166571811
0.003914217
0.083364151
0.714393079
0.0762389
0.070026986
0.408885926
0.75300771
0.018639451
0.259962082
0.377834052
0.516545773
0.124156043
0.562418342
0.077785611
0.148466304
0.059643693
0.078841679
0.017400336
0.010617255
0.002565584
0.077808224
0.003925597
0.20044136
0.004246496
0.244448096
0.021995451
0.019747432
0.070378929
0.488870561
0.615819871
0.071141355
0.095067352
0.76870352
0.572569191
0.347445905
0.223327175
0.579520166
0.81997174
0.85366261
0.518484771
0.398659378
0.866449237
0.582063556
0.046106994
0.627301216
0.649750948
0.074868046
0.005574721
0.687717617
0.106546186
0.009044923
0.005603666
0.106277652
0.003823695
0.001821506
0.010492981
0.003794987
0.001668575
0.002190963
0.003435764
0.002675603
0.052566994
0.141839728
0.154459417
0.644641697
0.854897201
0.936976194
0.859490812
0.639692128
0.497736424
0.015397317
0.110285453
0.00247019
0.010200424
0.001102036
0.002718434
0.029079121
0.011014922
0.003336967
0.005251077
0.003278219
0.004280943
0.002106841
0.003225073
0.001238587
0.002432942
0.000954023
0.002820217
0.000638514
0.003455459
0.002681456
0.001031624
0.004389933
0.001049465
0.003769576
0.005183345
0.002790396
0.001400741
0.001488937
0.002848761
0.002154888
0.005875983
0.008949124
0.0043654
0.08129029
0.079583831
0.005744919
0.00850679
0.00072339
0.018614214
0.014570702
0.003631279
0.058460861
0.004219641
0.007712901
0.003662663
0.029272145
0.012273246
0.261813939
0.309620231
0.040167343
0.631701291
0.024954174
0.090155281
0.035262492
0.357746542
0.195039093
0.150031939
0.051032536
0.039255045
0.354932904
0.050376091
0.748201072
0.201452002
0.902380466
0.89395678
0.811799765
0.276078463
0.577110112
0.898720503
0.102716051
0.038992729
0.823701859
0.515444338
0.057656124
0.050927702
0.529795468
0.057275925
0.010499985
0.025116034
0.007800573
0.006981558
0.018921454
0.001732441
0.004062745
0.003178337
0.022933133
0.007706677
0.075408757
0.003712854
0.028225807
0.08685486
0.03232618
0.001165261
0.004182947
0.008731464
0.002577309
0.000773549
0.00054306
0.001490596
0.001571542
0.006440253
0.006610118
0.017545637
0.028906029
0.031497397
0.081643119
0.101021618
0.02105302
0.125442669
0.023659866
0.212785527
0.649870932
0.189205587
0.234465331
0.133048415
0.26823771
0.255048454
0.082696095
0.076214485
0.051371273
0.00278361
0.008209608
0.005624123
0.002009053
0.003237531
0.003508911
0.007312425
0.003272455
0.17168656
0.017506212
0.034248371
0.026097188
0.021186715
0.00579308
0.00208398
0.006225173
0.007990349
0.010875714
0.008129886
0.009349568
0.017002882
0.029102145
0.036515787
0.024276057
0.043345932
0.102353439
0.163828239
0.087187745
0.034918129
0.018743483
0.013385177
0.007904947
0.010090925
0.053117558
0.108846262
0.015866598
0.029463531
0.012864644
0.002640704
0.009563309
0.025322672
0.02587289
0.002553709
0.029484101
0.022100879
0.003117971
0.005817455
0.005618214
0.021037601
0.003572296
0.006461631
0.022030801
0.025700942
0.032005742
0.240530193
0.016574839
0.006884256
0.269634455
0.342244357
0.060750812
0.051579852
0.263275325
0.211547494
0.047155868
0.093201898
0.308887005
0.129667059
0.023683991
0.082686782
0.036223333
0.010468069
0.084872
0.209108785
0.085418731
0.608354568
0.870287836
0.843353689
0.95351845
0.747158587
0.718185544
0.950161576
0.902270496
0.161946997
0.854095936
0.868940592
0.394493669
0.955260098
0.608160853
0.182578713
0.890131652
0.549499393
0.529695332
0.682795525
0.236109138
0.131826624
0.381002277
0.151815519
0.506983101
0.541197538
0.229961827
0.656454623
0.567929029
0.235575706
0.158879787
0.071345486
0.016079554
0.018552059
0.027241593
0.004122973
0.007187463
0.048136007
0.009648655
0.005887685
0.009811045
0.004470502
0.00895556
0.018657751
0.011198699
0.003991796
0.003029603
0.024940951
0.005013271
0.014559895
0.023272779
0.014649771
0.0117566
0.080670655
0.023341898
0.111894354
0.033079349
0.080417626
0.099171191
0.031790543
0.040695727
0.077248931
0.036023058
0.071928509
0.028086863
0.035121631
0.008747339
0.129517406
0.264025569
0.009947707
0.052996345
0.082812861
0.053112652
0.009920685
0.006951971
0.020717267
0.009483388
0.003254203
0.001007143
0.003767504
0.010002393
0.006434044
0.004988607
0.004846801
0.044976264
0.026163418
0.029278135
0.044257142
0.051588297
0.514335811
0.466427237
0.829249442
0.56001687
0.915072203
0.918877602
0.637261093
0.815110683
0.293263257
0.884089053
0.888729572
0.765123248
0.607119501
0.645057738
0.566628873
0.578578174
0.179506093
0.197279617
0.104871199
0.140468374
0.403569698
0.069150083
0.181948021
0.133010596
0.139957383
0.392505914
0.471628338
0.322799832
0.057992443
0.01636171
0.317050725
0.303798378
0.021933535
0.267507643
0.13206552
0.062361192
0.293551326
0.662154138
0.095573328
0.059757087
0.78652823
0.753310025
0.026054876
0.076953277
0.75627774
0.043465488
0.014172713
0.632691562
0.425532281
0.020641472
0.020761354
0.455491871
0.011175565
0.003021413
0.337604016
0.139040381
0.004755545
0.004139861
0.090855688
0.004443329
0.000748391
0.019636333
0.022893626
0.003777426
0.002277846
0.002810402
0.017424939
0.011238911
0.003041805
0.001048988
0.000869025
0.001598071
0.000262632
0.000859418
0.000832076
0.000414449
0.004532404
0.004612223
0.001053994
0.001232689
0.000498193
0.001247627
0.005113787
0.002126398
0.001927312
0.003507933
0.006160476
0.020198852
0.087595508
0.022881709
0.002746995
0.0082598
0.00710782
0.002600734
0.00381934
0.025309663
0.002260019
0.13765353
0.133475438
0.006581071
0.029306004
0.552346885
0.043925751
0.033975422
0.595529914
0.738824964
0.088636346
0.486433953
0.900382996
0.652109206
0.020702606
0.944226027
0.799519658
0.130506992
0.676086664
0.888439059
0.541715443
0.61486727
0.785770059
0.029224565
0.147685215
0.02839997
0.057590213
0.020093314
0.004098206
0.038848326
0.027453318
0.001751715
0.036247399
0.008472006
0.002252471
0.017105797
0.010212457
0.001719718
0.005064693
0.007302705
0.006432246
0.001504405
0.00579711
0.002090191
0.00504674
0.001088066
0.008144716
0.00438503
0.000487926
0.001230749
0.001367251
0.001034502
0.000661855
0.000302896
0.001191752
0.00040436
0.001403565
0.001692921
0.000394085
0.001252419
0.000214602
0.000151248
0.000940163
0.001116397
0.000139474
0.000600014
0.001778896
0.000801414
0.003015558
0.001470816
0.001091593
0.028569715
0.013654221
0.00588287
0.03044649
0.017330343
0.107254982
0.036320478
0.011861786
0.011814668
0.003931422
0.001642039
0.015564458
0.003596202
0.038368922
0.010330307
0.01859979
0.002441515
0.000948762
0.001725371
0.001172083
0.003074807
0.000735631
0.002497388
0.002449379
0.001460569
0.002498656
0.006466623
0.000761588
0.001451823
0.004589073
0.002347982
0.002777764
0.001669427
0.00251021
0.00440326
0.003302182
0.003079567
0.001133664
0.001077486
0.001202033
0.003659846
0.021185435
0.01953648
0.00588586
0.004680863
0.00212682
0.001052052
0.00068338
0.001317057
0.001355219
0.000898137
0.001302315
0.000935861
0.000305543
0.000811941
0.002912494
0.001907238
0.004273553
0.002178892
0.00241114
0.004297062
0.001741782
0.001286483
0.00057771
0.007004983
0.010920499
0.02955273
0.431684732
0.081151754
0.042397205
0.064886585
0.091482282
0.03244454
0.021623731
0.087794028
0.054170478
0.182928249
0.018343754
0.051922724
0.022257626
0.020251276
0.009941504
0.022285698
0.012111483
0.015593343
0.012577622
0.055087261
0.101588033
0.354621232
0.240135655
0.598130882
0.799262166
0.360301226
0.075443096
0.194374114
0.252057672
0.072452202
0.015046481
0.074171752
0.195007369
0.06520839
0.078760728
0.019464977
0.005535395
0.038504694
0.010990974
0.005731608
0.014458305
0.041242383
0.161548287
0.426865578
0.234817386
0.148619413
0.367546827
0.248597488
0.081432328
0.061841235
0.062836699
0.046810929
0.006236736
0.044959113
0.0169611
0.003425006
0.001907168
0.003193068
0.012532793
0.002361336
0.002398455
0.007170915
0.018741773
0.004984397
0.015902227
0.027551036
0.087435879
0.066296764
0.055598974
0.117699988
0.006279896
0.003980373
0.014433085
0.001183616
0.046250317
0.004716851
0.009268359
0.002713669
0.005223494
0.001353762
0.000440313
0.002605706
0.001894995
0.002123075
0.001197869
0.006121009
0.005080492
0.002313436
0.016474927
0.008944094
0.012399705
0.020469978
0.043044902
0.039614126
0.015769605
0.096962534
0.047405228
0.031072903
0.053514972
0.037953734
0.053830247
0.044323709
0.069317363
0.007627105
0.03710692
0.059971336
0.035779592
0.039623324
0.047581088
0.070108093
0.042997245
0.071278356
0.020572282
0.102848396
0.100429736
0.131404445
0.221913427
0.145146102
0.622012794
0.128632978
0.318162024
0.306756914
0.49005416
0.67109412
0.290976465
0.219923288
0.349716663
0.125618145
0.470648289
0.074582294
0.157437414
0.089446113
0.079519741
0.174199358
0.024641693
0.070033677
0.122242257
0.137575448
0.01090529
0.117518321
0.099692859
0.020635761
0.032741595
0.080392182
0.03057898
0.126739785
0.043713678
0.04160146
0.047927722
0.040847082
0.016250964
0.050760027
0.051607512
0.148594588
0.328200698
0.029531479
0.490374029
0.297439814
0.822794914
0.301790297
0.233844593
0.605271697
0.554088771
0.251339436
0.362798184
0.270607352
0.129516706
0.020413272
0.152682573
0.066501401
0.053035237
0.082117394
0.040468585
0.0362246
0.026398707
0.051847368
0.045120765
0.006968143
0.071886636
0.039585482
0.029651947
0.026560159
0.030119741
0.029367365
0.010998425
0.026848998
0.001138705
0.003194743
0.000687489
0.000868915
0.000209753
0.000236053
0.000193221
0.000330911
0.001531614
0.000227304
0.000214876
0.000406982
0.001599086
0.000659163
0.000370188
0.007422286
0.003971714
0.00108245
0.000299693
0.012773857
0.004314934
0.000680857
0.001005408
0.012265457
0.001104675
0.00477341
0.001535158
0.000578031
0.000594867
0.00120995
0.000912844
0.001395183
0.002198506
0.014008434
0.017573681
0.038086683
0.017868325
0.296092659
0.030452965
0.378739506
0.100731075
0.002405734
0.012905169
0.018548915
0.032301284
0.005942308
0.003356264
0.022030199
0.006617988
0.000980225
0.002154097
0.001625482
0.002349705
0.000556326
0.00593439
0.004285462
0.002532924
0.001327427
0.000413289
0.000572604
0.000512723
0.001275315
0.000737074
0.001364458
0.040722311
0.004056676
0.000453762
0.006325915
0.00781577
0.001001264
0.000647255
0.007312508
0.032141443
0.014331398
0.002621897
0.014813217
0.007038965
0.004208418
0.004183388
0.000604711
0.000725769
0.000432516
0.003260747
0.005195822
0.003196267
0.001842234
0.00016118
0.000486643
0.001287998
0.002917977
0.001847485
0.000269839
0.000185617
0.000441751
0.000294763
0.000322971
0.000619676
0.000276166
0.003320709
0.038193043
0.002698394
0.000181306
0.000948098
0.000344768
0.00048941
0.003247204
0.000830094
0.000323442
0.000304799
0.00103919
0.000551181
0.00051583
0.001319839
0.000660672
0.002135318
0.004352446
0.016664118
0.005637042
0.015484882
0.02483033
0.011097412
0.002020402
0.006129256
0.000982356
0.000957259
0.001949958
0.000882983
0.005524704
0.001131734
0.000507984
0.001659004
0.001800254
0.000921814
0.002242369
0.000781609
0.003837151
0.001207974
0.00062715
0.001005764
0.003004497
0.007226918
0.00377651
0.013337623
0.030094838
0.016330879
0.030563593
0.736172378
0.085655205
0.707127929
0.031672664
0.067251667
0.098741688
0.008973327
0.017246228
0.013085728
0.007050965
0.00087799
0.005465764
0.008031409
0.001149902
0.001237685
0.000268458
0.001195988
0.005789511
0.012901678
0.01295061
0.085216463
0.056877792
0.345964372
0.250798017
0.058344528
0.774859786
0.79142195
0.196248159
0.553617477
0.044262387
0.206094131
0.011553433
0.61616987
0.037361085
0.255946785
0.194639087
0.594681501
0.10922727
0.051921289
0.057004407
0.02390928
0.063900769
0.006826131
0.001885997
0.007331247
0.001746309
0.002241641
0.022355482
0.004632967
0.003906407
0.010134046
0.005356722
0.011874479
0.013764907
0.003241527
0.008259711
0.026475972
0.007738031
0.016172968
0.178689718
0.023649395
0.009947017
0.023525549
0.151670977
0.546933949
0.067538701
0.506914437
0.318969518
0.071466736
0.085582614
0.253586441
0.016997958
0.011175744
0.011867097
0.121885292
0.008875825
0.002547741
0.060377993
0.010948914
0.000725138
0.002694878
0.003909682
0.003850312
0.005244408
0.001411589
0.016328681
0.007589981
0.010266155
0.000715425
0.006977837
0.003131715
0.011425322
0.001588013
0.003748842
0.003378092
0.003573291
0.023914462
0.012283904
0.01773129
0.004520608
0.084739119
0.02847279
0.054314315
0.054432109
0.139322668
0.135964438
0.017984206
0.109241836
0.037330214
0.002170882
0.230294064
0.083393939
0.00606533
0.044988696
0.090208963
0.006711625
0.008261758
0.009699422
0.016617402
0.008286197
0.010756254
0.001601246
0.003733013
0.0008168
0.0162322
0.010648029
0.012885843
0.007269842
0.016911432
0.004301196
0.003798506
0.00299668
0.007545973
0.007959622
0.005808769
0.008459587
0.014338727
0.025802268
0.017718263
0.011888733
0.016936788
0.002541733
0.002887018
0.006966866
0.011213145
0.018282052
0.002265824
0.018359268
0.023768863
0.004182558
0.045326605
0.020905623
0.028790571
0.024969615
0.054858815
0.037528083
0.048018523
0.023774749
0.033670846
0.056684736
0.018407604
0.003781811
0.030090433
0.002705897
0.002412859
0.008861641
0.001600347
0.00546103
0.027255623
0.017885799
0.010927
0.030306092
0.009968518
0.200634688
0.11433541
0.066570491
0.019016987
0.096217923
0.159199134
0.033350181
0.028236967
0.467313588
0.029431727
0.042177454
0.133090317
0.331513524
0.051819641
0.081249364
0.242087007
0.141134918
0.133090883
0.023224233
0.041245997
0.101316027
0.110212229
0.255647719
0.098915987
0.080917597
0.037141815
0.09986221
0.079892032
0.210476488
0.114996493
0.094781525
0.084190018
0.132020429
0.067683831
0.0763954
0.225363135
0.241229877
0.11685168
0.325540453
0.437015086
0.563614011
0.360475689
0.232531279
0.256550461
0.214541718
0.098160125
0.092665881
0.042158943
0.075347476
0.149141937
0.055356037
0.223133609
0.279517055
0.049761858
0.128128335
0.185001194
0.102846906
0.132614851
0.302979976
0.172838643
0.381339967
0.065115146
0.103255466
0.025654545
0.031860143
0.236588433
0.016289499
0.054040037
0.159188956
0.027614154
0.022572931
0.029898509
0.025956936
0.040489551
0.046328478
0.102679804
0.042135932
0.110115215
0.072395049
0.070923127
0.013314029
0.058742706
0.1086867
0.167579457
0.168795973
0.196987286
0.201517507
0.48210457
0.190804288
0.067115091
0.15503493
0.095023029
0.09003444
0.068551682
0.076634832
0.06015636
0.08257293
0.183400154
0.191082463
0.107026011
0.028892428
0.04018347
0.01093775
0.019961296
0.015282054
0.015376817
0.008289497
0.006345921
0.00761523
0.018756568
0.027546257
0.042236295
0.015378909
0.010622781
0.045129351
0.012864329
0.01720902
0.190435842
0.140460491
0.020278035
0.397525251
0.118931532
0.111827612
0.008057474
0.071462646
0.047006257
0.052726049
0.048454084
0.10537868
0.025467297
0.031819921
0.013570508
0.010881374
0.008584836
0.007294344
0.018003661
0.013715475
0.038148135
0.013220856
0.022685312
0.068417221
0.182773039
0.032274123
0.095755868
0.206640989
0.173672423
0.048891559
0.024055982
0.056277942
0.214651078
0.04032816
0.091017179
0.067805193
0.033693444
0.033918574
0.055150997
0.033173636
0.021234177
0.021178346
0.050167058
0.017897068
0.102933027
0.060728952
0.034066264
0.082710959
0.063536882
0.10729558
0.087891981
0.028570646
0.011748004
0.028941194
0.005821311
0.003747957
0.01050502
0.039269023
0.011740118
0.028936621
0.051701799
0.166198701
0.045479245
0.12580663
0.14352715
0.090392381
0.090388708
0.01711129
0.077285066
0.055251993
0.022783063
0.04260461
0.099223249
0.024559457
0.135983393
0.11514993
0.08882045
0.242082641
0.010470426
0.149231181
0.021566479
0.069371991
0.053894233
0.026412442
0.019022025
0.024802964
0.018556744
0.043055464
0.036566719
0.039004333
0.025115578
0.032574881
0.031446695
0.021463806
0.06357801
0.078593433
0.016688468
0.055502634
0.031302027
0.075605012
0.210253999
0.128040344
0.086603865
0.0507458
0.016959336
0.161557689
0.046475913
0.050805666
0.030372407
0.029040899
0.071055271
0.03754054
0.162019789
0.255610824
0.252783298
0.197761416
0.248159707
0.645958722
0.474883348
0.705683053
0.860121787
0.735801041
0.945495784
0.951684177
0.947729766
0.958689392
0.89354825
0.929765642
0.96906662
0.941960871
0.894416988
0.856319189
0.868321359
0.704256535
0.747612774
0.796022236
0.662661612
0.815200567
0.825805962
0.603611887
0.808700144
0.816411197
0.402315348
0.585081875
0.601853371
0.710301876
0.828100145
0.788834631
0.915524423
0.612378061
0.636318147
0.319257379
0.026385451
0.023948405
0.024094926
0.032673307
0.013137916
0.020983148
0.007066635
0.019198779
0.033667061
0.025159795
0.021029443
0.056534451
0.109216996
0.059635255
0.027748398
0.056668714
0.013033721
0.004374105
0.0101093
0.008221718
0.025659915
0.006197288
0.016612377
0.014183056
0.003287348
0.007403939
0.01154758
0.004869607
0.001919031
0.010021345
0.00597572
0.001898181
0.002367273
0.010618673
0.004677847
0.002698657
0.01150848
0.061207689
0.035640378
0.00224451
0.001210017
0.000466627
0.000318542
0.001364894
0.00225291
0.00230871
0.024153993
0.004832303
0.007735498
0.011598099
0.036264572
0.004906195
0.009815507
0.008346885
0.043335699
0.026130725
0.011078235
0.205484495
0.005653568
0.009056077
0.04699422
0.018465057
0.008421988
0.002515819
0.016282456
0.014673414
0.024227984
0.019561352
0.011721958
0.029749865
0.030037686
0.010518972
0.009502426
0.025645519
0.029404193
0.038189877
0.007384649
0.013221584
0.024701837
0.036211632
0.022013599
0.030018659
0.030546177
0.012880694
0.038714569
0.066667892
0.056307528
0.038141597
0.026484927
0.058879286
0.081865959
0.078056574
0.041009545
0.106585726
0.111147635
0.020781057
0.065797247
0.044987202
0.023192285
0.005624947
0.068824865
0.063855067
0.024832228
0.003481501
0.005198457
0.000978986
0.002565622
0.002120266
0.003733339
0.019053992
0.060581397
0.016530804
0.037820671
0.083226666
0.012158093
0.021410825
0.013066824
0.003609167
0.070922121
0.046693407
0.072220787
0.058483452
0.099563718
0.069293328
0.090953745
0.088695742
0.070828266
0.206179202
0.096783847
0.08970055
0.033910941
0.230459481
0.050091453
0.13209416
0.05056243
0.103921808
0.042629626
0.103151746
0.020066945
0.212031782
0.178822815
0.012230141
0.016575603
0.010107815
0.046363138
0.015904937
0.018644337
0.023370406
0.053380724
0.006002959
0.028175592
0.101241291
0.077171199
0.006304485
0.020838862
0.355889946
0.013693109
0.006512776
0.026234711
0.097414754
0.008770336
0.068973325
0.002721988
0.004306683
0.003833988
0.00346952
0.002616128
0.001740364
0.001755436
0.002731021
0.005775738
0.005862058
0.012007543
0.011405972
0.03026907
0.003887341
0.01904811
0.004860599
0.002915883
0.002441636
0.002333621
0.001736278
0.001198816
0.001501307
0.003477469
0.000251262
0.000545481
0.000426962
0.000939534
0.000258609
0.001323633
0.001483097
0.001857108
0.000873911
0.008728469
0.007126663
0.05387396
0.048437484
0.007670345
0.039674487
0.028689174
0.087677516
0.127143919
0.003434807
0.412556797
0.132099539
0.283661783
0.69313556
0.79473865
0.350405306
0.348910898
0.06122398
0.083681755
0.007048724
0.002136323
0.00232759
0.000484334
0.026808493
0.001163547
0.295672983
0.006258282
0.026881527
0.001451375
0.010491254
0.005476734
0.021387538
0.281067342
0.006848907
0.204065084
0.095056824
0.014341149
0.21173802
0.003056773
0.07292448
0.00191453
0.000915561
0.001400308
0.00049031
0.001703673
0.000229817
0.000408577
0.001047857
0.002166977
0.000397206
0.001000132
0.000241322
0.000642253
0.000329507
0.001766096
0.00446681
0.005724821
0.389046639
0.720017731
0.377231807
0.635465384
0.042899776
0.036493029
0.178611711
0.121517137
0.006578525
0.006025654
0.015421019
0.063991047
0.001836906
0.018307557
0.006113268
0.022632131
0.003182453
0.003671643
0.009678261
0.022473127
0.00371673
0.01260295
0.022895232
0.059352346
0.004896311
0.067780592
0.023406142
0.434584707
0.225095287
0.035189632
0.058561612
0.00108535
0.005727781
0.000309862
0.000189844
0.003480337
0.000312998
0.000920388
0.000172007
0.001014442
0.001411851
0.006735374
0.002424005
0.007411976
0.002060704
0.000952223
0.004277294
0.001257515
0.004529887
0.006318896
0.011499897
0.027400643
0.011383406
0.002441142
0.014375166
0.006501503
0.002467154
0.004707427
0.00246136
0.007150049
0.005050784
0.00062485
0.01344441
0.00816257
0.030550044
0.039599214
0.026080819
0.004261683
0.06875889
0.03043252
0.010006993
0.002778209
0.001327983
0.001870159
0.014077142
0.004520713
0.004487338
0.003101458
0.001675487
0.00226292
0.000227436
0.001485652
0.000256509
0.000276143
0.000218238
0.000550642
0.00123282
0.000881555
0.000498472
0.000940204
0.003123916
0.0040886
0.003964352
0.054003954
0.107836589
0.243140131
0.48104313
0.754321516
0.804264009
0.953599513
0.932528615
0.871615708
0.962230265
0.934431016
0.893156111
0.862440288
0.677832246
0.551701367
0.012835937
0.154773518
0.00094052
0.121386498
0.366135091
0.022002397
0.000611075
0.001273121
0.000171065
0.000730233
0.000357565
0.008192201
0.001139208
0.005188851
0.03568482
0.008249019
0.009733995
0.004677301
0.002722748
0.003019455
0.000653416
0.001846057
8.08791E-05
0.002995897
0.000599483
0.011371017
0.008653491
0.001296333
0.004493817
0.005104615
0.00314872
0.045706403
0.053216677
0.008185835
0.03188283
0.055960208
0.055636384
0.060709488
0.033988472
0.010902235
0.056482919
0.117869973
0.101112433
0.102378197
0.240580201
0.164342716
0.101101428
0.098017752
0.012921543
0.007326749
0.26125294
0.193479449
0.132341579
0.254998773
0.035647828
0.273540497
0.020329436
0.085858792
0.166623473
0.028591607
0.049295507
0.050422445
0.037344113
0.043522246
0.076875977
0.051736392
0.033714488
0.050222881
0.037578963
0.181928262
0.033603422
0.037573494
0.097833551
0.111059718
0.301788926
0.182743594
0.326130003
0.295306355
0.185515553
0.0732724
0.108528487
0.183338553
0.075571083
0.044348218
0.032087106
0.074544437
0.033677068
0.050983302
0.020910786
0.114001639
0.108017467
0.077312201
0.016399525
0.084211178
0.028019192
0.071764342
0.023971695
0.021442182
0.021939836
0.024382925
0.09137015
0.029372381
0.073910944
0.007398285
0.10019175
0.049525306
0.157627717
0.044517118
0.017571935
0.00466015
0.062728129
0.011303688
0.029533548
0.006709641
0.066611849
0.063789487
0.027245473
0.054997802
0.054800186
0.123125106
0.027816834
0.117732652
0.024317844
0.046045337
0.166035607
0.065136179
0.090958104
0.018492494
0.040063493
0.020216905
0.122582905
0.039793611
0.072070755
0.020074083
0.071359955
0.05988051
0.169115007
0.050568711
0.18315196
0.109046511
0.005028342
0.191060647
0.015940763
0.145212814
0.021627912
0.102217227
0.033399552
0.117237769
0.041910078
0.040602949
0.059301555
0.005608967
0.070657164
0.015178453
0.012261703
0.024943525
0.033996932
0.006310489
0.062452398
0.008309693
0.027212741
0.002116608
0.038615081
0.007450083
0.113140121
0.00825558
0.018179569
0.052993838
0.0505898
0.010331741
0.020858355
0.06032867
0.033100318
0.024066417
0.087669931
0.004601685
0.014443745
0.049407683
0.026721943
0.0275566
0.041766141
0.004457765
0.021309476
0.015820203
0.016000489
0.023001736
0.046816606
0.043624695
0.047365095
0.066791035
0.019165279
0.009171767
0.022096235
0.00467513
0.041800544
0.004920598
0.029417399
0.015481371
0.003736096
0.019683074
0.033748697
0.020654209
0.006078225
0.035108548
0.003566177
0.028786626
0.003719153
0.01345159
0.001399889
0.012072925
0.004647061
0.029706972
0.018051974
0.049625438
0.133951977
0.079437323
0.057787109
0.140961349
0.052331317
0.053430069
0.055742621
0.026516519
0.039224342
0.003950533
0.031193119
0.008703263
0.065766908
0.113595195
0.628962755
0.085858829
0.823377371
0.931214035
0.030253552
0.77903229
0.88113147
0.064617768
0.042947277
0.379802316
0.782058895
0.013035291
0.03825447
0.485849857
0.138021886
0.014660796
0.034442671
0.472087234
0.022233674
0.01965371
0.050481062
0.313742042
0.006312295
0.016399816
0.002471936
0.005891999
0.002251843
0.005889354
0.012416323
0.010373291
0.031896532
0.0128414
0.012030651
0.013532657
0.051207107
0.076451972
0.016206976
0.161985651
0.063539624
0.105294421
0.155473739
0.012491829
0.050430506
0.063288428
0.022334479
0.054402947
0.15743421
0.062795267
0.020806253
0.208017215
0.237230226
0.012063203
0.030084867
0.464979112
0.374167114
0.052530877
0.0378258
0.817834258
0.210812524
0.018829077
0.440168589
0.818195641
0.364178807
0.035314061
0.506967247
0.646555603
0.243583143
0.134237885
0.869398534
0.597059429
0.052692797
0.672850847
0.795190692
0.279524267
0.511857092
0.239375278
0.166364625
0.164846718
0.383424073
0.286615103
0.151180744
0.314196974
0.051441316
0.058689602
0.12481758
0.154207066
0.015119491
0.029494444
0.028430859
0.023964645
0.007778217
0.019362172
0.023451604
0.012465703
0.004434948
0.010148311
0.010156658
0.01424561
0.011054537
0.01175336
0.004316585
0.006201918
0.018249718
0.01746138
0.072588153
0.035389014
0.013449207
0.067359671
0.059294559
0.025090791
0.015789036
0.043113064
0.003398837
0.002053512
0.005193845
0.013508923
0.040140089
0.033617675
0.010918577
0.005479641
0.003591527
0.019401921
0.011189848
0.033141397
0.068642519
0.005831489
0.014695215
0.002502333
0.004606674
0.003080901
0.00342171
0.002845846
0.001084312
0.002788396
0.001455182
0.001192278
0.002353641
0.004943748
0.00335447
0.004467616
0.004059995
0.000804166
0.015177256
0.009744374
0.003785875
0.006761609
0.018884631
0.0384528
0.644752145
0.285341084
0.059062045
0.041411161
0.664950848
0.061808363
0.340408534
0.9336164
0.912175536
0.66930902
0.502304554
0.012693129
0.090682119
0.007694387
0.014133247
0.247809932
0.762063801
0.505130529
0.864231884
0.928346336
0.970598698
0.845305085
0.84439677
0.255585134
0.058136426
0.045770306
0.00511388
0.008292598
0.002437383
0.011898512
0.178823635
0.082739167
0.005853198
0.002803206
0.002493818
0.034172069
0.003845431
0.000828876
0.001766375
0.048713349
0.01058294
0.009186546
0.148415923
0.151017129
0.827388465
0.138256669
0.123856798
0.671012461
0.444680035
0.77823627
0.858161688
0.969442606
0.918970585
0.94776839
0.284056336
0.328486621
0.005715216
0.447286993
0.064665049
0.153320104
0.696090639
0.85509181
0.767169714
0.748679459
0.828035831
0.797006547
0.877132714
0.823539972
0.957606494
0.787037373
0.881046236
0.831542373
0.626080215
0.788376629
0.477912337
0.387104481
0.1825234
0.419657648
0.273527414
0.076021627
0.798447549
0.024526225
0.020389216
0.000811928
0.003273096
0.026133092
0.005700021
0.000794648
0.002099784
0.007074657
0.002487697
0.001875328
0.002899945
0.010951893
0.002880843
0.004414393
0.003160509
0.007900165
0.00024934
0.185718149
0.201977327
0.00746076
0.092801563
0.086286403
0.009200359
0.08440534
0.061085586
0.117249392
0.034374844
0.030155946
0.011844584
0.009178664
0.008231153
0.019183394
0.015755786
0.01081274
0.094231389
0.035854954
0.025617681
0.123010837
0.219360024
0.149582028
0.053420711
0.276893914
0.063196525
0.864903569
0.610600829
0.845151365
0.577432334
0.947598696
0.710095406
0.216928154
0.270490259
0.16683881
0.071658082
0.007621383
0.032291349
0.006804357
0.002889231
0.003975184
0.016937623
0.007620445
0.007120842
0.019608887
0.014627273
0.002141626
0.009005382
0.013665482
0.024890833
0.149102718
0.088594049
0.134002969
0.540690601
0.622505069
0.604658425
0.216697201
0.33366251
0.149927229
0.03326828
0.011090026
0.034429755
0.020959064
0.006739031
0.001124872
0.029506881
0.006244803
0.005029779
0.004848096
0.000837288
0.000510213
0.000906295
0.000557949
0.002896839
0.002127355
0.013511561
0.029017985
0.116188072
0.098262198
0.12352185
0.158057794
0.024542533
0.05429874
0.096519805
0.143085644
0.039821267
0.066018224
0.352797896
0.019159982
0.074973069
0.022767697
0.037048604
0.019352594
0.019322071
0.019350687
0.014915748
0.014058135
0.031566698
0.002016151
0.009359034
0.055991657
0.072074592
0.024785386
0.016375221
0.014679606
0.033665493
0.047641397
0.001211151
0.002972787
0.031061482
0.017790353
0.001697223
0.005885028
0.005753254
0.000357073
0.001414918
0.006588454
0.000253924
0.003121099
0.000711665
0.014550476
0.002889196
0.005757939
0.002908558
0.001070133
0.004797846
0.001105787
0.00339979
0.001403766
0.015980531
0.001358926
0.001908211
0.002673684
0.00129259
0.001050057
0.001260592
0.002888688
0.000286391
0.000580896
0.000704381
0.000387983
0.000377379
0.00039241
0.000452539
0.000156833
0.001260394
0.000684129
0.000354228
0.000475431
0.00036071
0.000390419
0.00162031
0.001783777
0.001587771
0.003000959
0.002660977
0.024815314
0.085952848
0.002313852
0.004205967
0.00219643
0.000937852
0.000890651
0.00791697
0.011989431
0.004815947
0.028758589
0.010703206
0.010185818
0.047178224
0.009154506
0.009380507
0.001485929
0.001974373
0.000957924
0.001093815
0.002411566
0.000996856
0.000635179
0.001939032
0.001040297
0.000434123
0.000236922
0.002377812
0.002689612
0.002357805
0.005605171
0.007087148
0.006630897
0.001943027
0.007088672
0.007087752
0.090066493
0.008305054
0.014160672
0.002737946
0.015681289
0.008408297
0.003360278
0.037193723
0.008718461
0.003768492
0.003319748
0.029173646
0.015305148
0.004265104
0.00245081
0.006508656
0.007700448
0.020016795
0.031448085
0.012930511
0.016915048
0.088242859
0.013077103
0.259415627
0.776515722
0.743560255
0.031892311
0.414881229
0.085264899
0.844079673
0.271221697
0.035887882
0.15066357
0.020709105
0.092747182
0.025752531
0.060897525
0.036405373
0.001082489
0.013274887
0.003603348
0.002663498
0.015209219
0.008194108
0.003054406
0.03926871
0.012461554
0.004936446
0.007221832
0.04855226
0.098533444
0.01676009
0.068165645
0.225424275
0.265085399
0.079623535
0.06387841
0.3045443
0.237936214
0.009271477
0.002560099
0.006079015
0.001993604
0.002890697
0.000379177
0.007182191
0.011412962
0.024536489
0.006093385
0.002142182
0.000851556
0.007878287
0.006951961
0.003431622
0.001473495
0.00407483
0.004913494
0.002010125
0.010339389
0.005752087
0.00775758
0.024333553
0.004656414
0.013198516
0.000544869
0.014658682
0.002672526
0.005843093
0.002742346
0.025696719
0.012690401
0.0230878
0.01074195
0.024364611
0.033284802
0.005578117
0.049869742
0.043657117
0.02220933
0.008284586
0.048924789
0.033182293
0.015678434
0.013914426
0.041103072
0.01818032
0.046072271
0.034978341
0.026721507
0.003417068
0.029749947
0.003160239
0.00299101
0.000592193
0.000945111
0.003236203
0.023147453
0.04675385
0.064198598
0.002066403
0.038739357
0.074019544
0.013007358
0.065230727
0.014832222
0.143747941
0.054286595
0.027950458
0.148083001
0.024246713
0.009334052
0.004402443
0.004116917
0.00314793
0.001817669
0.000843626
0.001164748
0.01715132
0.005754582
0.002452916
0.006420053
0.00784485
0.008876991
0.037867069
0.019306863
0.007846469
0.003860228
0.018369475
0.063585177
0.004810608
0.047306888
0.456612229
0.313061208
0.818511784
0.500602245
0.660148263
0.033067785
0.091002807
0.00467122
0.00861921
0.00208505
0.003907211
0.00749145
0.006680651
0.007486177
0.00550895
0.00095462
0.000578319
0.004791562
0.005424828
0.003042077
0.002673448
0.004096066
0.005412234
0.004348546
0.001825514
0.00367731
0.005523905
0.004860052
0.003330943
0.005205642
0.001304464
0.004116904
0.003771138
0.002218386
0.00207902
0.01594175
0.013029997
0.001631044
0.026866725
0.036267009
0.089064665
0.129559398
0.055054046
0.09642759
0.011771667
0.1258903
0.111024827
0.01805285
0.005873363
0.026039019
0.042779997
0.012097547
0.020906176
0.022733059
0.124296419
0.198374376
0.48189652
0.475614816
0.5240255
0.295826435
0.293363065
0.446932018
0.068528026
0.405728161
0.615366697
0.753407836
0.444251388
0.691902101
0.111259848
0.073128238
0.03182175
0.045344952
0.012831896
0.17942135
0.265262157
0.121500708
0.080516927
0.159747526
0.219891816
0.230423778
0.26771149
0.228390262
0.196931243
0.068238415
0.036736786
0.007217776
0.058477808
0.05600699
0.011147814
0.01644142
0.037522782
0.025976744
0.006308967
0.044024289
0.046491671
0.06561631
0.063959278
0.03933762
0.086754128
0.189030409
0.037807755
0.203080475
0.325477928
0.441762269
0.323240131
0.038830604
0.078404069
0.09721826
0.018814705
0.032763213
0.158570439
0.077719398
0.05426342
0.110324077
0.268552899
0.00777242
0.213349119
0.064988531
0.060636397
0.070940368
0.030283034
0.034745593
0.048443343
0.059500344
0.063002281
0.009070921
0.144375816
0.229152739
0.303456038
0.258892715
0.421820134
0.1356989
0.075116955
0.083492644
0.247202471
0.363032937
0.049104176
0.077897504
0.404119432
0.15667063
0.029755684
0.419447929
0.162766501
0.090838514
0.098780654
0.069301471
0.009468948
0.107627392
0.343324393
0.134681121
0.34649685
0.218667582
0.187246412
0.124452025
0.138562888
0.307441741
0.359738767
0.305823296
0.176748127
0.285522133
0.166517884
0.169917241
0.032284528
0.065281615
0.061666053
0.093296207
0.195698693
0.067264743
0.01384768
0.034604315
0.016238842
0.005395473
0.04828408
0.030994136
0.018202314
0.054141805
0.085743956
0.027280526
0.015721556
0.163435563
0.102261148
0.212693185
0.195144683
0.088108599
0.164029524
0.111672528
0.204909459
0.105336562
0.163709015
0.264700592
0.281628639
0.268199295
0.297661334
0.231132597
0.215768591
0.1053802
0.197915122
0.104609631
0.12625514
0.21703209
0.13693887
0.085447811
0.218409553
0.23996225
0.290455967
0.140400842
0.109670155
0.226631179
0.182986364
0.031748842
0.559357643
0.078796081
0.03460018
0.029534144
0.152146161
0.092464499
0.031571832
0.016881809
0.057638109
0.016369862
0.006625943
0.003252276
0.033781663
0.039022651
0.039287329
0.035583161
0.056242209
0.080103233
0.024330478
0.042243525
0.049875438
0.009551506
0.092134714
0.778902471
0.47658366
0.633730888
0.288889825
0.156866059
0.611068606
0.76075989
0.072346821
0.037510797
0.453345448
0.111977488
0.009277278
0.087262824
0.033942267
0.058923714
0.048914891
0.131827712
0.097476505
0.020584287
0.148273394
0.278874338
0.483896554
0.614820957
0.134145245
0.059624385
0.030227143
0.039533384
0.019166784
0.053059638
0.025071716
0.028882138
0.036315955
0.033462077
0.004555236
0.011548065
0.016119799
0.017709395
0.069227986
0.008484124
0.028739003
0.014038208
0.018279808
0.014865303
0.02179327
0.039645217
0.023949984
0.079383574
0.080804996
0.175025553
0.063761123
0.048948124
0.102432743
0.041709621
0.013243568
0.027222369
0.004547156
0.003431169
0.011587002
0.01354804
0.016030816
0.035977688
0.018016553
0.013964216
0.001322074
0.007076184
0.015198125
0.010583593
0.002734206
0.007903608
0.015574995
0.027578063
0.00714385
0.007843924
0.023117943
0.006894253
0.019373998
0.037770629
0.083521187
0.27814883
0.193440825
0.430526167
0.018237062
0.0334916
0.304063827
0.097312227
0.133954704
0.498354673
0.034175739
0.828452528
0.65423882
0.177332461
0.133219689
0.038885653
0.058528945
0.153393507
0.065608695
0.072049409
0.393519104
0.072280332
0.047265474
0.023517435
0.120739184
0.190567166
0.014083039
0.033127036
0.007142512
0.063136883
0.189443126
0.048565842
0.118631192
0.219274744
0.28581053
0.620487094
0.208284542
0.376247913
0.458932817
0.237635255
0.075126953
0.002220427
0.009798379
0.008706815
0.018950969
0.04981336
0.008315196
0.007174246
0.004918749
0.002627989
0.003442469
0.010012446
0.022891153
0.031249106
0.152451336
0.319129616
0.868810594
0.673071146
0.411391318
0.276030272
0.045675255
0.017331593
0.015933119
0.00286747
0.00554847
0.004989153
0.01078708
0.01397043
0.007141024
0.008402704
0.005302569
0.001823086
0.000799153
0.001634485
0.002454708
0.003239783
0.002780165
0.008752315
0.014000387
0.055084199
0.005674929
0.002246485
0.003684977
0.011907144
0.002900767
0.001501268
0.003258749
0.000463687
0.004186404
0.010332009
0.051737968
0.11878489
0.320192814
0.002292424
0.185207739
0.317934394
0.003405065
0.001647119
0.449448436
0.267033279
0.012067477
0.088622011
0.042891789
0.519053757
0.121769696
0.316460311
0.801041901
0.934570551
0.954396307
0.739433885
0.883191466
0.153313085
0.887976944
0.833868742
0.508865476
0.766368687
0.056605462
0.05100967
0.002014188
0.005592043
0.002909307
0.004872219
0.00297071
0.004784155
0.004885128
0.008061694
0.011948627
0.03469982
0.044819232
0.133303031
0.037243754
0.246488005
0.827136457
0.140783772
0.058185913
0.018261567
0.07847032
0.120102033
0.021516046
0.009336557
0.004541764
0.002028474
0.017775651
0.004257576
0.140686929
0.01226786
0.138294294
0.081144944
0.005247429
0.06363558
0.001393258
0.009453474
0.002713986
0.003156358
0.001005396
0.003428818
0.001129412
0.003523089
0.014932644
0.3587524
0.002691421
0.749110937
0.460906237
0.013986572
0.055097565
0.875674248
0.02443151
0.016034465
0.003931844
0.004888283
0.051425766
0.001693518
0.532327831
0.011001658
0.093491107
0.0473173
0.001109637
0.052023485
0.030869015
0.002222623
0.00744167
0.002072063
0.002696971
0.005162429
0.007214749
0.003453286
0.001256389
0.000304851
0.002384302
0.000350782
0.009432399
0.052159853
0.04348639
0.010145312
0.009771337
0.014241738
0.001417194
0.001463093
0.001524979
0.000563333
0.001551487
0.001509715
0.037961677
0.017607927
0.715592206
0.030192003
0.444033504
0.062719181
0.161309913
0.028206863
0.029366862
0.019634357
0.020868376
0.007278712
0.005222962
0.035094555
0.006303922
0.00778956
0.004527655
0.007403848
0.532004774
0.149409235
0.833736658
0.473828465
0.092662275
0.183569148
0.002175201
0.024894085
0.00039192
0.000758995
0.000337936
0.003795523
0.026089948
0.013653669
0.101569273
0.067095704
0.028431568
0.029776601
0.161386147
0.241013974
0.053877741
0.042726994
0.29115662
0.353510052
0.099537805
0.246232435
0.556357324
0.18271403
0.139756724
0.039236266
0.536160171
0.399896502
0.669878542
0.316279799
0.208830088
0.007080139
0.014804542
0.000816471
0.010649948
5.49037E-05
0.000332938
0.000302175
0.001260187
0.002175947
0.004554371
0.014709658
0.006087624
0.008484677
0.003910876
0.00143143
0.000550358
0.000997504
0.001028906
0.001363879
0.005141289
0.020846067
0.026221042
0.395813853
0.045135025
0.535840511
0.135826707
0.744783759
0.907872558
0.930174112
0.835523725
0.411014467
0.47098425
0.959990919
0.779539347
0.087567724
0.944225311
0.938630641
0.151860878
0.11373467
0.80628866
0.659745038
0.119485818
0.030617785
0.741263449
0.544560969
0.190789282
0.023382187
0.180661589
0.234306663
0.073419198
0.052345462
0.068785489
0.781302035
0.709076703
0.577620983
0.769453645
0.312695593
0.247792631
0.183212027
0.043025896
0.021676645
0.070634693
0.058233693
0.007330779
0.005625267
0.005846296
0.008599324
0.002680244
0.000671592
0.005831335
0.002806374
0.008664428
0.006239278
0.037996884
0.011058239
0.011513011
0.029863091
0.051322367
0.072720923
0.230334163
0.190879911
0.156068623
0.033848602
0.173559472
0.00833689
0.459100097
0.022378981
0.35747546
0.034693435
0.024507433
0.137980536
0.047507606
0.030684177
0.225844756
0.008689358
0.263584077
0.005937218
0.228069529
0.03600445
0.114043109
0.181871027
0.245599091
0.590369165
0.116303444
0.437779486
0.009483783
0.278276354
0.006685541
0.520210981
0.038280576
0.473561078
0.077292264
0.433616817
0.147122398
0.034587212
0.354942948
0.131863505
0.058014378
0.167649403
0.71598351
0.461723119
0.165551811
0.354961157
0.91819334
0.456813842
0.332249641
0.791905582
0.813346505
0.219937861
0.706901729
0.865273535
0.794770479
0.565655231
0.197073966
0.085382372
0.038087491
0.173447073
0.26153028
0.826566279
0.924122334
0.686794519
0.758644938
0.56029892
0.481357098
0.542986393
0.689747214
0.567943454
0.795884192
0.041579708
0.817989409
0.06066715
0.246085942
0.00810997
0.073644623
0.073693112
0.05912422
0.031018039
0.01183138
0.006096774
0.004086102
0.003290134
0.002336664
0.00319587
0.005631715
0.008246843
0.03663433
0.016633017
0.005418742
0.033288922
0.029030513
0.025966009
0.022084648
0.163202614
0.033736888
0.025446486
0.027118467
0.267046928
0.115892388
0.01714577
0.045789875
0.14251563
0.026698215
0.075880177
0.022973785
0.059169803
0.032266952
0.10275583
0.012449952
0.03234119
0.03040689
0.026957493
0.027638908
0.018077925
0.003787706
0.002581265
0.096360996
0.034697223
0.031400435
0.077286482
0.128352866
0.022193762
0.014828862
0.060890667
0.077985696
0.038363472
0.092249975
0.082594678
0.012604944
0.006453328
0.021057595
0.009804617
0.007035576
0.004514745
0.010568584
0.013425122
0.00734944
0.006006809
0.004226816
0.0019129
0.002634876
0.014535278
0.011533356
0.015291741
0.010255841
0.017872887
0.012609064
0.026869919
0.010912905
0.009451161
0.014159641
0.01611081
0.00756225
0.001783447
0.012334113
0.003581934
0.008314976
0.00397643
0.003415805
0.001327087
0.0048133
0.007250645
0.00369537
0.004523023
0.005399169
0.019860845
0.012496353
0.020200061
0.011560873
0.002903123
0.00706519
0.067005843
0.060812227
0.014108008
0.025730791
0.100783378
0.041368511
0.012722391
0.010903691
0.070490271
0.117815182
0.013168114
0.028297571
0.016688647
0.072013617
0.00311483
0.027280247
0.007508229
0.004401461
0.012334253
0.015405721
0.007474636
0.024375759
0.005812895
0.013102106
0.018804107
0.032628629
0.006616315
0.0139684
0.031177251
0.007475997
0.014927119
0.007562325
0.078934617
0.015605511
0.032115955
0.028111478
0.0097634
0.06806796
0.05091906
0.021600302
0.077989161
0.018868424
0.083857223
0.068774953
0.171458736
0.595466197
0.12143179
0.04035794
0.037422959
0.020413596
0.031433534
0.028372016
0.030551454
0.034165226
0.067847073
0.011565435
0.051378112
0.06454587
0.057884943
0.025513148
0.07118398
0.099897131
0.013573829
0.040660113
0.039789207
0.012149985
0.012539783
0.028671104
0.005493009
0.004995994
0.004463785
0.0368261
0.045342363
0.075563341
0.02591153
0.008463015
0.177514791
0.089750342
0.00649655
0.040807828
0.117744155
0.007292895
0.031616081
0.127453387
0.13775672
0.009406122
0.085989244
0.576631069
0.206541404
0.073365182
0.835766017
0.294537932
0.01542201
0.13409321
0.423462272
0.071785152
0.055076417
0.126746416
0.080403939
0.480721742
0.633970141
0.699810028
0.879200339
0.934175491
0.952020764
0.723969579
0.594258368
0.96299088
0.414703816
0.062834151
0.08265008
0.158748582
0.072762921
0.030673176
0.025172768
0.046121739
0.067032635
0.010578391
0.006200928
0.003780392
0.007049255
0.01543405
0.014248101
0.009308979
0.002868151
0.00735443
0.051459856
0.041384093
0.023398824
0.026231624
0.169064537
0.019164234
0.00888243
0.049952462
0.013267949
0.021747861
0.062482242
0.108596399
0.232041717
0.346610159
0.714241385
0.650649071
0.711742759
0.122459017
0.213759959
0.957698882
0.729153395
0.215546116
0.90986681
0.683839798
0.031999391
0.568357527
0.929263055
0.050770327
0.05156219
0.609313607
0.863271058
0.051446032
0.125542596
0.602387786
0.038192391
0.324579358
0.012092505
0.173582897
0.412855178
0.044134211
0.155798554
0.146921128
0.039839115
0.114977382
0.0323934
0.081964523
0.116987407
0.146156609
0.126163319
0.064010061
0.285529971
0.100467108
0.047168169
0.176874503
0.12210694
0.111823902
0.141551375
0.020385457
0.0227398
0.000717614
0.004054355
0.001150657
0.000402173
0.000910768
0.000949682
0.000366879
0.000243626
0.002131548
0.000895099
0.003935452
0.008967198
0.002415526
0.005215111
0.000501625
0.004191101
0.000898583
0.00048669
0.002620596
0.003474226
0.001780615
0.006322571
0.011328495
0.103554204
0.0798968
0.237787515
0.093961701
0.667174816
0.05832804
0.087967582
0.206029862
0.019596159
0.043051217
0.008580811
0.020581884
0.009316475
0.004558753
0.003152632
0.021416681
0.002989118
0.001215657
0.019960735
0.004490854
0.000572249
0.00626291
0.100006558
0.002057463
0.030035172
0.003641994
0.016322158
0.004960174
0.008039398
0.008788832
0.007617014
0.00488122
0.006475762
0.016613116
0.009940266
0.005857436
0.05072948
0.074418187
0.024566973
0.038636729
0.101921268
0.213822305
0.66145283
0.51716888
0.036891613
0.536694288
0.826521873
0.072707236
0.04836883
0.646186054
0.784622908
0.761641502
0.917758584
0.630326033
0.805759609
0.774939299
0.03362802
0.055380303
0.775363207
0.07995747
0.035986912
0.283983469
0.202445462
0.056886069
0.005731016
0.007070327
0.004442859
0.001370639
0.005870609
0.008621472
0.026066339
0.021752691
0.034067206
0.016856376
0.015580591
0.016459651
0.004991002
0.005654565
0.00816345
0.01331985
0.023840709
0.05543527
0.109848648
0.017600892
0.012793422
0.218016252
0.038725346
0.056983411
0.183571547
0.120818771
0.050781921
0.074841
0.116780169
0.05094596
0.054067206
0.064252503
0.323660642
0.104940578
0.350352019
0.447973102
0.1722458
0.1922438
0.256390333
0.039251737
0.056986675
0.088720992
0.024174606
0.074155204
0.0190938
0.008637985
0.006160995
0.009246951
0.014306309
0.015161777
0.025877291
0.011309445
0.035502952
0.020758422
0.051443402
0.061601259
0.003772441
0.012887838
0.007777683
0.165776536
0.038553417
0.833297372
0.74474436
0.770474911
0.289326936
0.748594701
0.098005697
0.143613264
0.082810193
0.062157404
0.001279757
0.001861195
0.056061585
0.004435681
0.000397612
0.015447554
0.106669009
0.001293733
0.006162362
0.051689364
0.135235056
0.001782069
0.000433314
0.003370328
0.051261105
0.010315313
0.445985347
0.004781433
0.211194411
0.08077839
0.094397776
0.077281535
0.014290839
0.003477064
0.176864281
0.093522541
0.001191104
0.011540404
0.003184325
0.000459159
0.000970061
0.001780073
0.004368276
0.045122102
0.027498515
0.073475942
0.05492802
0.375904351
0.418085515
0.360032588
0.552131951
0.864216566
0.076327436
0.147853717
0.006206823
0.001520036
0.001181435
0.00043478
7.4091E-05
0.000243423
1.69539E-05
0.000739686
0.00020065
0.000553163
0.000441939
0.000668534
0.000596908
0.000451166
0.000135633
0.000301335
0.000554639
0.001435514
0.007354406
0.048695832
0.219952866
0.055809595
0.005166993
0.042717963
0.013515438
0.001200886
0.00052649
0.001669511
0.000146565
0.000766184
0.000614362
0.00054136
0.000888966
0.000466323
0.000408062
0.002444827
0.005992994
0.017065277
0.00481096
0.020931598
0.084543146
0.003645655
0.004131182
0.195276052
0.848097861
0.025244724
0.193801597
0.012046297
0.018189183
0.208948314
0.009426525
0.646770179
0.284092963
0.015080637
0.017022228
0.000692578
0.002623243
0.000233381
0.00038093
0.000495253
0.00080259
0.014727187
0.004354957
0.111739337
0.063498631
0.074895389
0.039887298
0.002050609
0.031625051
0.00057383
0.001963925
0.000465356
0.000330791
0.004979734
0.001256024
0.001062208
0.001470271
0.0060769
0.028202683
0.003690485
0.001745397
0.011566607
0.00110588
0.027448254
0.021785764
0.054093387
0.034218833
0.18830581
0.170262724
0.150879756
0.813306868
0.514273107
0.339546651
0.644144595
0.333726734
0.302738786
0.081946634
0.104288951
0.023128178
0.150533944
0.010188905
0.056840509
0.094602183
0.015305291
0.010601969
0.022255577
0.0088632
0.003013524
0.005535519
0.009997813
0.00241042
0.000890509
0.003787022
0.003829203
0.000757929
0.001228331
0.001523619
0.009413497
0.001179284
0.000582272
0.000453572
0.00064915
0.001095751
0.000418783
0.00053162
0.000307955
0.000672051
7.66622E-05
0.000240029
0.000132923
0.000481216
0.004368056
0.001406053
0.0202887
0.045618601
0.02803215
0.01716554
0.001606032
0.004274962
0.001643337
0.000425446
0.018988408
0.000562457
0.001453641
0.009410562
0.001257581
0.117092147
0.003431803
0.102630667
0.122549906
0.135279089
0.00800669
0.026005348
0.064792387
0.24492532
0.1440956
0.027631238
0.071606427
0.106623761
0.00982691
0.01284949
0.026446005
0.024181826
0.008249382
0.013398822
0.010564371
0.004041039
0.028217455
0.009760592
0.010695246
0.02517071
0.011344342
0.020014929
0.028432101
0.011853941
0.005875735
0.085719667
0.030191159
0.005103696
0.001778176
0.011865453
0.014398317
0.023208408
0.021686856
0.016703622
0.015707172
0.049879111
0.049885672
0.00440263
0.001901005
0.009171733
0.010498127
0.006599131
0.019696411
0.085369132
0.016541274
0.00396037
0.026181487
0.075461075
0.06814193
0.086699307
0.029218774
0.002188079
0.007594134
0.01398275
0.019262543
0.000366634
0.003936735
0.021748273
0.008781902
0.00393134
0.002358871
0.001702626
0.000603528
0.000794305
0.006204393
0.006142358
0.00064022
0.000609643
0.00366256
0.00208597
0.000311428
0.001652767
0.00215232
0.001393975
0.000474893
0.001243566
0.000805279
0.001140744
0.000657541
0.001307831
0.000220083
0.000843959
0.000430851
0.004306837
0.001293817
0.002265391
0.000615287
0.001730421
0.007554298
0.003917997
0.01043679
0.004961017
0.001287983
0.00387994
0.005451583
0.018589182
0.009092059
0.004600353
0.002857651
0.000497438
0.001533968
0.006455326
0.002104104
0.002469244
0.00148807
0.00429248
0.013026067
0.001742884
0.004598087
0.002962655
0.000597297
0.002081519
0.002256462
0.008520225
0.001886192
0.000242297
0.000654598
0.001089022
0.000965268
0.002733109
0.000880068
0.000308952
0.00079781
0.00157567
0.001393822
0.000789422
0.000888512
0.000384055
0.002655243
0.000593658
0.001236062
0.000411892
0.00014856
8.0015E-05
9.85406E-05
0.000280899
0.000435021
0.001453508
0.036716759
0.009497934
0.001830494
0.000894668
0.001257672
0.001328213
0.001115005
0.001472791
0.001583503
0.000697716
0.000804351
0.000549233
0.00294615
0.004144787
0.002268273
0.004450954
0.004289137
0.000788387
0.00160956
0.008575815
0.003871943
0.119230993
0.170490116
0.014364888
0.003674783
0.026740437
0.002814948
0.002800401
0.00153947
0.000351119
0.002089569
0.000663784
0.007003686
0.021706661
0.013265234
0.017381543
0.016639398
0.029950757
0.047310498
0.039268769
0.044122003
0.014623605
0.011480528
0.008732582
0.003643424
0.001596724
0.000489993
0.000775514
0.000377656
0.002154437
0.002093896
0.000139575
0.002434478
0.002669896
0.001153402
0.003341624
0.000573121
0.001411273
0.008880361
0.003640227
0.008834219
0.016928637
0.265533805
0.33594051
0.007357449
0.230639309
0.131454334
0.068558283
0.09352535
0.188149899
0.881402194
0.141968861
0.28913793
0.512729168
0.71931231
0.961554706
0.742774844
0.906133592
0.059868831
0.607336581
0.103410892
0.119210675
0.034997229
0.12641795
0.025773954
0.049145617
0.141526565
0.596774638
0.0064256
0.058907717
0.47026512
0.321404845
0.085088693
0.122012541
0.04428573
0.322325796
0.375389487
0.10304933
0.240048364
0.204369426
0.096242689
0.053675301
0.068621099
0.823386788
0.135682866
0.051430933
0.11105112
0.016076621
0.005868737
0.048624307
0.174200937
0.059928861
0.094592407
0.058822103
0.085261986
0.07180652
0.575329661
0.911808372
0.80024457
0.949157357
0.714021504
0.668576777
0.962532878
0.870636582
0.886833072
0.861956954
0.702011406
0.621395946
0.7120893
0.261835486
0.317778528
0.883767426
0.165228248
0.044671223
0.100036688
0.120461278
0.037477508
0.017677123
0.037640136
0.020321993
0.00394141
0.034111671
0.041716713
0.00616718
0.010392517
0.007099963
0.00769481
0.004706521
0.011171124
0.006862114
0.001655993
0.008206308
0.011578531
0.008024798
0.008494515
0.006868171
0.011201013
0.009465966
0.002259806
0.00735694
0.004222523
0.001343458
0.003621582
0.001369335
0.001010558
0.007474494
0.10806556
0.028212709
0.001970152
0.041063633
0.017588809
0.012303897
0.070636652
0.012832113
0.003392578
0.016340841
0.036858391
0.003300597
0.002120882
0.009269563
0.010047369
0.010500708
0.005652362
0.009482962
0.005682113
0.000915788
0.001977703
0.002138148
0.000849206
0.007382076
0.014556009
0.004289265
0.028448062
0.002154928
0.024820155
0.001558856
0.003763675
0.000593158
0.000458214
0.000308788
0.001343599
0.000528592
0.000126516
0.00015541
0.001640926
0.001592447
0.002088755
0.000928652
0.002975736
0.001149961
0.000492664
0.001025437
0.000168685
0.002002625
0.000624386
0.000291473
0.002526211
0.00148979
0.001685155
0.005415482
0.004833968
0.003833924
0.004501075
0.01106383
0.004417546
0.001184029
0.002699516
0.022063734
0.014205161
0.075355507
0.03707293
0.006154062
0.039459478
0.031830225
0.024682403
0.031410314
0.087653734
0.034186125
0.01580275
0.025594572
0.039391551
0.035936326
0.032346025
0.330995083
0.064276062
0.063760661
0.209368065
0.799618423
0.132438108
0.22959204
0.2731902
0.913749516
0.171771213
0.066239327
0.1859864
0.032479323
0.010373765
0.009790285
0.002679558
0.007936098
0.001344416
0.010654235
0.005043229
0.013282008
0.084177546
0.017209388
0.043330155
0.034790754
0.03491066
0.023182333
0.01466801
0.054479111
0.025329158
0.026238495
0.032016344
0.055310354
0.006956179
0.077054277
0.138447553
0.124443784
0.108545654
0.204784095
0.179721639
0.624227524
0.15976274
0.368473887
0.64188838
0.613306463
0.786997676
0.210310087
0.142084926
0.208169416
0.072296552
0.019874215
0.090431057
0.028214743
0.098220356
0.064108059
0.055174079
0.018093003
0.055942964
0.052465584
0.126821041
0.106785133
0.077178001
0.338120103
0.138181373
0.026143055
0.08078146
0.145124465
0.043043792
0.024505768
0.133592948
0.022519406
0.017996956
0.057011127
0.125203371
0.0260853
0.022429246
0.04295633
0.039223783
0.013363884
0.034750838
0.026560014
0.024254251
0.021197075
0.047436364
0.121034294
0.080125064
0.645766199
0.394291371
0.408905745
0.287033111
0.142277315
0.172628805
0.157550648
0.130347475
0.246187419
0.103427291
0.132041067
0.239652708
0.36615181
0.272786885
0.562662601
0.260286361
0.285613298
0.274478763
0.111162394
0.542345583
0.548860908
0.042016905
0.069230825
0.355000645
0.529710591
0.076168291
0.175413638
0.354876876
0.672284722
0.077159226
0.219138235
0.699143887
0.7597211
0.133741841
0.160406962
0.694332898
0.844372869
0.081395254
0.323150039
0.611692607
0.358841151
0.150060758
0.252182752
0.037719853
0.125254706
0.066328406
0.129429638
0.080782302
0.005339643
0.073901415
0.003728175
0.004237835
0.013357164
0.051546529
0.001251012
0.012083229
0.064994089
0.02414234
0.008716998
0.100046523
0.111460559
0.042634957
0.021360852
0.030924249
0.018772027
0.00143323
0.002992952
0.011330386
0.017782407
0.000899559
0.006538881
0.005509577
0.002338287
0.001274009
0.004832982
0.003696983
0.002803487
0.002216985
0.001350298
0.002051285
0.00515538
0.002292857
0.000983357
0.000668638
0.003120323
0.010155641
0.001416507
0.018274842
0.0076079
0.005883469
0.005978715
0.026383732
0.003480716
0.183641165
0.031006817
0.248608544
0.020569121
0.01201311
0.011692525
0.243179247
0.006074836
0.007243269
0.005443169
0.032629795
0.144559324
0.004792408
0.002765659
0.006640327
0.002360195
0.011694614
0.002076318
0.001759243
0.008603794
0.008936146
0.001190479
0.006176349
0.005683411
0.006868028
0.005180787
0.004670207
0.010169897
0.006032273
0.004975705
0.009705414
0.043618638
0.035000764
0.030185984
0.009530026
0.032627754
0.005153287
0.045108564
0.104746744
0.021040736
0.024506621
0.057210892
0.08695095
0.028735353
0.04614963
0.80188632
0.808871746
0.204444021
0.925851166
0.659458458
0.915435791
0.856158555
0.128466755
0.852938354
0.311338902
0.106363937
0.061356094
0.200840428
0.40967384
0.004300584
0.030844564
0.020007994
0.049480453
0.010743136
0.024969939
0.063613988
0.020988179
0.003197961
0.011923452
0.024112424
0.030907769
0.090520188
0.055176001
0.222820327
0.115331575
0.081082202
0.755304515
0.049675077
0.007402632
0.781559944
0.912837923
0.04849644
0.035642695
0.955968022
0.375360399
0.071982138
0.78140074
0.979672313
0.06771256
0.636371017
0.940829813
0.493015081
0.122786433
0.476305783
0.919947743
0.78374511
0.896352947
0.821612418
0.724309385
0.185517415
0.525378346
0.132792369
0.185202822
0.02056054
0.031056298
0.469813704
0.086423114
0.120282799
0.227503166
0.892835975
0.097167879
0.688020706
0.340763122
0.705033362
0.043395165
0.233955786
0.321673542
0.112704203
0.287913591
0.032209408
0.032525223
0.020681269
0.021152152
0.089085169
0.02671822
0.008891603
0.024540853
0.028162682
0.087417811
0.015707778
0.029234994
0.071538463
0.056558162
0.030554509
0.020105872
0.232089207
0.155774087
0.132570103
0.701646388
0.008886826
0.056420024
0.127068073
0.011564312
0.002730306
0.005788586
0.001098167
0.000951007
0.002354065
0.000924852
0.002259362
0.004199194
0.013669123
0.340008855
0.260919839
0.63723135
0.628910005
0.02260589
0.326402098
0.29063943
0.008249343
0.022820206
0.020918164
0.008332547
0.005743263
0.00481556
0.006747111
0.001418213
0.002375654
0.0070499
0.00384496
0.000587346
0.001311618
0.004684848
0.002534557
0.001348577
0.009600118
0.013890571
0.040261298
0.032158699
0.002536725
0.083070099
0.002371685
0.003363184
0.005138443
0.009221866
0.044740565
0.01953507
0.509559453
0.836629689
0.884847105
0.361808747
0.557189822
0.183529451
0.16383104
0.015336439
0.242113575
0.027267762
0.041763257
0.042767249
0.327275008
0.033410706
0.067054793
0.294881135
0.007280264
0.059388228
0.210164696
0.004409257
0.006229674
0.030461231
0.057621963
0.002420415
0.015040134
0.173615083
0.096342735
0.48455286
0.095485568
0.892932892
0.820217907
0.870451033
0.332068413
0.895797908
0.019627605
0.15248166
0.293398261
0.014550586
0.003719316
0.264465183
0.202535868
0.001005335
0.001175861
0.092330627
0.020792127
0.00098557
0.023792841
0.120803356
0.008195088
0.013001705
0.000782627
0.003016932
0.028067807
0.002978064
0.003882031
0.000601789
0.001583164
0.000941889
0.000397301
0.002294238
0.002310263
0.009063175
0.008927748
0.010490883
0.115088344
0.102244206
0.769741774
0.530184031
0.793183327
0.264342397
0.137993574
0.412802041
0.470551223
0.00386845
0.01085437
0.068664327
0.041237559
0.000662771
0.020443583
0.014905062
0.000600896
0.005278784
0.004597388
0.002290262
0.002149142
0.000998061
0.00157718
0.000910626
0.001121421
0.000371496
0.000649831
0.001155713
0.003322916
0.037578546
0.067226015
0.022541041
0.05570117
0.020607095
0.025948185
0.047976755
0.003242681
0.010642992
0.022596303
0.002587541
0.001907796
0.003119415
0.003335436
0.012849907
0.004730948
0.001183774
0.003278953
0.002351657
0.007165369
0.009038789
0.008581404
0.005472424
0.000174136
0.003111343
0.00199635
0.002837664
0.000403919
0.000602871
0.000581244
0.001652032
0.003396265
0.016191686
0.013420834
0.00474943
0.007608868
0.009321798
0.009262687
0.011717379
0.009071598
0.030272229
0.023221087
0.062775336
0.061616439
0.059305351
0.094344638
0.09174452
0.042888649
0.015335727
0.083120227
0.100609496
0.127280608
0.072037995
0.226640776
0.05280403
0.07694722
0.035740089
0.040663388
0.009770604
0.02337102
0.009887237
0.130860567
0.00908178
0.128102511
0.010439332
0.251031607
0.020832835
0.122012153
0.026237028
0.014450514
0.003739092
0.027750745
0.224092573
0.011260089
0.165701926
0.022062687
0.164097086
0.056707636
0.290185988
0.737608016
0.816596627
0.389971882
0.70470947
0.604773998
0.353563309
0.586971223
0.842178822
0.581225812
0.303533822
0.914545894
0.91259253
0.184562087
0.183880672
0.927237988
0.77545464
0.100337237
0.763044
0.590822697
0.679663956
0.675323188
0.099289477
0.057132963
0.014159115
0.054472137
0.074225634
0.012457212
0.482488245
0.183776483
0.80216068
0.911958873
0.811935961
0.903002501
0.864166439
0.74034214
0.486844987
0.163287029
0.272602946
0.030678114
0.532908976
0.016272452
0.119434513
0.004171339
0.043216266
0.007062708
0.003239138
0.007709365
0.011745287
0.003218803
0.011464304
0.003600206
0.001460053
0.006451864
0.009943083
0.007371214
0.010699521
0.01641467
0.011925501
0.014567827
0.014976475
0.024533592
0.008758949
0.003932672
0.034790721
0.011678294
0.032528441
0.025425838
0.026878046
0.018915657
0.077744298
0.076848641
0.123589784
0.015472302
0.009950135
0.011801019
0.012842536
0.000358828
0.01594612
0.009300421
0.0086059
0.001292792
0.005631506
0.000489494
0.000660104
0.001837134
0.00224455
0.001760922
0.013346706
0.001357715
0.003509196
0.001238101
0.00678952
0.001383584
0.001439234
0.005375231
0.005648938
0.001299357
0.001475909
0.003498935
0.001022132
0.001098839
0.00081184
0.001012702
0.00128256
0.000360165
0.000453089
0.002169125
0.001225585
0.004734475
0.000224602
0.002138329
0.004213185
0.005191675
0.001649463
0.006299757
0.007701847
0.008422618
0.017285388
0.005439383
0.021040864
0.009263854
0.020295599
0.004107202
0.005882736
0.003965516
0.007451765
0.008107212
0.001420394
0.003315916
0.004905452
0.00913221
0.009080175
0.009502026
0.098336838
0.037742618
0.138146594
0.09783265
0.018579463
0.003243656
0.001149477
0.005235252
0.008325323
0.019180909
0.049859941
0.035952151
0.227161273
0.128803581
0.05994295
0.113939762
0.193715185
0.039847039
0.047525473
0.032437552
0.00961594
0.007397413
0.090138994
0.05812224
0.050825417
0.038363893
0.010489398
0.043623403
0.0388376
0.008471486
0.020743152
0.011756495
0.006117996
0.002422191
0.006656283
0.001911546
0.000812698
0.001303154
0.001647328
0.0007529
0.000485889
0.000745777
0.000984858
0.00284286
0.00339948
0.0004206
0.000189899
0.001659391
0.003693288
0.00061031
0.000223714
0.000934971
0.003693127
0.000453183
0.017446155
0.00210409
0.023013024
0.000888517
0.003381636
0.001078219
0.001704245
0.000708251
0.000950597
0.001199684
0.000502843
0.000145518
0.001272007
0.000886523
0.000261146
0.000675637
0.000700352
0.000277253
0.002230508
0.004240533
0.001836797
0.012596746
0.00125943
0.010793718
0.008878645
0.004454043
0.009334639
0.011188397
0.015930772
0.004598619
0.002539946
0.003696806
0.001591053
0.002643034
0.001760698
0.004002135
0.002494176
0.000654571
0.000834211
0.005227386
0.003902852
0.008742028
0.002074084
0.001109778
0.001355461
0.000715491
0.000308812
0.004759388
0.001057103
0.013119024
0.004612953
0.007451567
0.001548095
0.006440549
0.003685926
0.000824121
0.003259805
0.001275533
0.000970262
0.002022357
0.002303157
0.010768885
0.001641509
0.006651253
0.004631729
0.016536644
0.020922795
0.011850188
0.019947531
0.060480606
0.151488289
0.01208102
0.297388524
0.088406518
0.070834294
0.046561234
0.043087959
0.054914247
0.011749649
0.014150323
0.004912659
0.002039011
0.00629637
0.006441446
0.035621427
0.003069198
0.049802594
0.381697446
0.054674949
0.055662833
0.021818571
0.00250701
0.050760686
0.00882626
0.008990202
0.020485014
0.003033992
0.001214519
0.029931135
0.017985636
0.005799776
0.005599061
0.034743745
0.019179612
0.002245205
0.024482895
0.053207792
0.015748518
0.014954521
0.11329589
0.098086245
0.002571115
0.232031375
0.19418855
0.018542606
0.014574002
0.180932671
0.664882541
0.153425977
0.89351356
0.843429208
0.091050804
0.380130261
0.71589601
0.085129343
0.022229386
0.026816797
0.02626536
0.012592951
0.132172808
0.076054171
0.047707487
0.041726053
0.176889122
0.17749764
0.166138619
0.170783773
0.041158892
0.017347202
0.035204675
0.064888969
0.017802689
0.020248391
0.115157798
0.065629743
0.005974134
0.047061753
0.1792714
0.040476538
0.00551137
0.005161562
0.180985957
0.026571985
0.298393369
0.351298928
0.069275759
0.527190268
0.326238304
0.436541885
0.032819998
0.121699862
0.01208258
0.003845924
0.004026769
0.049046207
0.094763607
0.160980284
0.072459117
0.043300487
0.007736124
0.003473527
0.007445543
0.012866861
0.000803947
0.00161262
0.011648569
0.001745732
0.000711289
0.005554998
0.007660497
0.00045385
0.002108536
0.01531629
0.004209937
0.003901859
0.005000187
0.015465084
0.004705247
0.003889271
0.185965836
0.043177553
0.011808145
0.080649778
0.432849437
0.309300005
0.364698678
0.658516943
0.061775226
0.099291138
0.52341193
0.201868981
0.131988525
0.164352179
0.008402411
0.132881224
0.061905295
0.028091941
0.010252375
0.015964177
0.019744184
0.016268698
0.100938819
0.042974137
0.081026182
0.103360727
0.197436139
0.015888257
0.160317689
0.118054077
0.087344944
0.04675024
0.043567028
0.003547077
0.011209444
0.003084651
0.002274347
0.005215079
0.003818134
0.005348576
0.005804122
0.004524171
0.009416894
0.022503315
0.00485088
0.033063225
0.006392305
0.038733423
0.025530076
0.00167106
0.115426898
0.026027249
0.015874082
0.007276715
0.011663796
0.000955104
0.00031921
0.000794313
0.002060349
0.001695594
0.003839953
0.001528167
0.007719663
0.007735725
0.004415831
0.001306439
0.007120262
0.022961982
0.021125901
0.063031353
0.271914482
0.294724226
0.035821903
0.035349663
0.142925516
0.085793562
0.008930696
0.005003419
0.312480837
0.037258204
0.010801357
0.009562668
0.296354592
0.049915686
0.005598074
0.001621159
0.204903275
0.024214381
0.013233962
0.012530776
0.167344764
0.123021789
0.004847711
0.257009417
0.438751936
0.036346357
0.290490121
0.967325747
0.423551172
0.192038298
0.968231857
0.912896633
0.493566573
0.76318413
0.850316763
0.127725914
0.050060704
0.274177253
0.040852569
0.007978969
0.113383286
0.40745753
0.005374487
0.006207846
0.052339874
0.025635218
0.001792726
0.040910263
0.11278522
0.013950115
0.003492827
0.041389205
0.023716373
0.032845497
0.021510275
0.010750005
0.001511606
0.005429934
0.001150118
0.001843524
0.001906707
0.002117978
0.005585617
0.004049939
0.075724743
0.009463338
0.015898803
0.005577195
0.005457005
0.003605569
0.012871779
0.004684094
0.020714104
0.019052424
0.015039873
0.011702966
0.04927247
0.003078192
0.041010831
0.014347425
0.009206899
0.003234507
0.006086865
0.003079887
0.00531026
0.010877372
0.006985881
0.009534411
0.001664404
0.003260669
0.003618841
0.002056507
0.005385505
0.002221524
0.001551583
0.000823327
0.007609178
0.001843808
0.002567945
0.014061308
0.013150571
0.005268259
0.010903696
0.080151983
0.017910264
0.012340173
0.025466226
0.04969012
0.030596612
0.083457001
0.023979388
0.052184965
0.064764582
0.059328169
0.043623101
0.063099556
0.238862112
0.031194184
0.081287362
0.142715871
0.051095579
0.263806969
0.368179649
0.123349346
0.151432261
0.399241745
0.202046305
0.075138167
0.047210407
0.050785851
0.079547003
0.14854227
0.10117048
0.06407848
0.048179571
0.033706207
0.022266444
0.021401759
0.061125834
0.024450462
0.026352294
0.019519029
0.024280693
0.006833081
0.005342901
0.005165
0.012786366
0.00714924
0.006662373
0.003872921
0.003383715
0.002687622
0.001905134
0.00753428
0.003270496
0.002559882
0.004186134
0.016233427
0.004039781
0.004164428
0.019264705
0.017482542
0.007161303
0.006931263
0.007862023
0.014171786
0.004392338
0.006870956
0.02157538
0.058473252
0.031509258
0.030028865
0.017670501
0.017224656
0.031586241
0.035319537
0.047669068
0.052570187
0.199071735
0.183866382
0.213818461
0.047627456
0.112081066
0.259097844
0.071514301
0.017409265
0.159060672
0.113416754
0.024689041
0.058925185
0.140851706
0.149225652
0.011266935
0.016358886
0.022649948
0.043604027
0.007405769
0.042824287
0.383366436
0.055183992
0.011403671
0.136527836
0.075700663
0.006641591
0.010967432
0.206541747
0.209937334
0.030537374
0.026566707
0.022175625
0.117371857
0.117286339
0.019141939
0.02832965
0.441451401
0.157055646
0.119529635
0.729131937
0.481405258
0.050254971
0.14139235
0.871596038
0.13027072
0.205174506
0.030466687
0.018703708
0.149607539
0.011136859
0.608052015
0.182042196
0.030623121
0.379456758
0.446981549
0.474410176
0.592558503
0.194352835
0.839350641
0.733003557
0.42167303
0.225853324
0.952637732
0.778602362
0.414429307
0.242275864
0.897907197
0.434687942
0.023040714
0.695510387
0.749722123
0.13912636
0.037854776
0.82554841
0.477155417
0.208805248
0.296320081
0.111853883
0.404373616
0.688084185
0.892207086
0.084456764
0.573595464
0.150793806
0.621215641
0.419616044
0.056751739
0.006444606
0.000371869
0.005352057
0.009058901
0.02223598
0.03173887
0.006005032
0.006248906
0.047969446
0.150136933
0.030876825
0.076287255
0.021141073
0.057037678
0.045909062
0.006866792
0.010814887
0.018898709
0.001445144
0.002224942
0.004700647
0.005764876
0.000634005
0.001840064
0.002942231
0.002236736
0.001444979
0.000708503
0.000622691
0.000390429
0.000213042
0.001200124
0.00363031
0.002017343
0.005931769
0.004516005
0.007215808
0.0101585
0.009629104
0.057445377
0.066246808
0.011087835
0.074794047
0.006859758
0.002365694
0.007748733
0.000658068
0.000296973
0.000946719
0.000245426
0.000540284
0.000255339
0.000593481
0.000397981
0.000480296
0.000656807
0.00043344
0.000444026
0.00012992
0.000276215
0.000855511
0.00109262
0.002073294
0.001200116
0.006319977
0.098817617
0.223666728
0.017439364
0.741086602
0.10900531
0.161310062
0.022432886
0.008846999
0.008782525
0.020114714
0.002255843
0.000678485
0.002524903
0.006229836
0.002624516
0.000539433
0.001072074
0.001449794
0.000272419
0.001236609
0.001846866
0.000430519
0.000308425
0.000401871
0.000436484
0.000673823
0.000362595
0.000665568
0.000347028
0.000238855
0.000249672
0.000256541
0.000106456
0.000334933
0.000602097
0.000187946
9.20581E-05
0.000191584
0.000423993
0.000669562
0.00139799
0.005239761
0.00597747
0.01177877
0.014117654
0.00478859
0.004326229
0.009715484
0.04095488
0.038655546
0.321542591
0.047995608
0.228524297
0.285174996
0.431828797
0.745877862
0.358039826
0.86538291
0.218604267
0.220574155
0.109848537
0.0140523
0.047709674
0.010533146
0.048201285
0.017019898
0.039564069
0.164130941
0.120111279
0.357236087
0.415050864
0.08177758
0.015178681
0.007050119
0.035678361
0.017819654
0.070560925
0.103376016
0.004610638
0.018194193
0.03155338
0.020559268
0.014686595
0.025092045
0.049845237
0.122085668
0.711029649
0.359399289
0.213788986
0.252334803
0.328380436
0.44758904
0.043046523
0.506430984
0.450271964
0.668065071
0.582283497
0.011145568
0.063156478
0.003719131
0.083301574
0.020693971
0.0030091
0.007047509
0.030556887
0.014518233
0.020676749
0.007711361
0.005616254
0.00804826
0.003761445
0.003756592
0.002477003
0.003552891
0.002994437
0.001207847
0.00367592
0.002348757
0.000682932
0.00109981
0.000523493
0.000644852
0.002206452
0.000495974
0.002199348
0.002202856
0.013912364
0.006911695
0.052615497
0.059072826
0.861724496
0.871373475
0.09017095
0.438945383
0.006153532
0.100284494
0.027068034
0.017242139
0.017961558
0.056802988
0.077567928
0.076683171
0.383756548
0.023577703
0.066153407
0.003429493
0.012232353
0.005207288
0.044389777
0.045286007
0.008064714
0.002763206
0.055170029
0.055722542
0.002949395
0.005380559
0.029194135
0.007706003
0.001701646
0.031362973
0.011291465
0.003625516
0.005223779
0.02106032
0.006777694
0.008442169
0.011297997
0.021352185
0.030863287
0.121184595
0.031386532
0.421150029
0.088400468
0.087098286
0.10005305
0.111035377
0.633287907
0.624877036
0.738397539
0.747598708
0.933791637
0.72919631
0.104213342
0.046040062
0.019217193
0.039333656
0.004559208
0.014161405
0.016565874
0.005600506
0.001564965
0.014896096
0.030419473
0.005939537
0.007953423
0.001393871
0.010144489
0.001760823
0.002343844
0.002443987
0.074428812
0.004023109
0.310288548
0.008747969
0.089081816
0.215855554
0.783925772
0.814282656
0.710879862
0.616458952
0.113147855
0.736966491
0.815889597
0.051802281
0.145419553
0.040238436
0.07537283
0.05112632
0.012971582
0.00884144
0.010999256
0.005883001
0.000685557
0.006745207
0.003003578
0.003760652
0.00094016
0.004838094
0.001143587
0.001293775
0.002375012
0.004657499
0.002738353
0.000184651
0.000727848
0.006993691
0.000945939
0.000831701
0.002235202
0.005826883
0.003652235
0.306118309
0.580574036
0.210248053
0.127245933
0.50556469
0.20570752
0.284400135
0.118882976
0.186364487
0.418114424
0.047139693
0.08360289
0.53595829
0.147445023
0.517011285
0.468722373
0.603551388
0.900226176
0.767929554
0.795298576
0.481933028
0.22754173
0.196330085
0.417509198
0.27758497
0.722258091
0.080925569
0.212102965
0.256968111
0.193095028
0.171113417
0.165815666
0.179392263
0.271744728
0.387258321
0.476934582
0.242669001
0.400652319
0.467070162
0.746993065
0.899946153
0.684965909
0.770645618
0.713202
0.789632082
0.67071718
0.496313542
0.707295239
0.398831844
0.625881493
0.310860366
0.229268879
0.573619902
0.278042048
0.882116616
0.83803916
0.758603394
0.606197178
0.934929609
0.95842129
0.671874762
0.789527357
0.941278815
0.750944912
0.576531887
0.126596794
0.124205425
0.409823656
0.018497413
0.174011469
0.040110409
0.03299845
0.01884241
0.043113463
0.01230941
0.045587499
0.11389225
0.042033605
0.026219545
0.091505289
0.252562374
0.077623598
0.111946478
0.224016502
0.041518915
0.052694935
0.152702421
0.18545039
0.093434975
0.04150442
0.051237561
0.141287223
0.030191388
0.061728369
0.01490752
0.102842502
0.355018824
0.363183707
0.547407687
0.87781477
0.78542769
0.396977246
0.948343575
0.894403219
0.313393056
0.664104283
0.974256516
0.806070447
0.402433276
0.855445147
0.482503116
0.86049509
0.289058119
0.780740082
0.078581437
0.015657585
0.004337572
0.002377822
0.006389035
0.006632248
0.002271581
0.049954347
0.014594073
0.002208434
0.003615637
0.005861091
0.010374421
0.002572426
0.00274008
0.007369903
0.001872844
0.006563114
0.00474658
0.003736119
0.003447481
0.005209968
0.004150254
0.004041274
0.006526873
0.006049526
0.008932794
0.006270719
0.007745042
0.002619704
0.002595555
0.002832497
0.009118896
0.011807862
0.052485701
0.053811271
0.00161979
0.037681207
0.004093871
0.063113593
0.014539917
0.073516808
0.041954368
0.034838069
0.109233588
0.094900995
0.032097194
0.010212563
0.04815843
0.007571936
0.007942298
0.004126182
0.013110519
0.006392474
0.004513245
0.002119691
0.001837591
0.002826228
0.002795226
0.005760066
0.001100782
0.007032656
0.002092179
0.00109217
0.001749375
0.023669232
0.082630105
0.003203322
0.006330251
0.01203814
0.002188644
0.007621924
0.011048121
0.005223628
0.004448559
0.001987311
0.001924913
0.006339123
0.004567844
0.001797934
0.001802807
0.006949828
0.000734618
0.005826969
0.003889002
0.005744162
0.002505793
0.008134425
0.00680445
0.000901438
0.007498431
0.009252237
0.014075189
0.03757539
0.013054512
0.004087693
0.011217026
0.009747333
0.124199912
0.005533257
0.157946259
0.031527795
0.029977201
0.021398155
0.045776192
0.011693213
0.187390357
0.530276954
0.149249956
0.024759617
0.554012656
0.715445101
0.058478259
0.04956523
0.870625496
0.252565503
0.04915335
0.075080566
0.906474531
0.254345268
0.095417231
0.661825597
0.858446956
0.11130286
0.431856811
0.897656381
0.241553947
0.814440608
0.036252521
0.441092253
0.106939934
0.059674922
0.05864818
0.010328504
0.158285588
0.008254744
0.04855242
0.042353537
0.020747731
0.013322703
0.013564567
0.007146128
0.002609629
0.015156978
0.021830648
0.001500954
0.001605961
0.013368424
0.008942069
0.012512322
0.003763606
0.016215326
0.01432356
0.004385735
0.011430936
0.049323414
0.043766223
0.025444334
0.015803685
0.106597871
0.207818881
0.725335181
0.421029299
0.940312862
0.948745251
0.20512785
0.253922194
0.89792043
0.413618565
0.202989072
0.133763507
0.539011717
0.038125236
0.023685705
0.241914898
0.020906867
0.02803422
0.024084423
0.027339306
0.05307522
0.510731995
0.031291675
0.845198154
0.785991609
0.93733871
0.973153651
0.411210924
0.954030633
0.148762137
0.064710662
0.000633073
0.02063564
0.020745656
0.006136059
0.044627495
0.028524384
0.024254609
0.023021763
0.086514793
0.131848797
0.067814261
0.041426804
0.030744616
0.001601548
0.019506093
0.042632367
0.032870758
0.073303588
0.085021593
0.005239416
0.006679645
0.006151881
0.015806044
0.036752634
0.007802891
0.0952489
0.033323742
0.069446132
0.166110352
0.041420382
0.056704704
0.044846036
0.001646089
0.018099811
0.016948685
0.005176819
0.036049031
0.113632262
0.08464174
0.208511829
0.175091937
0.761432827
0.210310891
0.753094018
0.017474875
0.14254804
0.031522926
0.032406952
0.001368266
0.001407785
0.000287498
0.001060794
0.000325966
0.001651888
0.001281628
0.001338594
0.006864444
0.002222016
0.006324381
0.008379042
0.000871323
0.002364272
0.001715029
0.001110838
0.00147356
0.008286349
0.003486123
0.040891968
0.017947147
0.764025271
0.021061175
0.933859766
0.065393306
0.414957047
0.038701642
0.064687654
0.447262079
0.030896593
0.529945672
0.027293585
0.909617305
0.123827651
0.504162073
0.010118135
0.155093431
0.016306493
0.005638707
0.006827614
0.002105056
0.005399146
0.00070463
0.002997813
0.01487915
0.00078259
0.001356377
0.019473812
0.004212247
0.000837233
0.015483973
0.001803986
0.005772039
0.010249463
0.032704759
0.00126146
0.025506321
0.017601585
0.013878337
0.004138289
0.054223865
0.006593112
0.02522219
0.023792516
0.012118183
0.007175699
0.015586802
0.010739194
0.056412529
0.015994575
0.005811441
0.02122678
0.014846658
0.016548116
0.002773118
0.001206354
0.00148566
0.005536012
0.001422598
0.000880902
0.000635778
0.001007385
0.000334883
0.000687794
0.000563365
0.001104852
0.000862669
0.00314819
0.00297947
0.007152643
0.004165583
0.001545316
0.002303727
0.000481612
0.000914489
0.000553528
0.000556789
0.000672476
0.001794392
0.001002405
0.007969814
0.004567685
0.141870275
0.043644115
0.153087601
0.232014075
0.201218858
0.324306816
0.020891763
0.011071622
0.002359634
0.001761813
0.000718496
0.000835513
0.00040274
0.000693693
0.001642131
0.000932222
0.000380092
0.002722816
0.010510136
0.007791635
0.007759886
0.00671041
0.039745111
0.003906862
0.356177181
0.019992521
0.267322987
0.017584708
0.057357647
0.059374381
0.02094496
0.008178432
0.004436628
0.011341973
0.005402463
0.022872148
0.011156091
0.023633732
0.016299266
0.006945541
0.007267077
0.002706902
0.006102552
0.00121409
0.006951141
0.003664124
0.004890334
0.003539344
0.007173125
0.002150305
0.067597136
0.002790441
0.38832584
0.02405897
0.009804298
0.494665116
0.075179286
0.075826257
0.197897196
0.136527956
0.180049762
0.207939848
0.151857793
0.014763855
0.008374226
0.012148052
0.006209379
0.001746572
0.0029477
0.001800537
0.00109295
0.000957173
0.002297051
0.000832128
0.00233917
0.002454592
0.009693615
0.012383494
0.032184057
0.025324332
0.013222604
0.006059624
0.081040859
0.023424121
0.023162186
0.025922887
0.02889852
0.016080467
0.022615973
0.039399832
0.018971663
0.007743924
0.003375408
0.00362568
0.008578523
0.015781406
0.085802428
0.104554176
0.053089038
0.822820306
0.205580652
0.823210895
0.022919726
0.19661507
0.020643221
0.359360635
0.496021122
0.010491695
0.196848407
0.014967304
0.908168316
0.046180315
0.322862327
0.016146017
0.077796012
0.005654179
0.012578184
0.003754329
0.001369754
0.006617499
0.024646858
0.022404335
0.008945185
0.004844325
0.017670203
0.002357349
0.000782354
0.007568956
0.001607549
0.001070095
0.001806188
0.000822473
0.003787679
0.001539506
0.001477429
0.082002379
0.155698553
0.449047714
0.020723918
0.127433524
0.006592301
0.193332016
0.688511252
0.040266827
0.009475597
0.541322052
0.651574194
0.032697346
0.007973909
0.213946775
0.179093316
0.043439653
0.050083667
0.03565371
0.152073741
0.018823955
0.002973484
0.091937631
0.000586888
0.0180819
0.001510834
0.002396339
0.056952316
0.000573035
0.000557985
0.003362093
0.003902255
0.004567722
0.003993405
0.005622547
0.010304326
0.041693788
0.225054517
0.036882143
0.217602864
0.50271368
0.58538264
0.211679116
0.734426975
0.066307753
0.060599364
0.047072034
0.22956802
0.220612183
0.319363147
0.078231007
0.679227591
0.686038673
0.492386401
0.404709965
0.522522748
0.049757868
0.032678604
0.060697388
0.015562879
0.026463784
0.004294426
0.007164136
0.002533118
0.000842934
0.004890257
0.001954769
0.003994195
0.001833966
0.1438777
0.04611123
0.01867466
0.028173046
0.010011018
0.002961047
0.002058156
0.004654215
0.001715661
0.002040997
0.000514946
0.000824914
0.000150073
0.001487978
0.004462031
0.002243407
0.003123583
0.004130322
0.000361026
0.000471825
0.004952893
0.002122932
0.010659075
0.013762461
0.011998388
0.032967065
0.242464319
0.148798838
0.036142245
0.007423596
0.022176359
0.068010733
0.03232247
0.061490495
0.005139792
0.00995622
0.001750805
0.003081024
0.001536139
0.002678287
0.0005196
0.00068768
0.002948364
0.003681901
0.001831012
0.001344952
0.002780419
0.008353839
0.006556613
0.001528367
0.005614928
0.004910725
0.012494782
0.053634461
0.157019556
0.393294483
0.882797897
0.78069222
0.922590315
0.657969356
0.437201232
0.664925158
0.373769909
0.581564546
0.385686666
0.602728069
0.025458712
0.018436585
0.133521572
0.082170077
0.036890402
0.012249758
0.049484469
0.010516133
0.009090465
0.002608728
0.007046182
0.002436901
0.00277704
0.001364829
0.000586967
0.002510907
0.012275721
0.002375443
0.067355663
0.082756497
0.136923403
0.706549823
0.073562451
0.267008841
0.228428379
0.893379629
0.849247694
0.576205075
0.799726248
0.705640912
0.395894736
0.238793567
0.613299191
0.053332325
0.065942571
0.200653031
0.027146932
0.00486915
0.018031919
0.059005614
0.117585182
0.005923166
0.017564094
0.005967379
0.007278599
0.008738578
0.010611276
0.005942015
0.003196832
0.004334715
0.003209465
0.003155762
0.001155691
0.001218016
0.0004772
0.00057288
0.000704426
0.00072347
0.007985006
0.000663937
0.004921661
0.01840359
0.022756716
0.023228787
0.029894466
0.041608114
0.105782412
0.025526097
0.040994562
0.15444243
0.056197271
0.032619856
0.035109453
0.01358693
0.017022284
0.001561362
0.003642294
0.000525696
0.005956789
0.000139422
0.000697423
0.000847998
0.002493962
0.002311361
0.000849843
0.006098363
0.00067483
0.002151274
0.002091005
0.005472933
0.004319339
0.005990927
0.000681431
0.004516588
0.000430882
0.002285021
0.002550127
0.00399656
0.01236127
0.006676435
0.039558306
0.023294158
0.006627088
0.020720329
0.005949377
0.009335811
0.054479927
0.032958567
0.011548523
0.045375895
0.012603674
0.021067487
0.014956791
0.002203785
0.005854885
0.000850784
0.010714496
0.003126275
0.000464969
0.006463456
0.000456502
0.004500234
0.011719108
0.007733339
0.003482345
0.003473735
0.003286371
0.00222256
0.000330041
0.002052042
0.00197746
0.000695761
0.000804393
0.005717676
0.000350428
0.001007134
0.000466946
0.000585449
0.00166483
0.019968655
0.011230722
0.06114782
0.02013194
0.117516883
0.047657583
0.001592198
0.033495747
0.025923379
0.00437489
0.061259396
0.012731156
0.001718851
0.000939029
0.005551923
0.000825527
0.000692502
8.56546E-05
0.002380403
0.004174116
0.020434994
0.008377783
0.005272161
0.000240588
0.006669374
0.01617264
0.003679797
0.013075054
0.006157564
0.000304832
0.001818595
0.000286126
0.000781024
0.000732854
0.000878308
0.006616721
0.001949022
0.004913405
0.002904537
0.015895303
0.015920706
0.023598526
0.061684381
0.025157643
0.020209311
0.027454449
0.007638826
0.010525143
0.00347533
0.018269539
0.006321555
0.002627734
0.011085222
0.002812254
0.0144972
0.020047877
0.022299027
0.000955606
0.005167329
0.001436703
0.001379392
0.000555966
0.001365784
0.000515071
0.001791986
0.021898679
0.002397201
0.023405707
0.000806155
0.031761296
0.001040997
0.018041462
0.005269398
0.02571971
0.004194929
0.004532511
0.004207821
0.002913829
0.001804008
0.003520418
0.001365906
0.023670323
0.001542794
0.027053708
0.008347458
0.006492359
0.001374654
0.000168426
0.000224947
0.00119031
0.000509596
0.001587139
0.001537842
0.001632929
0.000221815
0.000306544
0.001023669
0.004411856
0.009921363
0.046618603
0.011720118
0.031610154
0.097306266
0.123593509
0.035147667
0.011388805
0.001330574
0.00277718
0.000221475
0.001029104
9.80367E-05
0.000505262
6.51614E-05
0.001727853
0.005805355
0.034469478
0.025088517
0.157574818
0.255410403
0.034323122
0.148493573
0.303717703
0.038236834
0.006981608
0.18381317
0.187228933
0.042344678
0.041963559
0.128215984
0.042438075
0.00840307
0.015412102
0.010131311
0.003453646
0.01245672
0.007151742
0.026911916
0.015387028
0.011817602
0.029129429
0.093496993
0.015209761
0.048009291
0.052834086
0.131366953
0.187987193
0.470508307
0.235419154
0.614008009
0.389329106
0.540010214
0.499481142
0.028436113
0.240993142
0.225630596
0.401035547
0.037764739
0.011565053
0.117463462
0.0088509
0.008490504
0.055586737
0.023435989
0.006498661
0.016033262
0.007862177
0.024672635
0.03138224
0.024886344
0.007308307
0.029624911
0.036046319
0.012640431
0.020026488
0.041534346
0.093678467
0.028847013
0.103050478
0.131642029
0.372158766
0.529754877
0.248492792
0.199708655
0.093168944
0.378904462
0.376960099
0.027367894
0.035861235
0.128900975
0.174067095
0.030833164
0.009477575
0.229338497
0.008974281
0.044447042
0.134820476
0.285594434
0.046454493
0.106851265
0.045204546
0.051166058
0.024426823
0.030757209
0.006174221
0.011389225
0.026086867
0.056485116
0.019706508
0.012476444
0.043881543
0.075258806
0.012818011
0.088624313
0.194884002
0.03948449
0.12474256
0.095262796
0.077153757
0.045465626
0.030823717
0.03939037
0.041615073
0.01589819
0.011629907
0.010226304
0.017893849
0.023375032
0.026284965
0.004322371
0.009268837
0.019348515
0.027829042
0.011648201
0.018963536
0.010730551
0.004197029
0.01121984
0.012203022
0.008503974
0.007501005
0.008466072
0.007795902
0.018589348
0.026913928
0.024425464
0.008011914
0.011761598
0.049623266
0.056225568
0.049640287
0.082340613
0.065704234
0.112084866
0.101774991
0.117741115
0.109822705
0.064865567
0.279336661
0.027977414
0.036435865
0.048487134
0.009611136
0.021978071
0.010924981
0.045207541
0.012369359
0.010763761
0.081254713
0.045503464
0.026442312
0.010801362
0.015064603
0.114773162
0.013747402
0.011534698
0.006540266
0.021019422
0.035108645
0.014153051
0.040461615
0.03703782
0.026881222
0.00951887
0.025650261
0.07618925
0.203603834
0.27391091
0.059511997
0.047370005
0.078147709
0.074360758
0.147289157
0.021274688
0.084522635
0.053292751
0.144309416
0.054239627
0.007610986
0.077781357
0.014171885
0.033645175
0.048236236
0.214330852
0.030974641
0.077517316
0.029803362
0.014133332
0.016630623
0.013028654
0.004377953
0.023418482
0.02630749
0.014434964
0.024231061
0.020503853
0.022574725
0.003825131
0.016903546
0.012900068
0.039717074
0.003587821
0.017294129
0.002597655
0.029956458
0.007198475
0.041202273
0.004261052
0.012802958
0.027294764
0.129571259
0.008179984
0.004092601
0.178247124
0.006838306
0.00744619
0.031944521
0.21324271
0.094674721
0.031756029
0.016590985
0.066938087
0.006393983
0.013412074
0.004429108
0.003841673
0.003315839
0.01774824
0.009073159
0.002111678
0.003974965
0.001819629
0.002516694
0.001642485
0.016366914
0.002299377
0.004450124
0.005476061
0.000932374
0.022686066
0.012655121
0.001298116
0.085851155
0.018255346
0.018031565
0.011192323
0.006251731
0.0160242
0.010945878
0.003215844
0.013340101
0.038001757
0.005423837
0.005263024
0.030531684
0.041684311
0.003555287
0.031567328
0.103786454
0.002257075
0.005090063
0.066747256
0.107734576
0.031619247
0.029598814
0.017872911
0.066703826
0.016755139
0.002551466
0.067805491
0.012563333
0.001493407
0.002172645
0.020146448
0.005678472
0.01581376
0.016841929
0.001757929
0.003773113
0.005251184
0.00149188
0.001033874
0.002045907
0.007036794
0.002535577
0.00354695
0.005138504
0.002000862
0.004408395
0.006298539
0.001738398
0.001373298
0.002245565
0.003496027
0.001610943
0.002133574
0.000971319
0.002182825
0.002111726
0.000916335
0.006072277
0.003334695
0.002402954
0.005742485
0.003674896
0.00131436
0.001515751
0.001316613
0.002243645
0.002884342
0.004145251
0.002868979
0.001815062
0.002569573
0.001571643
0.001861611
0.00402952
0.006328238
0.000567299
0.000777996
0.000581582
0.006338675
0.010188333
0.00858961
0.165994331
0.149965137
0.047138389
0.007794821
0.009997007
0.011206919
0.002345266
0.001742337
0.004300366
0.001115263
0.000808133
0.002100131
0.000982791
0.000941782
0.000824433
0.004050073
0.009619968
0.0030752
0.008334288
0.02877022
0.00950002
0.014396491
0.009967197
0.037507683
0.082395107
0.052667774
0.022562565
0.005826466
0.226145238
0.219686002
0.143880382
0.072840527
0.55275321
0.356475502
0.852486193
0.286254615
0.078564346
0.011021318
0.02396499
0.020941112
0.018748926
0.002340505
0.003304878
0.006793351
0.004313265
0.013480857
0.001041735
0.049458146
0.01342545
0.001794695
0.00358231
0.00882115
0.003438885
0.001914024
0.003389741
0.003613961
0.001102221
0.002466827
0.005229139
0.010961427
0.017983692
0.135352775
0.115019478
0.390184134
0.951149642
0.393008441
0.057122998
0.724396706
0.682996273
0.021088773
0.019391207
0.56774652
0.411691755
0.009489719
0.33521539
0.239489689
0.012257303
0.002630045
0.033345658
0.008533229
0.001817958
0.022729263
0.074051775
0.004809337
0.234137893
0.02959162
0.529445231
0.106669642
0.159296691
0.913608193
0.832092822
0.27127564
0.637234867
0.711668491
0.166180477
0.62876004
0.23960261
0.031314094
0.15693076
0.575321317
0.037801553
0.020606505
0.134835392
0.260000914
0.028699389
0.045625627
0.027357323
0.00912133
0.005252387
0.054411523
0.01221095
0.002290193
0.00310339
0.015055995
0.006330062
0.001174151
0.002448706
0.002563436
0.001867621
0.000507725
0.001387681
0.009334414
0.004319058
0.003014521
0.001257077
0.006132579
0.009406993
0.001786751
0.007037523
0.034010075
0.02493358
0.009997724
0.122997709
0.084023468
0.023687012
0.09498366
0.330014795
0.017284716
0.015964888
0.46295318
0.120404795
0.005425615
0.065403201
0.118176505
0.004378504
0.003176854
0.008826298
0.006279336
0.000340057
0.000337585
0.001864315
0.002590623
0.004467254
0.002698053
0.0006013
0.003792088
0.005067722
0.005934356
0.00390001
0.001934749
0.001592322
0.021478962
0.014102213
0.001273928
0.007981819
0.014051414
0.004638398
0.004263683
0.004118659
0.006440888
0.009369384
0.007711321
0.005114263
0.0071452
0.009375697
0.004428546
0.003053089
0.023371685
0.002814395
0.001134288
0.010998752
0.002459907
0.003799984
0.001012237
0.009914859
0.003046155
0.006738431
0.005091563
0.006935366
0.001942991
0.003060714
0.000897648
0.001495953
0.000741924
0.001401403
0.002620782
0.000344269
0.00768062
0.004172053
0.02668597
0.003616161
0.108911276
0.007250151
0.001884171
0.005276541
0.002813719
0.004158372
0.002960086
0.004255961
0.002016017
0.000763539
0.001083198
0.001468102
0.002892806
0.001624531
0.001092615
0.000861494
0.000228711
0.001171169
0.001441318
0.000875044
0.004772435
0.057452869
0.040799655
0.016799031
0.011748403
0.006553459
0.009756059
0.170574456
0.066212624
0.119948022
0.058055982
0.43000558
0.44702059
0.570572793
0.035334658
0.213800102
0.305486023
0.10118334
0.080480777
0.019246479
0.001044037
0.003598607
0.068489581
0.020539224
0.011800715
0.023120346
0.151816323
0.154243007
0.194027662
0.319534302
0.569448948
0.094636023
0.636094749
0.224079117
0.164033413
0.466000229
0.232982069
0.490002871
0.903941989
0.537846327
0.848090649
0.855956137
0.606413722
0.632039309
0.164874271
0.033245485
0.343126029
0.591567576
0.058479145
0.007815597
0.254478663
0.102435835
0.003919624
0.028398946
0.256617129
0.008192712
0.005218469
0.003546444
0.002469453
0.000136839
0.001252738
0.00207581
0.027359342
0.008472251
0.041879922
0.015061206
0.085312642
0.698883533
0.214301035
0.807515562
0.62282747
0.087460421
0.798297822
0.975365341
0.543139935
0.277501255
0.817216992
0.800828636
0.130909115
0.176019713
0.330048084
0.36890775
0.006718596
0.030508157
0.078137457
0.04113514
0.004415057
0.003505543
0.010311374
0.024399083
0.011220654
0.20820114
0.005711897
0.067432262
0.019610528
0.028312214
0.005337835
0.03556665
0.030256055
0.012365498
0.025283383
0.006631224
0.012176891
0.076461904
0.003132104
0.009375512
0.028264096
0.053516686
0.001152692
0.006112428
0.026599294
0.003838366
0.002543411
0.008538766
0.007740653
0.002400163
0.001613157
0.002614819
0.004879507
0.001288468
0.004576451
0.000538535
0.01087537
0.014961373
0.009335763
0.001841877
0.009277046
0.012161248
0.188391
0.152406245
0.502384484
0.734078407
0.842640638
0.928516984
0.743872285
0.901830852
0.697978318
0.7325086
0.761291742
0.595787048
0.196282998
0.243193507
0.210138634
0.064492121
0.009836109
0.004584601
0.011184325
0.002278927
0.002788998
0.003503319
0.038267571
0.076088518
0.221257076
0.152065054
0.656310141
0.306183279
0.880494714
0.835076571
0.84053731
0.66342783
0.601349056
0.606033146
0.680743515
0.021727297
0.058379881
0.003644016
0.065869227
0.001633249
0.004019259
0.003593981
0.005069987
0.000807389
0.00085414
0.000475538
0.000848018
0.001094468
0.000672571
0.000977027
0.001393183
0.001185379
0.001257116
0.069290794
0.272417754
0.005834252
0.035423558
0.013138027
0.006462538
0.008652987
0.001398751
0.062848061
0.011313055
0.005191269
0.011449859
0.028817702
0.039800253
0.024436638
0.212422997
0.092306606
0.02986541
0.204496026
0.017963938
0.017062856
0.008752485
0.002480827
0.026826579
0.003419729
0.016206414
0.001128706
0.009350513
0.107411489
0.013077294
0.011032071
0.008633674
0.001678069
0.001340698
0.00088429
0.000981428
0.0015438
0.000750612
0.001353785
0.004125085
0.002518322
0.001897408
0.000714386
0.008458398
0.042896539
0.001609402
0.184416518
0.006094898
0.06206869
0.039363097
0.077760749
0.111393198
0.140142307
0.141061649
0.354740739
0.867580831
0.928977549
0.078704417
0.076474249
0.018493356
0.003710735
0.001984433
0.002482112
0.000598928
0.000546393
0.001036197
0.000300668
0.001889948
0.014804716
0.005433402
0.00251373
0.005228397
0.002573639
0.003850395
0.0032747
0.005317302
0.007607982
0.018774129
0.009157884
0.005064876
0.004075615
0.005584341
0.01029395
0.004458887
0.030196426
0.042344429
0.009932108
0.103618786
0.080425344
0.400989771
0.03423202
0.094934851
0.376387417
0.511299372
0.02834953
0.282427102
0.523851335
0.560558975
0.532843113
0.440622866
0.257417977
0.099527635
0.214192808
0.055861041
0.225582391
0.325347483
0.559994221
0.059765533
0.603510082
0.150977612
0.274326771
0.800342619
0.872290254
0.724992633
0.754413903
0.7531569
0.651305497
0.673655748
0.656946063
0.410922378
0.285432398
0.235121652
0.671246231
0.180947825
0.165825993
0.026716894
0.475261301
0.076797336
0.028176311
0.013253468
0.05134942
0.006121084
0.022966029
0.02691604
0.021274241
0.042295516
0.06971816
0.077401355
0.023303062
0.034446284
0.031561531
0.013975618
0.005219162
0.068373688
0.004089027
0.013730156
0.012351925
0.059679106
0.006033262
0.023060994
0.06501247
0.025733409
0.050150655
0.056989636
0.015109702
0.031743515
0.045523103
0.012177658
0.015428643
0.01867513
0.022887195
0.029648863
0.038329538
0.016356139
0.024118541
0.035382949
0.117379896
0.235470966
0.006756666
0.027408332
0.053711094
0.033958197
0.023772167
0.02151167
0.022012176
0.012699508
0.01168
0.052358069
0.051000629
0.004759284
0.265647411
0.186267063
0.099515885
0.075792
0.562346876
0.417801857
0.252952397
0.786743581
0.348878741
0.565383136
0.729350686
0.762067139
0.678479671
0.759090424
0.596251905
0.601644456
0.364868283
0.24763307
0.263614982
0.485401839
0.137592196
0.119712539
0.352426291
0.729248643
0.091779552
0.187206566
0.472228587
0.61239326
0.022049306
0.086510271
0.229092434
0.007639155
0.001818724
0.023735885
0.010573462
0.00508436
0.017276116
0.016420752
0.025797073
0.009837977
0.006422785
0.037149787
0.016807791
0.005319285
0.034267962
0.020239722
0.018805625
0.086297564
0.017728118
0.043870803
0.115950502
0.468333095
0.259422094
0.579896688
0.482333541
0.042544767
0.825340509
0.902997077
0.04461294
0.232120484
0.53908062
0.210133106
0.505350471
0.028112434
0.051197711
0.064617164
0.017386032
0.02943402
0.047640614
0.224055707
0.029040428
0.023971127
0.049815547
0.099541947
0.009407748
0.00866578
0.09282811
0.025597015
0.02657162
0.056148678
0.046292268
0.014246019
0.02380847
0.140399694
0.146477893
0.359720856
0.054857105
0.23484844
0.405475557
0.5951823
0.333390743
0.020130768
0.512861669
0.367524058
0.03665249
0.013469568
0.552592635
0.036173027
0.005738299
0.142551467
0.202294752
0.011246661
0.009975815
0.335300595
0.067584693
0.031155137
0.007261183
0.004169316
0.019900156
0.001797612
0.003396804
0.012030248
0.015224081
0.010522486
0.007089161
0.006053329
0.024756122
0.031794235
0.021617128
0.028982643
0.048245013
0.04521168
0.012080053
0.12133836
0.05338499
0.067232043
0.034648221
0.079644538
0.102434084
0.512655377
0.133340672
0.262544692
0.352589905
0.43721354
0.097384028
0.074252062
0.18432644
0.080118924
0.314440608
0.299289286
0.110116512
0.296757698
0.644976199
0.135014549
0.103251666
0.284594625
0.587489128
0.011303896
0.215095624
0.440254629
0.660014868
0.020914506
0.27842167
0.534949422
0.014504273
0.027119335
0.32674697
0.439837128
0.009267663
0.060721964
0.572059453
0.260619074
0.021762775
0.115361974
0.043623671
0.056688167
0.293512493
0.026732601
0.127895638
0.325056702
0.121636078
0.1026057
0.144549042
0.415756434
0.437641442
0.017026322
0.133518934
0.552207112
0.510802567
0.345533073
0.530864477
0.541172087
0.189475864
0.324481875
0.336978704
0.216381639
0.061283562
0.039837763
0.023358056
0.010807365
0.010721184
0.012993427
0.007713535
0.007971262
0.001630964
0.051444393
0.027811412
0.008413029
0.011318982
0.007764054
0.008003285
0.0056022
0.017848145
0.011577614
0.036424942
0.034678243
0.008650431
0.008833867
0.033294253
0.050326094
0.147414625
0.133102477
0.220234796
0.105377913
0.083913803
0.123375848
0.046477001
0.016592797
0.005886471
0.074157104
0.133310944
0.089925677
0.035201143
0.092376001
0.019483197
0.004791064
0.024838073
0.205427915
0.014048369
0.012064521
0.027653353
0.010379754
0.018758679
0.002986395
0.005143006
0.003759823
0.037335131
0.037048731
0.021379469
0.035447329
0.003630594
0.16615127
0.046747997
0.05180132
0.069854714
0.109334156
0.075105421
0.049698774
0.02256085
0.049668662
0.107000321
0.01193842
0.006172428
0.022345338
0.039378654
0.108715273
0.042747498
0.029041139
0.036104236
0.004030437
0.220578104
0.047283966
0.006229042
0.049278781
0.038994607
0.173500061
0.05864834
0.050145116
0.060256008
0.004475334
0.086659878
0.048004515
0.077734724
0.044207409
0.042401273
0.089186892
0.039371293
0.03655237
0.011002736
0.010581881
0.005455886
0.004726615
0.038990717
0.038991295
0.01354983
0.001770634
0.01766392
0.001530076
0.00558638
0.02447225
0.011852265
0.04387689
0.008836022
0.014598971
0.00787269
0.013650087
0.004537361
0.004576012
0.00572714
0.011819902
0.002834343
0.026283035
0.014169494
0.12837781
0.050738644
0.072172731
0.068874396
0.011207347
0.003820939
0.004468768
0.00796039
0.007970533
0.008447815
0.010995801
0.007378339
0.004601984
0.009141228
0.004948317
0.005931457
0.00377722
0.016309133
0.023960998
0.010779778
0.006079991
0.051450592
0.037881382
0.03838785
0.065126851
0.006979381
0.032520633
0.020123027
0.017416712
0.027357344
0.025292374
0.036986809
0.033862468
0.06957072
0.172709748
0.302597344
0.045278545
0.159068599
0.200086594
0.10408666
0.077431835
0.035805453
0.044538021
0.051315948
0.040743332
0.044366308
0.01016212
0.168511882
0.093645282
0.043749548
0.023804583
0.051066525
0.033337545
0.023945574
0.05606233
0.033880197
0.007959441
0.01023048
0.01826681
0.039893121
0.04835261
0.012807738
0.015833966
0.013612165
0.037447296
0.006102009
0.016976094
0.028920773
0.024714965
0.006076799
0.006883481
0.026986416
0.018315753
0.051867388
0.018122697
0.009630014
0.072037838
0.076370642
0.016995631
0.110917933
0.119236335
0.097895883
0.020268278
0.050128113
0.06217045
0.01668256
0.039330348
0.025614092
0.037505083
0.041976791
0.041153591
0.01595615
0.13851884
0.058636419
0.058860619
0.057422578
0.307784289
0.044295523
0.006146286
0.025789848
0.022219449
0.058242444
0.009675616
0.04991547
0.013030826
0.053417843
0.01084433
0.070131786
0.021955222
0.023136497
0.01422401
0.041775595
0.104129091
0.015460119
0.149431601
0.13095066
0.142606974
0.089151531
0.247799858
0.163928926
0.203887641
0.055801954
0.15134275
0.094086602
0.312634677
0.095775567
0.035740338
0.025559571
0.062342133
0.284800321
0.044044964
0.210435688
0.04695221
0.31908825
0.054250352
0.07921423
0.056965176
0.181867421
0.296588838
0.431325614
0.020254388
0.10642226
0.052439719
0.075605296
0.100066878
0.029140305
0.014968542
0.146207631
0.118633114
0.018464793
0.078609027
0.136519834
0.109786294
0.045671742
0.124640219
0.068369679
0.080743134
0.039402038
0.08074595
0.03937545
0.023750382
0.014265349
0.093418777
0.063281983
0.013241966
0.039273575
0.079014294
0.028715314
0.001309112
0.00830234
0.08356306
0.005643305
0.007393833
0.078353278
0.027136572
0.070776582
0.006977278
0.048613019
0.006267705
0.003877621
0.001569184
0.009185064
0.008722542
0.001956861
0.010425366
0.01144292
0.007509846
0.007310698
0.015434274
0.031179529
0.001537542
0.052231207
0.068273038
0.130483702
0.009227975
0.005372481
0.04133388
0.012323702
0.023598822
0.002884122
0.031336118
0.005045972
0.025662538
0.019855035
0.04306509
0.006743638
0.02393044
0.009870401
0.027178818
0.017951595
0.00623733
0.004937505
0.023097917
0.02508489
0.008351145
0.011626647
0.020907141
0.022667244
0.007696984
0.017033854
0.037329528
0.038797479
0.080158494
0.059210751
0.155986384
0.021388846
0.018952686
0.038497448
0.007694857
0.052056327
0.068670034
0.120077305
0.022155976
0.005631263
0.02717407
0.009604938
0.010163391
0.084373981
0.071072727
0.017118622
0.009794217
0.014784665
0.014913031
0.010304866
0.012131901
0.003893842
0.005481185
0.018636286
0.005650318
0.012436112
0.021751652
0.021596665
0.011886828
0.168707997
0.063140161
0.021194631
0.033921313
0.402768314
0.191776171
0.332913339
0.310873598
0.269101739
0.172654256
0.165350348
0.053079206
0.223874673
0.345769405
0.215944514
0.088576928
0.020992406
0.195869699
0.099178009
0.190148279
0.027894711
0.112586617
0.018447753
0.024997277
0.119850077
0.026518287
0.032568563
0.262235671
0.035814345
0.009125662
0.008137838
0.040243883
0.004192689
0.018699178
0.006244052
0.033740375
0.006466884
0.012663531
0.004905764
0.026341774
0.015846448
0.008645952
0.003294026
0.055008858
0.028201822
0.025623012
0.018254684
0.13232848
0.103015438
0.012001039
0.306182653
0.241352111
0.163611516
0.125722632
0.158096805
0.101548448
0.075456157
0.175238088
0.02036448
0.092730299
0.108411141
0.026440859
0.033704493
0.083601646
0.005021519
0.037059739
0.088251486
0.039656289
0.004639079
0.111963131
0.070462167
0.06460388
0.052272119
0.118055657
0.108166687
0.156366855
0.051530004
0.20760946
0.301631868
0.083023965
0.235488996
0.126286179
0.03741096
0.285306185
0.025268909
0.019403124
0.202987194
0.136903182
0.004740014
0.007328115
0.006692825
0.008946139
0.006120785
0.001354151
0.010616168
0.016324133
0.026287735
0.039855778
0.013666583
0.026132258
0.00848055
0.107739732
0.078771226
0.008144291
0.039377157
0.191886768
0.307831764
0.025675466
0.782857955
0.46031037
0.003204053
0.205487296
0.410798699
0.055281334
0.038204711
0.004643265
0.02503249
0.011990008
0.023495046
0.023665363
0.122699231
0.010000202
0.009645261
0.004555007
0.001374299
0.00413485
0.004427455
0.00625286
0.029269818
0.006635567
0.005489032
0.005965877
0.016014826
0.013276549
0.007967666
0.085783243
0.140667111
0.056865949
0.025103781
0.0548262
0.039138354
0.033313107
0.552807689
0.459371269
0.451031774
0.683406115
0.240502477
0.616716743
0.336431086
0.674675047
0.143401548
0.116237611
0.087833866
0.095747285
0.328002125
0.16667597
0.37520963
0.25329408
0.012406328
0.312116593
0.18102023
0.176452458
0.215032503
0.037715942
0.165528402
0.034044173
0.108271651
0.026976969
0.069936149
0.177806318
0.068250202
0.048093878
0.038764533
0.041112773
0.308941364
0.095832154
0.023249401
0.853166938
0.2094962
0.242289245
0.427715123
0.192350775
0.120667048
0.306859165
0.206696689
0.748144805
0.242025733
0.095962219
0.64884913
0.311825156
0.709002554
0.230332032
0.572019815
0.245160416
0.312404573
0.710832775
0.928052902
0.879173279
0.233731717
0.511910558
0.018981185
0.038883086
0.021416506
0.068728127
0.158679828
0.220922142
0.822096527
0.203374356
0.848847926
0.168557256
0.071501844
0.021947518
0.014573605
0.103957072
0.024608739
0.0589866
0.008667885
0.005361625
0.023782011
0.112818621
0.28842169
0.759448051
0.592001319
0.891488194
0.936892867
0.868468881
0.886534333
0.928695381
0.872833967
0.823735058
0.609219134
0.561536789
0.400539756
0.816590846
0.160381258
0.497106522
0.760281444
0.913331687
0.818994284
0.566038787
0.828915894
0.684103429
0.274220943
0.608178973
0.340997785
0.26775825
0.250701547
0.235827029
0.001166798
0.006606765
0.000901087
0.006420579
0.002164811
0.012375157
0.016082663
0.005562067
0.010281477
0.017677687
0.020534942
0.155084148
0.140208751
0.049228664
0.024791507
0.029569697
0.049287505
0.170532718
0.029674593
0.083389916
0.022310341
0.037000678
0.008917361
0.025101274
0.051017623
0.014038841
0.041912362
0.018217616
0.005104572
0.00102513
0.002906465
0.00080183
0.000688037
0.001802766
0.000434268
0.005368546
0.007678181
0.017372131
0.234178126
0.406333447
0.891074538
0.574333847
0.369368076
0.1384563
0.075840525
0.080544777
0.235752136
0.123868667
0.029217234
0.014900455
0.115711793
0.012195276
0.005955127
0.004622005
0.012203084
0.200673386
0.196598962
0.134927273
0.02480733
0.036599472
0.033079982
0.039957449
0.018041644
0.010109418
0.00644729
0.007205247
0.001117382
0.002126819
0.001705101
0.017008685
0.014855112
0.051508464
0.045877598
0.135818511
0.009488438
0.009590918
0.195491478
0.008886659
0.006348913
0.005644638
0.00148089
0.028114667
0.006541669
0.131151557
0.239421248
0.474286795
0.033985097
0.395999342
0.371656626
0.028648201
0.16382508
0.358477533
0.159834251
0.697564185
0.36936906
0.01388049
0.032062136
0.137056381
0.012109799
0.004227306
0.003103856
0.284122705
0.010000929
0.002474642
0.160116583
0.192169353
0.021127602
0.015923956
0.15554747
0.058475025
0.009623704
0.007798336
0.012859044
0.014043647
0.004399948
0.005008214
0.002016192
0.004752473
0.003083843
0.000898777
0.00184004
0.002134391
0.00188292
0.001050939
0.004827091
0.001628488
0.010587628
0.003526524
0.024363559
0.021127084
0.031650182
0.026961835
0.163411647
0.230194956
0.550352037
0.017837733
0.745370626
0.653679848
0.083145879
0.158093706
0.209644213
0.06007386
0.067568831
0.182550982
0.030406367
0.006108171
0.005927919
0.003587601
0.002172308
0.000495491
0.013038732
0.008715273
0.001049434
0.000965292
0.006482586
0.001829584
0.000554313
0.001440278
0.001522882
0.000843125
0.002330548
0.001057482
0.017079603
0.193341002
0.006892627
0.015608517
0.409256518
0.22088626
0.061895683
0.117313735
0.1321944
0.015891023
0.022235829
0.067556664
0.017275969
0.007637669
0.002460761
0.003365248
0.002126545
0.000668583
0.001358714
0.001931733
0.001008758
0.000712851
0.001678645
0.001013788
0.000719798
0.000253041
0.001806936
0.000390736
0.00050282
0.002068839
0.006417817
0.012500755
0.058116172
0.841304958
0.190047696
0.647609055
0.280635029
0.101094395
0.012193703
0.01131482
0.02107445
0.013827495
0.00320349
0.005201652
0.014144273
0.023086661
0.014038261
0.170536458
0.042974308
0.695241094
0.231780216
0.00509015
0.098616756
0.179128587
0.562630117
0.192404732
0.046774473
0.004520816
0.025286501
0.028170776
0.037998132
0.029927701
0.1252103
0.061942697
0.086481452
0.32473442
0.771681905
0.812813401
0.726940095
0.959461808
0.974019527
0.516633213
0.807730675
0.881233215
0.183713377
0.182159886
0.854698777
0.101644121
0.035242788
0.5612306
0.374168843
0.020122102
0.043846074
0.240806445
0.159169137
0.073596358
0.058701023
0.022434788
0.017160198
0.014290461
0.023986975
0.055164855
0.069932446
0.254836053
0.25407505
0.190195754
0.03441577
0.609600067
0.180703551
0.075410128
0.184725061
0.697929263
0.311434627
0.214457154
0.090812117
0.060385048
0.23125197
0.111332275
0.038145117
0.080444969
0.096224904
0.007163768
0.047041096
0.044464685
0.022591466
0.034187537
0.046052992
0.02496041
0.010530308
0.024376545
0.018524166
0.027107671
0.101463251
0.135596871
0.119188167
0.2836757
0.053365339
0.033801183
0.079273567
0.067021333
0.125294387
0.065963909
0.114102632
0.041376576
0.189210549
0.390489638
0.629908323
0.276709288
0.793031514
0.848531008
0.847288609
0.365877807
0.971539676
0.95845902
0.834103763
0.928695023
0.94546777
0.736401439
0.198287949
0.514543414
0.827257693
0.162715346
0.075136617
0.020883543
0.009363976
0.010785666
0.005043626
0.009838167
0.008447523
0.018738328
0.006635689
0.003506898
0.017074775
0.016406635
0.014519537
0.030917328
0.04804305
0.075751975
0.52521652
0.148624659
0.068515792
0.079899348
0.405679107
0.072260387
0.036529511
0.046609215
0.103910141
0.006597621
0.01122566
0.034247611
0.053835504
0.02989419
0.074556828
0.064498179
0.075493038
0.050227333
0.219375357
0.345511854
0.149566233
0.133521676
0.008294167
0.290965974
0.062486682
0.039238442
0.155987233
0.123969421
0.098339885
0.1206434
0.012915196
0.031997025
0.038568612
0.041774701
0.003870655
0.009662767
0.023094371
0.006916473
0.00435711
0.005079485
0.006810389
0.001921139
0.001861184
0.003969377
0.002474881
0.001614529
0.003030456
0.000738212
0.00713199
0.001854969
0.004127875
0.00258851
0.00281002
0.005984952
0.003237525
0.003712357
0.002641495
0.003785945
0.005758693
0.003327447
0.001888236
0.017825799
0.001485647
0.016916499
0.00259381
0.017347762
0.010760908
0.109907016
0.03164503
0.014835488
0.055878229
0.019138018
0.038649011
0.06254936
0.218944818
0.048988879
0.119089402
0.517875671
0.80346483
0.044551659
0.097347334
0.803469419
0.629987597
0.008949869
0.016506921
0.462801993
0.007251572
0.003768993
0.003404549
0.281840026
0.011070615
0.003964537
0.019293696
0.008943071
0.596419632
0.031594157
0.689782858
0.786206782
0.901922524
0.55259198
0.392235458
0.183949471
0.716935933
0.177029699
0.095502086
0.314786077
0.468778104
0.024175135
0.010830641
0.175225139
0.09935011
0.021519082
0.003899669
0.126610056
0.070589401
0.019698307
0.018088462
0.00808267
0.007579619
0.019439297
0.010958129
0.005173762
0.012911756
0.02281389
0.00544706
0.015700687
0.033596888
0.11572589
0.006967123
0.23716858
0.016869824
0.561096251
0.178415537
0.279788911
0.253730267
0.301181048
0.194976255
0.141782999
0.085782692
0.491036028
0.601353288
0.372668594
0.208672792
0.724040627
0.75311023
0.386165768
0.648115993
0.817552626
0.876004457
0.675077081
0.683910251
0.410833299
0.499369711
0.235020563
0.222786456
0.295855254
0.508781731
0.434657931
0.768700838
0.645889223
0.25419426
0.393649548
0.137687311
0.06803821
0.068800814
0.546530187
0.126508564
0.060609311
0.078883126
0.44832921
0.17869322
0.116678379
0.528308451
0.511005282
0.587635994
0.298225462
0.079896227
0.094697401
0.02647464
0.104751982
0.124873258
0.028889496
0.030105766
0.041775893
0.147221252
0.03061869
0.050141275
0.017488243
0.111203894
0.03157099
0.084641218
0.020509211
0.012512297
0.028873356
0.001692749
0.005184069
0.002987999
0.00121776
0.005906058
0.0088148
0.003798512
0.00163502
0.008416678
0.006193509
0.007676408
0.001223347
0.00739948
0.033574399
0.027860072
0.013763729
0.079563312
0.101946697
0.340455204
0.291336268
0.239732161
0.418338418
0.592290103
0.716505587
0.465625882
0.149776012
0.212683454
0.381066322
0.184713349
0.161832049
0.118997179
0.206912413
0.066439457
0.224582806
0.421092957
0.2377505
0.055409089
0.707228541
0.572933018
0.502823532
0.099677175
0.059966844
0.006328574
0.022947684
0.025464177
0.046540126
0.123566657
0.236718059
0.296708584
0.440649062
0.70361656
0.887784839
0.697055042
0.817636967
0.380180895
0.246026203
0.037000667
0.004239161
0.316056937
0.000746742
0.015726175
0.180264026
0.221330628
0.042540502
0.008077855
0.008251707
0.01353248
0.029559547
0.067223534
0.0023731
0.04533527
0.286439121
0.021699393
0.009233741
0.033540472
0.472507596
0.175749898
0.093271241
0.026066573
0.071239188
0.104762547
0.035162881
0.466115594
0.714092195
0.032716382
0.050821584
0.591012478
0.870921314
0.83309865
0.79464215
0.088988461
0.547599196
0.105041467
0.083715804
0.463936985
0.348043591
0.592839837
0.109149113
0.031712469
0.00614864
0.009854605
0.026549207
0.019396117
0.002421014
0.002003229
0.045820378
0.01146095
0.00038867
0.010787341
0.091558069
0.010534368
0.001914349
0.007236463
0.001686076
0.001303825
0.001569959
0.003940891
0.000678847
0.002158743
0.022567596
0.042340055
0.002254558
0.012955481
0.1567031
0.036990121
0.011342934
0.552212179
0.33204338
0.075537726
0.085559331
0.91292274
0.70720011
0.806294024
0.350980788
0.092787996
0.131675094
0.046111587
0.224771574
0.089905277
0.008721082
0.017652482
0.009932281
0.012759086
0.01662932
0.016827881
0.005620257
0.002735537
0.001753833
0.001234727
0.000888092
0.000523384
0.000940442
0.002736205
0.000832557
0.00284268
0.012109578
0.002073518
0.010321779
0.0137853
0.11996863
0.04528242
0.121706612
0.137714908
0.444587201
0.448869497
0.400355339
0.788146198
0.887966514
0.742549598
0.863765776
0.946262538
0.832818151
0.715451717
0.809010744
0.924620032
0.731624305
0.676825821
0.716174245
0.844957829
0.733442724
0.780632079
0.801175714
0.914292276
0.87257874
0.824696064
0.839173377
0.943273008
0.935920298
0.805644572
0.838394165
0.911569178
0.836416602
0.360927999
0.2235661
0.098150738
0.236177623
0.218872383
0.303976864
0.607394099
0.178129092
0.910841525
0.580081582
0.49496305
0.899854958
0.790176272
0.755719006
0.822023273
0.130472124
0.632950723
0.04655049
0.46664378
0.167996287
0.159889162
0.095648512
0.06985341
0.161075801
0.018890059
0.038874328
0.042276725
0.041325152
0.152127221
0.035698459
0.102119878
0.104935609
0.529531479
0.267361045
0.810734034
0.733181477
0.582970321
0.688170314
0.873105764
0.460835844
0.459767103
0.552859247
0.109159298
0.056883827
0.155440748
0.059662212
0.132767275
0.086190209
0.163564146
0.112165675
0.496151388
0.402494162
0.153020814
0.65821147
0.069246896
0.57209444
0.165808886
0.129377887
0.062940724
0.132769316
0.028932568
0.021867676
0.026220573
0.01507311
0.028572448
0.028309822
0.010035661
0.00502049
0.004109297
0.009960786
0.003517288
0.004557429
0.062471308
0.021863824
0.019186812
0.043789137
0.048495077
0.05561791
0.013226314
0.005315693
0.043726794
0.013739716
0.022313934
0.038865861
0.017721634
0.061730981
0.036954604
0.027460068
0.040685888
0.034413841
0.036380291
0.013546344
0.003073806
0.01020641
0.018515989
0.007032393
0.013517459
0.025626805
0.008825299
0.025084833
0.01755715
0.026368363
0.011603284
0.016318882
0.006068864
0.011432637
0.002567723
0.02021477
0.091451451
0.048113089
0.067447841
0.007531773
0.038303737
0.078855619
0.012764943
0.021949647
0.054865021
0.083073586
0.003935365
0.021293432
0.13030602
0.194049612
0.01193282
0.093943432
0.096011721
0.220313519
0.028584514
0.039605837
0.547610998
0.182905897
0.041770753
0.240205571
0.062797219
0.19210799
0.093361214
0.020551901
0.007612589
0.013119642
0.009806988
0.006072558
0.031678345
0.008374611
0.007383159
0.011648284
0.005397722
0.011636026
0.007600462
0.014186624
0.011839685
0.001082782
0.0008127
0.005442996
0.010853275
0.004863511
0.045339834
0.002904947
0.007929399
0.083681114
0.013593788
0.015909379
0.027789811
0.1366487
0.01456584
0.032882541
0.061216388
0.052073553
0.004320543
0.027870625
0.034516286
0.026389053
0.000545526
0.005276051
0.006394105
0.011353271
0.011904624
0.013245991
0.019419217
0.014881773
0.027804749
0.005429043
0.009726997
0.01362243
0.01466865
0.014566882
0.024173982
0.003598214
0.02241935
0.029818377
0.006946456
0.013220618
0.018179955
0.025938485
0.012240346
0.026943691
0.002144504
0.007213523
0.003566899
0.002623189
0.003238394
0.001959015
0.002696094
0.142995283
0.021564366
0.011934102
0.00918058
0.01339658
0.015040834
0.013088549
0.005697378
0.008995429
0.003735477
0.003774775
0.012022679
0.01425821
0.08662612
0.102600239
0.131937906
0.020788623
0.13788864
0.023641324
0.07934913
0.025197243
0.010706215
0.011214514
0.059523676
0.0797102
0.013522763
0.083887056
0.029360283
0.066026829
0.017995199
0.119291872
0.087964803
0.059881769
0.140313819
0.303174645
0.057412781
0.728631794
0.482738018
0.044411533
0.906791568
0.946995378
0.357337564
0.436336517
0.192928791
0.066065662
0.470172614
0.51882416
0.318574488
0.618485808
0.618917465
0.851733744
0.739787221
0.087924913
0.075878926
0.563923717
0.265820891
0.019071281
0.186214238
0.042301539
0.018007835
0.044822767
0.03324458
0.190871403
0.39107132
0.441430956
0.637200892
0.837059796
0.944351792
0.9598189
0.022552235
0.055854853
0.018476883
0.131886557
0.014433669
0.274508446
0.007622216
0.004490158
0.01117744
0.064225346
0.00430889
0.014918272
0.041516677
0.058064327
0.006622403
0.007311996
0.005718061
0.001756439
0.000760861
0.003692708
0.001893082
0.001709227
0.002230518
0.013004714
0.013548301
0.00660506
0.005036909
0.023781287
0.051609755
0.021510044
0.01619212
0.216275334
0.122936159
0.862449467
0.093767554
0.857988358
0.715830088
0.878678858
0.72062552
0.768403292
0.808757544
0.289229274
0.313213915
0.27463299
0.179417953
0.701355219
0.677179873
0.236904174
0.509548843
0.897574365
0.316071928
0.597024798
0.037840862
0.071837306
0.011275117
0.053580102
0.035624318
0.017454445
0.030867692
0.014995875
0.029236862
0.013842335
0.002040035
0.035757054
0.039119504
0.043603104
0.230088472
0.752046883
0.165540859
0.061286625
0.110455237
0.004259167
0.469100803
0.164251372
0.006926171
0.015956793
0.025280949
0.012543703
0.051690117
0.090194419
0.051569462
0.053218797
0.218143478
0.303725183
0.081395969
0.58237493
0.620290339
0.672648311
0.117010422
0.223376796
0.098380543
0.046424732
0.216397196
