0.333977789
0.10404516
0.056291539
0.026306102
0.006018998
0.074033529
0.024676289
0.041520793
0.08351621
0.029072501
0.085342437
0.045438636
0.16078347
0.225882068
0.019258481
0.158835411
0.279660136
0.498084217
0.080407098
0.68241477
0.623817801
0.034098938
0.208733484
0.364798516
0.124002278
0.095843151
0.046027496
0.150413051
0.074545741
0.118869454
0.042281881
0.260661691
0.029665485
0.027125239
0.010655033
0.020366773
0.021963039
0.00349205
0.020069571
0.075016595
0.008630458
0.005282649
0.020707611
0.026097333
0.033527184
0.022532267
0.072281934
0.083715998
0.069602676
0.042404491
0.091671854
0.073619075
0.052184634
0.111906908
0.157481775
0.148352683
0.113063663
0.171154425
0.527656257
0.25946945
0.359236538
0.19726266
0.178027794
0.127155155
0.101328522
0.129876241
0.057416148
0.153766274
0.062322691
0.030306512
0.074805416
0.065345921
0.124821804
0.097697996
0.134168148
0.114994682
0.025394548
0.086621501
0.058873136
0.128327265
0.123202503
0.08301717
0.028584454
0.082585245
0.07021451
0.290206999
0.247646868
0.048942029
0.689977467
0.295074254
0.173450023
0.255791545
0.162853777
0.133256331
0.237132102
0.269804239
0.420361727
0.078124374
0.169160128
0.149496838
0.070423275
0.174342915
0.103940062
0.106196739
0.034930345
0.161352664
0.420093417
0.040594354
0.022680311
0.000883116
0.000510182
0.000403054
0.002037094
0.000228044
0.032089554
0.006609623
0.000631976
0.006318417
0.009586721
0.006391996
0.00069478
0.001423432
0.016234424
0.000109806
0.000549825
0.010815056
0.00038385
0.000257448
0.004570019
0.034462783
0.003305733
0.002610463
0.001290924
0.005981266
0.000251678
0.004921679
0.000161486
0.000784119
0.000291819
0.011751006
0.013199324
0.066071987
0.070190199
0.00181578
0.080673985
0.018783754
0.125443265
0.060542602
0.091368802
0.056002904
0.209192112
0.13982822
0.114015825
0.068527699
0.048847143
0.060814593
0.019644449
0.042365991
0.002853265
0.044943362
0.023996342
0.014059728
0.010107562
0.007902696
0.007366997
0.006840689
0.015408202
0.001427713
0.012430433
0.006856822
0.002564349
0.003844318
0.023508178
0.020602155
0.005985948
0.007866071
0.029765623
0.012932977
0.04031558
0.076861136
0.097397454
0.048364617
0.022250723
0.006079999
0.066106334
0.027342267
0.008486892
0.021753103
0.021944024
0.012331872
0.024896875
0.051689841
0.019499587
0.002760911
0.031434894
0.024688011
0.002841551
0.0016673
0.027231084
0.014731036
0.05780112
0.027939113
0.006196113
0.020973837
0.021994077
0.175976023
0.006072708
0.110181302
0.019257255
0.01708013
0.007569815
0.025706749
0.004353124
0.092930749
0.404276341
0.139470205
0.010733001
0.525459409
0.456859142
0.081563964
0.051232573
0.700287819
0.382477403
0.10874258
0.159291282
0.758561432
0.495069027
0.185983449
0.396628678
0.582132876
0.299033046
0.387665987
0.575722635
0.383399546
0.566449761
0.065296255
0.521830261
0.119732402
0.062718816
0.07058046
0.004769357
0.173142567
0.009394679
0.074699827
0.028606337
0.080779612
0.069913045
0.07655938
0.008443272
0.000401802
0.014249399
0.006804166
0.000134654
0.000169844
0.0007807
0.002070499
0.000912083
0.000112591
0.000638506
0.007278244
0.000480264
0.001794353
0.012982571
0.020815261
0.012489812
0.012959891
0.096802808
0.232728168
0.456881642
0.374617606
0.632278264
0.508726418
0.166750699
0.172287613
0.593333662
0.133739531
0.039854664
0.079412416
0.260227352
0.024307054
0.008958197
0.196730614
0.021976329
0.002469774
0.038911995
0.09776099
0.049281105
0.313476712
0.028396958
0.62110436
0.730377018
0.77049011
0.780699015
0.371198446
0.794194281
0.223435611
0.005125669
0.056116607
0.097510509
0.017619975
0.03856039
0.100264236
0.018910099
0.002495588
0.058295861
0.05972755
0.01492055
0.024332728
0.074764535
0.023294024
0.012030277
0.011383112
0.009261356
0.005793836
0.002939378
0.002331723
0.004517647
0.001839216
0.006794313
0.010790607
0.007071107
0.002890351
0.008780993
0.007987957
0.021809572
0.044207513
0.103152014
0.061999962
0.142376229
0.081610203
0.087740377
0.115159243
0.009161798
0.025286753
0.058082554
0.097306117
0.010330901
0.006692896
0.059981
0.013384548
0.014159235
0.058598232
0.063095257
0.013265522
0.076560587
0.032311134
0.083380878
0.056786973
0.017776858
0.009835827
0.032530792
0.01482068
0.007815533
0.014850062
0.016085094
0.018019816
0.007285304
0.021550667
0.019991798
0.04554053
0.080640532
0.036371749
0.068033919
0.052473351
0.054925144
0.076930761
0.010282069
0.014515007
0.04003812
0.065982893
0.016888563
0.008083672
0.082484759
0.028497646
0.030599378
0.076563448
0.208829805
0.106780112
0.131103739
0.077148803
0.041573279
0.014985989
0.029849902
0.008585436
0.006682505
0.009714768
0.018913068
0.009378257
0.001468689
0.010083211
0.009627985
0.002651952
0.010123988
0.02886072
0.029692084
0.072928116
0.065114804
0.01682537
0.02302926
0.00610309
0.006148215
0.005832983
0.032362141
0.05586445
0.021800473
0.004810568
0.030154942
0.038001958
0.00852993
0.006983373
0.031220969
0.020879487
0.015095694
0.01425693
0.007315285
0.004780537
0.011936841
0.00635819
0.002334718
0.001732936
0.007209111
0.004736888
0.001262882
0.00647279
0.004378805
0.001481862
0.002185887
0.007155413
0.008515787
0.011309046
0.053549107
0.028146856
0.060843743
0.046827607
0.027839467
0.032008551
0.033538233
0.059441231
0.004476537
0.013124322
0.030070558
0.014537602
0.005692837
0.007537864
0.041993763
0.008476678
0.006268302
0.070573322
0.054309398
0.02649796
0.036698714
0.016621601
0.090637542
0.019835947
0.011570042
0.006590371
0.012924371
0.008049151
0.004862994
0.024028258
0.013756869
0.011164074
0.005870006
0.011207108
0.028967241
0.041555382
0.078050807
0.047851104
0.047376178
0.068929367
0.062827095
0.08886341
0.017091453
0.021824764
0.062707432
0.099242784
0.014130011
0.007320772
0.072853558
0.020740543
0.018151248
0.040359206
0.139439195
0.070901953
0.0636115
0.02877287
0.024322756
0.004030251
0.012175343
0.004447307
0.010703236
0.010062191
0.010448867
0.020342214
0.013684032
0.014827581
0.008581062
0.015895154
0.008010648
0.03008756
0.034787599
0.021485174
0.017455647
0.04291793
0.008148006
0.101416625
0.015999394
0.017624037
0.0609379
0.088028871
0.009317637
0.004889557
0.102581419
0.011336179
0.007604894
0.044657499
0.095234439
0.041324768
0.031870548
0.023987409
0.06411773
0.012304351
0.014313021
0.006085759
0.011951185
0.003591926
0.01104307
0.016451554
0.005275901
0.003634593
0.003584624
0.012168084
0.004948427
0.011606274
0.009790604
0.008045146
0.007761617
0.004719959
0.015870798
0.003071309
0.002757277
0.016196754
0.001395885
0.005148313
0.010279929
0.007066608
0.013820753
0.025778338
0.02526482
0.050387472
0.108184971
0.012628641
0.025269143
0.10040348
0.064772479
0.019528206
0.141814828
0.194890454
0.019448066
0.029180251
0.250413567
0.134260982
0.07577078
0.143032357
0.093092285
0.309789538
0.161307529
0.044724952
0.267408043
0.14749907
0.076001041
0.021113923
0.268900841
0.169571534
0.076541297
0.073017567
0.004485724
0.014759674
0.051720165
0.008880001
0.00239106
0.019275194
0.073346831
0.014221724
0.009264384
0.005122082
0.009749353
0.022703474
0.005326066
0.001949675
0.000596427
0.000551748
0.031537198
0.023139637
0.046724938
0.12608093
0.029769002
0.048474424
0.133109555
0.095023379
0.028078118
0.04337465
0.002411259
0.012598052
0.007120856
0.038163621
0.091881484
0.059982009
0.011132397
0.067388259
0.028109128
0.010899521
0.050854322
0.002032854
0.07743603
0.064135693
0.072836675
0.098394535
0.022634991
0.004774556
0.011809421
0.000944701
0.045763221
0.029624967
0.00292747
0.040388424
0.091311499
0.116460048
0.191777781
0.188469633
0.470623195
0.164663777
0.425175309
0.032353964
0.182731926
0.018840911
0.062450368
0.001821753
0.009113831
0.000377274
0.045319129
0.000661176
0.041102823
0.006497922
0.035545297
0.155643508
0.090178445
0.18418473
0.227513835
0.030114969
0.005481882
0.011973321
0.002882846
0.020005694
0.025768029
0.007950463
0.067160174
0.008890477
0.334761888
0.028345106
0.539637387
0.036795128
0.223960474
0.08074633
0.059953187
0.290899247
0.04298079
0.367088914
0.017493308
0.565343082
0.034252528
0.11399769
0.006922649
0.085493468
0.053395569
0.007316237
0.004850498
0.005558745
0.013195113
0.001131259
0.003178325
0.018605687
0.004912352
0.001490983
0.03664548
0.015262052
0.003925165
0.025759052
0.00954398
0.00398112
0.004127601
0.008081746
0.003660782
0.010208371
0.005655606
0.01531565
0.003536577
0.021357136
0.003594798
0.032236218
0.012214379
0.031469893
0.026999002
0.057864461
0.03417125
0.038975138
0.003350347
0.001678161
0.009251513
0.007451285
0.016984919
0.007177928
0.005440684
0.004221958
0.025264656
0.008165505
0.077151626
0.016141267
0.159701318
0.005437104
0.084241457
0.003947716
0.083999328
0.007305934
0.143913209
0.078792498
0.072444923
0.107392393
0.042372182
0.075848483
0.001425103
0.036930535
0.003079511
0.047157757
0.005083933
0.039054021
0.003017549
0.041093528
0.004018656
0.059839137
0.092277743
0.146630272
0.150835887
0.095831536
0.234878734
0.015345184
0.046386167
0.007419627
0.01292593
0.003088611
0.013863029
0.001598584
0.017271306
0.001862513
0.046915375
0.001343616
0.031791456
0.06159801
0.007386186
0.045876544
0.021568516
0.035881452
0.014252522
0.071560144
0.005671599
0.079474561
0.01926391
0.06370905
0.063510574
0.031992741
0.060629304
0.02372594
0.145354018
0.025992317
0.336923689
0.284367323
0.608450174
0.469216853
0.167676911
0.53016758
0.044821009
0.433155179
0.01963412
0.252515346
0.036998104
0.166829571
0.047965962
0.060762871
0.008381349
0.05406801
0.008891609
0.087697923
0.057600766
0.045434531
0.105173238
0.09334401
0.160106525
0.101687677
0.101237833
0.079494268
0.115150236
0.068235144
0.067040093
0.063520111
0.06584435
0.081556939
0.016258728
0.169117063
0.011172689
0.136082113
0.042509191
0.278257608
0.012768813
0.222044602
0.109942131
0.16203478
0.137857661
0.046621483
0.212723568
0.110814154
0.048849691
0.108315811
0.107334822
0.101816267
0.053601403
0.179526165
0.095520377
0.107933275
0.293151021
0.163290828
0.036370914
0.052714441
0.004895988
0.037894044
0.006283962
0.089573875
0.183239073
0.022625742
0.320675164
0.018125094
0.215452477
0.016730273
0.133447915
0.034055412
0.101889648
0.182636261
0.010983192
0.073016889
0.00390951
0.408301532
0.01716792
0.17123647
0.012968434
0.145835072
0.008867294
0.021116354
0.001796991
0.005813308
0.040835109
0.166153401
0.067031622
0.092700288
0.029117107
0.102626242
0.005381645
0.014316889
0.029540874
0.029320955
0.003116219
0.017356388
0.050194129
0.019049197
0.013985966
0.087908588
0.005030996
0.002222589
0.029125068
0.013273526
0.001666187
0.015780199
0.02556253
0.003883846
0.001594016
0.022000775
0.017993208
0.002147419
0.005101191
0.014034051
0.008219251
0.003985337
0.02578174
0.018484209
0.015715087
0.062918097
0.065932862
0.019974491
0.051900711
0.011537086
0.084566705
0.019758256
0.01860274
0.012360061
0.079946458
0.008925698
0.002982674
0.036169473
0.015582587
0.002593777
0.010131598
0.029400233
0.013009049
0.002163543
0.028831013
0.011441313
0.007661371
0.003346178
0.027391883
0.011210596
0.052492496
0.004670845
0.005407946
0.007380885
0.008306723
0.019193165
0.017016929
0.020391321
0.01221896
0.048452012
0.049130768
0.003097477
0.017938234
0.05272945
0.046027713
0.002427481
0.013043035
0.103379466
0.009632833
0.002989759
0.00414572
0.092413932
0.061316479
0.003136984
0.04319904
0.045143966
0.08778841
0.003191867
0.012767547
0.03062536
0.024060652
0.119599544
0.095441237
0.045985475
0.082330681
0.026473861
0.107763618
0.121365286
0.133025914
0.023086788
0.072820522
0.061655391
0.021644194
0.034055065
0.032313056
0.096023165
0.011363531
0.063030817
0.04231048
0.026763417
0.112573743
0.061930735
0.034853913
0.068874039
0.027463373
0.111082241
0.101217344
0.140927196
0.328554302
0.085906506
0.284037262
0.081123799
0.026966916
0.047142316
0.033427477
0.029791914
0.046634562
0.089607574
0.021011624
0.027614219
0.09309458
0.06233006
0.008641139
0.074342571
0.116130121
0.00602764
0.015013479
0.058747642
0.049717888
0.010318
0.035539448
0.02997593
0.007943681
0.017037265
0.064564526
0.11074362
0.162073985
0.011616157
0.005197814
0.088352524
0.064735457
0.018141143
0.062643275
0.094485499
0.00580615
0.058779117
0.245805413
0.126641124
0.009160283
0.085360445
0.401833296
0.111164436
0.057452083
0.567709565
0.138747662
0.018583467
0.147635043
0.299947053
0.078255661
0.07568413
0.270820022
0.175042108
0.41496703
0.566203296
0.590126634
0.732601523
0.822991848
0.766190767
0.617177784
0.499899924
0.815882385
0.517738044
0.097578995
0.157789573
0.158800378
0.037238691
0.011874481
0.029264513
0.023673786
0.043542396
0.003487797
0.015447807
0.010929552
0.030195171
0.048663594
0.018984137
0.07642068
0.006136879
0.015173481
0.112421744
0.132387817
0.010174593
0.016924366
0.321845204
0.074556023
0.004817314
0.081635438
0.041067153
0.066379674
0.13260816
0.239900783
0.442715377
0.483141512
0.509932637
0.498690218
0.463076681
0.1860203
0.336090147
0.812275052
0.523354113
0.326282054
0.800225139
0.673699796
0.118548565
0.625497222
0.795701325
0.095732108
0.139036804
0.608602524
0.584735036
0.060520858
0.294980019
0.396701604
0.118175685
0.152713701
0.078235202
0.172552556
0.227015793
0.036710989
0.193730876
0.099771529
0.082461342
0.062574856
0.067567505
0.066957586
0.053737268
0.054167289
0.152088761
0.033602156
0.0882603
0.169918925
0.181875721
0.30165872
0.154960155
0.189987049
0.079136506
0.769052565
0.724889696
0.681193352
0.44826597
0.744630933
0.83882308
0.421138138
0.5359025
0.79669404
0.657074273
0.472247928
0.413569212
0.373271585
0.736017764
0.355006516
0.641031325
0.290746033
0.228594571
0.149613842
0.293268204
0.112294123
0.202165693
0.351923734
0.24281387
0.072548807
0.299971074
0.432192743
0.330169708
0.195448905
0.331707895
0.211779624
0.290603727
0.212398365
0.22330533
0.271370083
0.197573498
0.180976555
0.329271883
0.090100929
0.291802794
0.129633635
0.156659395
0.463633716
0.632906914
0.63362807
0.806741297
0.696979284
0.64254266
0.854327261
0.774438918
0.617582858
0.768340349
0.904688001
0.634500682
0.617097914
0.725511909
0.497249007
0.635542572
0.347592622
0.689352989
0.172423646
0.033313923
0.01594609
0.041184433
0.083646789
0.085821219
0.165622741
0.041084252
0.076245211
0.112257831
0.269811362
0.138188526
0.21972914
0.079633355
0.14254728
0.151042968
0.024142716
0.046657138
0.058172524
0.014911097
0.007104234
0.027304502
0.027273845
0.004838453
0.009082063
0.015829427
0.017416991
0.00693142
0.019581525
0.036612641
0.00272586
0.001110171
0.009991681
0.024245257
0.017467052
0.036665171
0.010853796
0.008981115
0.044132151
0.017197989
0.063491866
0.088539064
0.041241553
0.103835694
0.032128632
0.00549328
0.026122419
0.003252298
0.002220265
0.005145888
0.002118205
0.001346318
0.002930579
0.005083926
0.010186471
0.009200702
0.014945366
0.002620204
0.005295577
0.00098254
0.000457374
0.005707287
0.002731188
0.013901019
0.002836732
0.008058333
0.047805998
0.126543045
0.051893797
0.498118937
0.111228198
0.344726354
0.033548899
0.014270192
0.046694487
0.057821222
0.00954774
0.001897361
0.020605756
0.011934608
0.006211819
0.002061563
0.011254162
0.005825786
0.000721324
0.005637956
0.017071383
0.00459934
0.004086542
0.00666021
0.029466953
0.010779838
0.021345969
0.005664182
0.000726139
0.001782291
0.000755858
0.000398579
0.000333123
0.00071517
0.001538948
0.000828835
0.001184386
0.000718588
0.004595295
0.002222516
0.006570453
0.014745474
0.020700218
0.021103924
0.021231424
0.016122332
0.027734682
0.013627462
0.076763682
0.104424335
0.205259681
0.17929785
0.415567011
0.247191504
0.277001858
0.486686617
0.514456272
0.671354413
0.191325828
0.216482386
0.140206054
0.029183872
0.085963786
0.022876086
0.058941219
0.030176159
0.07846766
0.058396425
0.04379341
0.102674514
0.057200219
0.090335324
0.014662772
0.023318266
0.069810517
0.017487062
0.033204611
0.071975581
0.013560964
0.035928302
0.042906195
0.021979118
0.041780837
0.040647615
0.062571943
0.09948875
0.212034225
0.087902106
0.078823969
0.106630668
0.104737572
0.099081136
0.047270689
0.089675725
0.137775883
0.34856829
0.162003219
0.016756907
0.046843566
0.010968657
0.057249509
0.046399828
0.019408399
0.028250515
0.025658196
0.029720904
0.043399449
0.015714118
0.011156022
0.022281686
0.011542624
0.007953555
0.008794093
0.014429206
0.012047341
0.004876306
0.01376092
0.010182597
0.003851324
0.004330182
0.002770754
0.002969864
0.002967249
0.000683081
0.00886998
0.001887112
0.011212633
0.006554611
0.07669805
0.06617631
0.559871376
0.349847913
0.14226386
0.154164657
0.007760455
0.043216281
0.020764556
0.019841557
0.019119641
0.037758313
0.077633299
0.057445642
0.075531662
0.053990874
0.040358178
0.012673235
0.026789078
0.012418299
0.023150831
0.022234328
0.006930718
0.003579925
0.033177078
0.01162748
0.001177565
0.003761198
0.019335084
0.003021888
0.001307207
0.010967177
0.013531245
0.002567742
0.005733029
0.018162612
0.0246986
0.022361336
0.030376883
0.036507364
0.057189886
0.127477825
0.043405715
0.194648549
0.049583215
0.024894817
0.075403243
0.054651752
0.114049248
0.149768278
0.265062362
0.360621661
0.454076469
0.185120493
0.054497208
0.041860055
0.012365684
0.036523454
0.012176994
0.024101082
0.03303514
0.011979743
0.004580747
0.010452827
0.027152739
0.023383569
0.009111317
0.005411481
0.007569421
0.001216203
0.002217585
0.003032154
0.024150211
0.007917075
0.146108359
0.012588374
0.103518561
0.224002048
0.352822989
0.289785117
0.414594024
0.394889772
0.232315972
0.523103058
0.660679281
0.112672821
0.210895523
0.114185326
0.16062437
0.146183759
0.022606805
0.042807456
0.047082413
0.02584332
0.002862484
0.015068877
0.01760806
0.005240997
0.002469156
0.005930175
0.001354109
0.001737875
0.00177975
0.002773318
0.001216953
0.000538402
0.001465598
0.00326479
0.000533134
0.002116474
0.003535853
0.003722321
0.007382831
0.055248708
0.105490655
0.03797603
0.143448278
0.154963642
0.250620723
0.031026494
0.038980231
0.144107029
0.136575267
0.004530679
0.092126019
0.132302046
0.20004046
0.035776801
0.01990022
0.017505677
0.00226537
0.001516829
0.018299049
0.003844622
0.001002767
0.011257355
0.010128013
0.008480744
0.009589124
0.039129246
0.013672749
0.06782265
0.058780991
0.022462217
0.18796277
0.264662117
0.587258041
0.287112653
0.574891448
0.328194022
0.57489109
0.309405655
0.290929049
0.343503863
0.182794675
0.296925217
0.25569573
0.184219018
0.346902013
0.374419332
0.17611903
0.225176781
0.53559798
0.244621828
0.349394411
0.052152235
0.053098883
0.043230098
0.026994571
0.034229811
0.082693882
0.222354189
0.094626382
0.152970731
0.172131106
0.010495132
0.062312901
0.03837835
0.100431956
0.206867814
0.261392295
0.171310157
0.032138314
0.190917268
0.01473177
0.277045518
0.354777008
0.016797045
0.081251033
0.213554636
0.093373924
0.289954364
0.395176291
0.407166988
0.327806354
0.520512283
0.617015302
0.401644975
0.541198552
0.525515795
0.465949923
0.359470993
0.371397495
0.270959944
0.067207091
0.244429737
0.014404869
0.003073573
0.024257399
0.015193458
0.001081303
0.006600343
0.065419875
0.041938931
0.106817588
0.103764549
0.199930921
0.07599391
0.016615601
0.03533946
0.085687235
0.028025633
0.02009845
0.084502421
0.047794234
0.065341257
0.011817792
0.128570572
0.00633733
0.066657133
0.029745437
0.234377474
0.027531587
0.01390223
0.010635629
0.071222223
0.005145974
0.045809653
0.008349427
0.261197776
0.030846547
0.170317546
0.047422901
0.009045505
0.009809971
0.022506788
0.226142749
0.015633577
0.119384803
0.015100503
0.301611483
0.082981698
0.207951456
0.613785267
0.724207401
0.301132858
0.384370565
0.430075467
0.453062028
0.653107584
0.850708187
0.743017077
0.446553946
0.759295285
0.866482973
0.515565872
0.343375236
0.817803025
0.738180935
0.229099378
0.651826084
0.587255955
0.573720694
0.515327096
0.281929016
0.173319548
0.061272528
0.271723181
0.210034654
0.058481652
0.596052051
0.303860813
0.709784448
0.789378583
0.731547952
0.787317932
0.724530458
0.572889566
0.638031662
0.245022774
0.367919743
0.06448938
0.741040349
0.025469052
0.205308124
0.00892296
0.101951629
0.015284277
0.012449917
0.061714455
0.062867232
0.050631169
0.00289386
0.017286044
0.006397165
0.002173271
0.018102663
0.066327862
0.022249948
0.004719104
0.020788835
0.060566522
0.019893363
0.007025534
0.017447602
0.005206223
0.020731354
0.012591884
0.085833937
0.063508987
0.043376662
0.02726059
0.250592887
0.134292006
0.237600431
0.114693396
0.0154206
0.022532178
0.023900773
0.006427427
0.006610299
0.000713236
0.009099794
0.001470414
0.00736563
0.001657616
0.009331988
0.019192824
0.009870092
0.036636852
0.045902871
0.147997186
0.040860392
0.109483495
0.141382456
0.067865051
0.028046787
0.01115397
0.00810637
0.019704625
0.064831339
0.009249424
0.008247234
0.008741635
0.001903833
0.005087366
0.00565143
0.02039603
0.004752425
0.000421216
0.004511137
0.024342215
0.002364851
0.004940702
0.013981366
0.021301415
0.006252547
0.004037248
0.023340104
0.011862692
0.007064123
0.210613623
0.014830388
0.002402036
0.192296967
0.257147968
0.070079684
0.017689871
0.097670674
0.227520034
0.051756442
0.030629735
0.264164269
0.249789834
0.043211065
0.108697042
0.042645253
0.020739032
0.172733217
0.195672154
0.135432392
0.262646228
0.585138619
0.634598076
0.701630235
0.473196924
0.443371236
0.707887828
0.702194452
0.158160225
0.541138053
0.620197535
0.268017858
0.746925235
0.304748297
0.210355178
0.666640937
0.238094285
0.274108052
0.396167964
0.251738191
0.099943899
0.323433101
0.153316736
0.281206131
0.380936563
0.168994546
0.421763778
0.49649027
0.158726797
0.116836116
0.020678267
0.021735592
0.003443814
0.023846837
0.027198691
0.013815841
0.017395312
0.014876621
0.077878878
0.017683476
0.004905371
0.00569921
0.006404215
0.011285026
0.004681196
0.000972569
0.00444664
0.002513251
0.001541727
0.008427916
0.009119913
0.009044128
0.083870895
0.079936728
0.146983162
0.042366046
0.029795386
0.092672497
0.077806421
0.047329277
0.10444288
0.005385995
0.002503403
0.006629962
0.0149605
0.004024169
0.030109067
0.023079813
0.015857382
0.040367614
0.031294346
0.041165806
0.086414538
0.063187033
0.020259973
0.014290489
0.012670205
0.004592084
0.001512774
0.00023435
0.005164271
0.000642579
0.003442516
0.001834363
0.006701295
0.016251611
0.006097932
0.024548799
0.011611959
0.00629456
0.003593285
0.004336247
0.002563643
0.008385908
0.001486977
0.009114038
0.005633509
0.00215487
0.059435405
0.004351745
0.028144727
0.005934616
0.026470542
0.015500572
0.002604543
0.001044344
0.000274447
0.001350989
0.001847328
0.019217769
0.005015878
0.051841553
0.015426544
0.063996762
0.046041526
0.00631616
0.038667984
0.012956317
0.011338177
0.011058411
0.068940289
0.010462005
0.015078348
0.031490497
0.144624174
0.084855415
0.025762986
0.014447567
0.026059704
0.014477676
0.182270423
0.024838205
0.07525222
0.13940157
0.093809135
0.027165048
0.099231184
0.083997585
0.198516607
0.187820315
0.108791254
0.174777046
0.154172346
0.017862493
0.013047892
0.007742528
0.028998643
0.010107123
0.001154436
0.001698444
0.003457047
0.001458489
0.014474031
0.001955792
0.011043695
0.01154654
0.018416831
0.007003832
0.012887936
0.018118953
0.005111814
0.010228211
0.003817437
0.013375244
0.009877039
0.024015201
0.054940358
0.026947793
0.042735305
0.021673296
0.08832299
0.034168422
0.01831018
0.012948733
0.014905631
0.003131454
0.000859049
0.018477021
0.007772118
0.00225627
0.000850242
0.002826059
0.002188934
0.000930984
0.00074798
0.00115029
0.001246652
0.001029601
0.001832822
0.002446972
0.001270114
0.001452792
0.002993274
0.001117914
0.000854147
0.001978162
0.023246948
0.006742441
0.00152867
0.002494964
0.000961141
0.000919224
0.001259167
0.003369364
0.001336663
0.085657351
0.125672817
0.05588273
0.003664287
0.003353839
0.041535903
0.021984192
0.002780918
0.005073659
0.006964095
0.006393468
0.000476897
0.006278414
0.003558746
0.000597036
0.001389429
0.003529462
0.003110151
0.007269409
0.003903786
0.001778173
0.000814058
0.001352461
0.00260141
0.0013794
0.00164243
0.000269428
0.000822689
0.002067565
0.004992885
0.007300521
0.08112213
0.00934155
0.057839304
0.014446346
0.008397716
0.028246222
0.024065312
0.018001957
0.05825102
0.046668973
0.023614483
0.02889806
0.108194076
0.016271522
0.037794247
0.029681521
0.014497502
0.015940029
0.047840502
0.036906235
0.02326652
0.055908073
0.092551082
0.082332231
0.031456217
0.045199178
0.050027207
0.024060752
0.009360811
0.008420165
0.048208866
0.004721886
0.009670773
0.041317843
0.02290404
0.013593635
0.018364007
0.070001945
0.016526626
0.028254032
0.143956602
0.01254999
0.026811833
0.045674801
0.127441034
0.023073006
0.021545932
0.065917186
0.01055242
0.030118719
0.033962753
0.090448909
0.061539624
0.11434719
0.239991426
0.372142106
0.077219643
0.0144968
0.173461944
0.299706906
0.0359856
0.144075021
0.5392434
0.212543994
0.022852201
0.240608811
0.269037366
0.094333917
0.030137228
0.159471467
0.137616619
0.118094213
0.103190579
0.233674601
0.119195685
0.101712152
0.10811311
0.101638794
0.170749113
0.264039993
0.442388535
0.09895739
0.05840864
0.168081835
0.22144407
0.086891681
0.178202182
0.126266271
0.0623626
0.074188784
0.150299817
0.260752082
0.138335526
0.193899602
0.139684543
0.176623076
0.091292143
0.022938034
0.048959143
0.018644009
0.038758416
0.02425047
0.010321307
0.00542094
0.009144689
0.011967998
0.009764696
0.015560015
0.002048481
0.00590141
0.004255435
0.003766823
0.002731554
0.001505647
0.00869978
0.011202365
0.021460524
0.012192112
0.032388795
0.017910698
0.065223053
0.069534145
0.04299055
0.067791536
0.206327021
0.12367253
0.035971135
0.19084619
0.209093049
0.112163596
0.047403775
0.256419688
0.528083622
0.135703519
0.067832351
0.04127533
0.219179824
0.061087389
0.058519673
0.020717544
0.027973194
0.019807005
0.022741452
0.005586687
0.002676499
0.007159669
0.01608962
0.001299697
0.00111656
0.010305718
0.008675166
0.002217182
0.001456063
0.001669325
0.000752242
0.000962116
0.002704897
0.017492028
0.011868283
0.005383253
0.059962437
0.108243436
0.087680906
0.166293681
0.32177192
0.038242377
0.03835253
0.02602735
0.046452604
0.008362956
0.024380829
0.040611334
0.022392297
0.010803201
0.003825904
0.015482157
0.026687784
0.003576409
0.022892538
0.002938316
0.002528965
0.003380243
0.006022873
0.015649848
0.002819311
0.001203023
0.006709622
0.005122147
0.002633161
0.009547722
0.008344612
0.004749607
0.015156287
0.001875304
0.010070848
0.008614351
0.018880928
0.04757186
0.043530304
0.026837718
0.065663502
0.03149195
0.007181028
0.000754341
0.017786073
0.000572039
0.006229836
0.001003348
0.001109538
0.003817133
0.001414947
0.000951986
0.000789693
0.009236376
0.002524563
0.042955775
0.005512982
0.05429735
0.131764159
0.018823281
0.023182796
0.208955675
0.263195783
0.022188822
0.066614591
0.404230624
0.252364278
0.116248563
0.216452092
0.099775389
0.042127281
0.011801576
0.009242452
0.009414123
0.009078296
0.002780127
0.010051714
0.002426093
0.000715476
0.000662319
0.003268198
0.001819544
0.001899233
0.003492394
0.002103585
0.001952643
0.056265611
0.006224413
0.013906166
0.001524281
0.019808611
0.022206841
0.062758543
0.044875078
0.05905119
0.288596034
0.147580668
0.109932877
0.05416039
0.092533387
0.040629134
0.015944082
0.024369668
0.023860792
0.030908972
0.052366275
0.063255973
0.006754836
0.01728219
0.07281366
0.057992153
0.071240038
0.099339813
0.231322765
0.395334274
0.078746714
0.349845439
0.411337107
0.503282547
0.562077999
0.321323723
0.245815739
0.169639498
0.139203161
0.015093924
0.068469241
0.018767402
0.027000871
0.029525779
0.022959344
0.005422469
0.046932824
0.037920997
0.048445333
0.066119395
0.19331792
0.289361179
0.187739924
0.097930223
0.123343885
0.23560594
0.123851091
0.055643264
0.043987762
0.064484909
0.031619046
0.007148299
0.080253147
0.047974523
0.024811264
0.01862493
0.024821753
0.040337309
0.167677581
0.119700275
0.025705706
0.036749572
0.078449667
0.109432593
0.05487014
0.369247943
0.155885279
0.158723176
0.204777166
0.163151801
0.091308869
0.116735831
0.106827833
0.128169492
0.047947064
0.101163089
0.109553523
0.126247138
0.262959152
0.171030939
0.192502216
0.120819904
0.06182389
0.026819253
0.081337392
0.097299986
0.012239201
0.046829611
0.174388811
0.235885188
0.038840611
0.133574232
0.271291405
0.446040988
0.054700814
0.219336033
0.465789318
0.562284827
0.260567367
0.139722422
0.530014396
0.653777778
0.08861988
0.401170224
0.446395487
0.225018829
0.113981485
0.115499586
0.069390588
0.176786795
0.077810176
0.092504352
0.192927316
0.019691745
0.091259822
0.060812064
0.032235641
0.070678927
0.179492757
0.007662443
0.035612628
0.164922699
0.17932114
0.00857712
0.043041859
0.372422904
0.102679074
0.022349387
0.060727552
0.170903161
0.006605341
0.011428165
0.087884612
0.04949788
0.009108038
0.047479693
0.085200377
0.048161674
0.111934267
0.052644212
0.018717498
0.070680305
0.076959006
0.055588115
0.008000814
0.02284213
0.060156163
0.00442178
0.001675872
0.097505666
0.032551881
0.003393952
0.053851854
0.115751587
0.035626538
0.095603049
0.030287901
0.015525374
0.090234093
0.073375501
0.141211718
0.022348028
0.011632813
0.011958574
0.150436744
0.010164361
0.011362727
0.04384939
0.13086389
0.278535873
0.062771074
0.032038555
0.020212008
0.020097585
0.080525063
0.015590033
0.002526149
0.012352636
0.070053063
0.007932041
0.01103474
0.00717447
0.033353355
0.056104448
0.018206144
0.106457293
0.012948198
0.085561708
0.27807495
0.066809863
0.041181799
0.02333785
0.012502781
0.041115914
0.004594614
0.041874111
0.050600715
0.0465221
0.026467817
0.079546154
0.104049578
0.036936689
0.081785709
0.251197755
0.494924039
0.302986324
0.692028224
0.616446376
0.757327497
0.682702541
0.397605091
0.604850948
0.534722149
0.306322366
0.0980049
0.140244797
0.300138026
0.033306058
0.034339502
0.027552754
0.112915583
0.028182788
0.019422218
0.035521444
0.07114581
0.015730103
0.021631999
0.098385394
0.077228799
0.056380749
0.090436205
0.27361995
0.23604624
0.170278296
0.372305006
0.091441549
0.011457088
0.590549707
0.630704105
0.057336871
0.039648406
0.810496032
0.15552783
0.078048557
0.326979905
0.802495778
0.070983432
0.27371484
0.731187582
0.414790481
0.149592951
0.388875365
0.511309683
0.609888196
0.65665102
0.639415085
0.343817055
0.196671903
0.380132347
0.288325667
0.103069007
0.015225569
0.053512488
0.343893677
0.09510345
0.060768578
0.186754584
0.594140351
0.211353779
0.303416908
0.226076245
0.407473326
0.106325962
0.323619306
0.296393842
0.176474392
0.135711551
0.064182997
0.050796974
0.03508494
0.045068055
0.045682751
0.029669903
0.010532037
0.019805126
0.012369307
0.036132235
0.021404287
0.024208926
0.032004111
0.063997477
0.083890758
0.073901311
0.13786602
0.166091844
0.105703138
0.282019883
0.090699099
0.224527061
0.15632531
0.117154703
0.09643887
0.048427314
0.189474627
0.146142587
0.031030195
0.12093845
0.087135203
0.027114047
0.064048909
0.020396601
0.022265313
0.013008571
0.034945056
0.133901745
0.004323149
0.037316162
0.013533932
0.014819073
0.062055927
0.048145927
0.117143892
0.234920323
0.083967894
0.040283546
0.048867311
0.0557863
0.091913439
0.061564211
0.116028309
0.024868844
0.151463255
0.159776643
0.245786041
0.208964884
0.535236418
0.534721017
0.460028499
0.503693938
0.788475335
0.692234933
0.330024719
0.6950441
0.730401695
0.468985826
0.133846059
0.291862071
0.326414317
0.127273887
0.063756905
0.059849244
0.032227054
0.006895487
0.008970394
0.011752296
0.004909784
0.015480615
0.008876867
0.006969704
0.015147885
0.020077003
0.019794727
0.03293876
0.042223971
0.071013674
0.2463222
0.188432693
0.167503834
0.104286149
0.243557021
0.085776821
0.058727402
0.091284983
0.049221624
0.026187958
0.004210979
0.047082927
0.023090124
0.028327985
0.045597192
0.025069678
0.050702289
0.023590803
0.118005551
0.223913357
0.16596806
0.13951993
0.050770316
0.114295624
0.050740052
0.024052409
0.081773035
0.049119983
0.050141618
0.048038073
0.005973389
0.02868963
0.024885613
0.054823656
0.00253174
0.015179423
0.032449048
0.006040072
0.004953739
0.011917217
0.020770276
0.001973671
0.005902
0.021505719
0.008209888
0.048182823
0.008005319
0.003326882
0.02626585
0.00580048
0.004115167
0.002384109
0.003482299
0.004182856
0.006863625
0.006749722
0.002842291
0.009183622
0.008869414
0.005131993
0.004155811
0.027135778
0.00448476
0.071036726
0.010888058
0.027930284
0.01147209
0.069037028
0.030345291
0.008049904
0.092909992
0.014429328
0.037789769
0.037769921
0.118599884
0.028719619
0.050330762
0.277103096
0.73307699
0.037248112
0.067582317
0.673221588
0.425361603
0.016326131
0.031362619
0.238476902
0.020305036
0.003688971
0.006913489
0.088070907
0.018774599
0.006817052
0.010660274
0.016096197
0.221891165
0.057761915
0.387356281
0.551986694
0.591708362
0.584713519
0.397695988
0.133456483
0.267804772
0.111918233
0.123910382
0.192921832
0.129324242
0.052859772
0.016073447
0.102887511
0.10501717
0.033946436
0.011364891
0.098132864
0.109735027
0.066390231
0.029301001
0.025940014
0.012572997
0.031715814
0.0340943
0.009619731
0.011688238
0.06155533
0.030550456
0.017250827
0.073463924
0.179937124
0.013159857
0.185051158
0.022405464
0.11012385
0.110923655
0.024896353
0.046508625
0.007927097
0.034571491
0.031240739
0.013569048
0.002184018
0.102978878
0.051996641
0.019176617
0.03226804
0.018467478
0.057281356
0.020823237
0.002207519
0.112837031
0.121968471
0.05791923
0.018872777
0.104098693
0.247661531
0.226190433
0.318689853
0.141275033
0.183950707
0.079326548
0.064944588
0.141374275
0.105454713
0.111320809
0.162294611
0.193252012
0.091360964
0.191942483
0.046119053
0.010062927
0.006265332
0.062181268
0.096073255
0.004384867
0.004271139
0.353857756
0.201138571
0.056665577
0.15242739
0.064944565
0.031180514
0.004304142
0.003431262
0.004330443
0.021934247
0.003635622
0.003129025
0.004555586
0.064507276
0.020027703
0.01032323
0.169977427
0.02095696
0.092963032
0.117526487
0.29770425
0.173233896
0.249285892
0.342077762
0.26101616
0.357342005
0.056006607
0.017849708
0.00976457
0.123180047
0.102619611
0.00906975
0.018248593
0.441878587
0.565702677
0.168369234
0.282901883
0.040678676
0.056260064
0.01022186
0.004963533
0.013758979
0.007847545
0.005061163
0.003451919
0.000962332
0.004521895
0.032606516
0.012429672
0.095618308
0.015856721
0.054618329
0.090879805
0.337744743
0.278907925
0.524279654
0.619338274
0.152628541
0.587359369
0.059769686
0.026760463
0.019438492
0.293231696
0.564400792
0.025877485
0.029481156
0.772376657
0.768107295
0.338753194
0.512501657
0.175798118
0.05604722
0.024781909
0.010431099
0.021621767
0.009366835
0.006159956
0.001333392
0.001774884
0.004941686
0.004657064
0.004232625
0.044983607
0.014297665
0.033755381
0.090992302
0.219113901
0.499042779
0.459041685
0.684493124
0.358802021
0.689430416
0.137523055
0.028649166
0.019495813
0.312102944
0.704946876
0.071124367
0.507427394
0.066878885
0.094747983
0.088878386
0.164552793
0.033820655
0.007135798
0.008693064
0.065392829
0.001993752
0.002615439
0.000644617
0.007603304
0.008262986
0.004201978
0.033901539
0.007059225
0.101966038
0.026198806
0.13539888
0.326264769
0.131849304
0.224880263
0.282428861
0.271350294
0.205342442
0.294682086
0.283233345
0.366118371
0.36258325
0.171180382
0.207902417
0.074288011
0.045487814
0.149804011
0.034106914
0.055379882
0.049141694
0.041775137
0.010387629
0.092125237
0.211449489
0.398291945
0.363161594
0.388901174
0.383187056
0.030898487
0.109323807
0.015429798
0.014015391
0.151084065
0.051123802
0.030405991
0.030853262
0.118497364
0.135011986
0.109723896
0.169519559
0.090157323
0.367376059
0.063191414
0.039215691
0.213735595
0.013125169
0.04133781
0.005448634
0.007864479
0.003808863
0.016391482
0.007155969
0.011956017
0.008624007
0.020246366
0.078115456
0.016425768
0.013302223
0.104867309
0.200622991
0.044442549
0.244496658
0.132851824
0.284856677
0.057436224
0.07441251
0.018624252
0.04083183
0.003454426
0.002589274
0.016505452
0.025303032
0.004265392
0.017976139
0.048815012
0.026174232
0.005065162
0.051153999
0.170073435
0.26208654
0.184945315
0.043724425
0.272026479
0.433514684
0.189392984
0.106901422
0.368072897
0.396234632
0.450018108
0.583620965
0.286968619
0.335007012
0.386147588
0.018311296
0.054385222
0.206652835
0.031210503
0.02698487
0.143370256
0.097619213
0.034903836
0.00338812
0.004403835
0.001587839
0.005934911
0.006395146
0.011825729
0.060825873
0.032583851
0.072621576
0.042076454
0.094057038
0.060663048
0.013632846
0.002700548
0.008896505
0.01746021
0.034941286
0.0588421
0.095370986
0.065108329
0.106337942
0.127827868
0.121302955
0.10364639
0.15677166
0.127281189
0.06745363
0.077420667
0.044846877
0.129879981
0.048427202
0.067060344
0.142549276
0.097945184
0.17885448
0.162355825
0.194751769
0.115630545
0.187583476
0.061326273
0.052184284
0.016791824
0.056239255
0.020550095
0.043714296
0.007068068
0.040550854
0.059221055
0.045886416
0.024648074
0.028861107
0.018450156
0.050609529
0.007613464
0.025801025
0.057875235
0.00398881
0.007168984
0.010986684
0.069245979
0.055441581
0.413611144
0.395462424
0.247579068
0.334471941
0.429560781
0.157665119
0.183426768
0.134260222
0.060061019
0.012010242
0.029628463
0.114028275
0.01519178
0.011387899
0.080563962
0.172993064
0.01095596
0.206930324
0.266743749
0.30927515
0.015525964
0.016751479
0.008244679
0.048746064
0.011407885
0.195764333
0.100742809
0.263066322
0.137000531
0.265347183
0.150999054
0.071180873
0.09481667
0.335803896
0.294300407
0.042570699
0.230600342
0.050398834
0.013718429
0.007892224
0.039816711
0.065691121
0.178867832
0.134031489
0.142931283
0.137250289
0.251279026
0.341780096
0.405787736
0.234545708
0.561126053
0.216106489
0.055033889
0.015078688
0.019513462
0.00408689
0.00596243
0.000719309
0.007943633
0.000398742
0.017232969
0.017322889
0.123410359
0.100065507
0.014582044
0.011966261
0.009274487
0.003936041
0.011202302
0.00352261
0.010477225
0.062784314
0.049176976
0.462942481
0.107265078
0.103652269
0.228069842
0.294383645
0.040197894
0.042679571
0.071141683
0.004359299
0.024609264
0.027126566
0.017529452
0.007991222
0.011407885
0.00664498
0.010769714
0.060007576
0.105925322
0.055446498
0.033048492
0.046567015
0.026729891
0.022353435
0.165304586
0.407589346
0.04103595
0.123123392
0.023695672
0.028207866
0.400831491
0.097847693
0.224981233
0.162605271
0.044477243
0.086530179
0.00322291
0.002611052
0.001035611
0.000871889
0.003166584
0.001606698
0.033124212
0.013991755
0.043991636
0.121548295
0.112217113
0.056374021
0.006122413
0.083849892
0.001426006
0.006270851
0.001280991
0.002954646
0.005057942
0.006673718
0.009835929
0.006450297
0.011465938
0.032751571
0.007182314
0.005128576
0.046978518
0.00916152
0.068717957
0.030939505
0.115213387
0.05817112
0.134856343
0.148292601
0.083529942
0.295106858
0.138083711
0.162389889
0.214708388
0.079395056
0.088210098
0.080835216
0.036828995
0.078543901
0.03815883
0.004491904
0.006157043
0.050085753
0.006303811
0.003750673
0.008419074
0.017119024
0.006677791
0.005193136
0.011325762
0.004301278
0.001231011
0.001231674
0.012912874
0.002344263
0.000640355
0.003629558
0.012256633
0.002905665
0.004684254
0.000640665
0.00074185
0.000637954
0.004800584
0.001353525
0.000318683
0.005439685
0.000603348
0.000527371
0.001410582
0.002038127
0.008774363
0.005970418
0.049208045
0.062188409
0.050279833
0.027534574
0.004533159
0.001356754
0.00057063
0.00114275
0.003419355
0.001868457
0.00648862
0.004622648
0.001447123
0.011207008
0.001996696
0.005627094
0.01675537
0.050959729
0.007014877
0.006176612
0.047645774
0.145921245
0.162393212
0.033609062
0.060962379
0.041269433
0.009252325
0.012473331
0.016382841
0.005958492
0.003036702
0.016538916
0.012957977
0.004484417
0.023714421
0.004187212
0.007719264
0.012548377
0.010875228
0.019999564
0.032485407
0.024451101
0.007732505
0.040219806
0.033253901
0.01819638
0.009473594
0.015051956
0.01600663
0.040165085
0.014178378
0.03943114
0.022643778
0.063802458
0.040014464
0.006093754
0.001738592
0.005235456
0.033042699
0.001880469
0.00528921
0.007352721
0.00278079
0.001085825
0.003268055
0.014906097
0.004731936
0.024632946
0.005583525
0.000525517
0.000964519
0.006294721
0.002439014
0.000350917
0.001494701
0.003463134
0.004347126
0.004353478
0.000334774
0.00205922
0.002631281
0.001677016
0.014830876
0.007721007
0.017354941
0.004777221
0.001782433
0.003307389
0.001762699
0.001715913
0.00253039
0.001582405
0.001857522
0.001832263
0.002017336
0.007024845
0.005662254
0.003764908
0.001959417
0.006018804
0.01024191
0.018851625
0.008561103
0.012522572
0.002803362
0.011442397
0.04441287
0.015432694
0.026439091
0.008442824
0.007459224
0.017354345
0.020196371
0.051229805
0.022914052
0.026587408
0.012487506
0.002183186
0.009024518
0.008699664
0.009001434
0.003081273
0.001075841
0.008776031
0.010880223
0.003276221
0.00168237
0.001752287
0.000878288
0.010476014
0.002331318
0.002525103
0.003305402
0.004002792
0.016134113
0.003995666
0.022725036
0.028543359
0.010292778
0.003721776
0.014659865
0.012548389
0.005914191
0.002139551
0.011151067
0.001214898
0.00568464
0.001601817
0.001875768
0.004433504
0.000607908
0.001445456
0.002004449
0.002159752
0.003281802
0.006764546
0.063176565
0.065934889
0.020676436
0.00390246
0.006007125
0.005299084
0.003938363
0.003129954
0.011572043
0.005745153
0.00297484
0.00610475
0.013344596
0.024920106
0.007778634
0.010132162
0.002831793
0.017150616
0.011025342
0.02301207
0.008527544
0.057585802
0.13811478
0.020295683
0.004734349
0.042002026
0.003066169
0.008232493
0.003475108
0.006036351
0.01303585
0.013539796
0.037454974
0.067321673
0.027947469
0.026571218
0.03300542
0.026032947
0.069985837
0.030778976
0.032866772
0.014361688
0.014973661
0.015161186
0.01767228
0.008343465
0.005831742
0.005363436
0.003711861
0.017988779
0.020529371
0.004337777
0.018640449
0.02497611
0.016606895
0.017230548
0.005656345
0.004430167
0.025997775
0.00674638
0.014645105
0.011779203
0.136298552
0.151480436
0.011844478
0.066934355
0.10248027
0.046079885
0.035233691
0.161103144
0.544070244
0.069632731
0.11974249
0.147437274
0.333474308
0.66688472
0.401520133
0.508348823
0.059468854
0.149708807
0.045960959
0.082324721
0.029554671
0.032894503
0.020001935
0.010357348
0.055653315
0.068781175
0.004649925
0.015970726
0.08391168
0.040146172
0.06135118
0.036299385
0.040196545
0.150353551
0.12181332
0.066727526
0.07287126
0.11866165
0.069535345
0.07136827
0.068262659
0.495121568
0.126017794
0.045642201
0.065011658
0.026106475
0.044721164
0.037822414
0.085275568
0.059009455
0.084116958
0.057830773
0.061645519
0.061278969
0.259067535
0.54302913
0.443024606
0.602460921
0.451216251
0.211953953
0.523938477
0.278634131
0.46993506
0.226545215
0.235987186
0.123400852
0.241419658
0.055797487
0.110180639
0.308785111
0.027858265
0.009032282
0.028288493
0.042859759
0.009711466
0.015636805
0.025286566
0.011157163
0.000834724
0.00754211
0.04557379
0.00573494
0.004148513
0.013379763
0.007535988
0.001814447
0.01006595
0.00837444
0.002796396
0.006897106
0.021639336
0.017086256
0.010952949
0.014171233
0.012587764
0.007228759
0.004203964
0.010078413
0.002919098
0.000822212
0.009770063
0.001371164
0.011552541
0.003642206
0.064807601
0.013453673
0.004216421
0.034727514
0.00944222
0.007222061
0.003890071
0.003122072
0.005282331
0.003142127
0.002382604
0.005108119
0.000492017
0.002509386
0.000928756
0.00147411
0.002209046
0.003180116
0.002969604
0.000623075
0.004407698
0.008005697
0.008465304
0.016811732
0.032377224
0.040712435
0.069513492
0.019203098
0.026662443
0.008589107
0.010578901
0.0017852
0.003308624
0.001660165
0.003287783
0.003650129
0.001145084
0.000785457
0.00683122
0.009529577
0.007731481
0.009648467
0.005672756
0.004878577
0.004862242
0.010414829
0.002994461
0.018800905
0.003194602
0.000786544
0.016345143
0.011960491
0.014887555
0.013167884
0.02148154
0.008933361
0.022780202
0.011604852
0.004682685
0.001092079
0.002084939
0.00308091
0.004037748
0.027696012
0.014506661
0.003029448
0.016628291
0.018220618
0.005509603
0.009132427
0.021982018
0.00916611
0.004011219
0.027932821
0.024928203
0.017910298
0.027944416
0.128073066
0.056941476
0.026972335
0.145951882
0.285554618
0.109715156
0.134493232
0.145839751
0.544225276
0.241872758
0.171405599
0.080091745
0.000136922
0.001360169
0.00056489
0.004310123
0.000918044
0.007208562
0.006565754
0.00146595
0.01032098
0.098223187
0.045640748
0.316923529
0.183984384
0.067892618
0.068181291
0.136511043
0.090282604
0.194193155
0.132857338
0.148323223
0.041607358
0.024721565
0.008850835
0.055613104
0.013003332
0.003741368
0.01023271
0.003522185
0.002773553
0.000317124
0.002413696
0.00054032
0.000554618
0.003930533
0.00082116
0.003239943
0.01206176
0.013173872
0.071132943
0.098949142
0.584226608
0.668712258
0.274905115
0.197084859
0.041477885
0.28697145
0.239242539
0.125461221
0.012524983
0.017711485
0.253988594
0.023111124
0.005984323
0.041536495
0.048215464
0.320869297
0.184663564
0.174280033
0.063492402
0.057817429
0.02294202
0.006821748
0.009098488
0.002163061
0.001633644
0.007427554
0.000439739
0.000189802
0.003067989
0.012592293
0.015715182
0.152212143
0.084809028
0.288966089
0.05274896
0.02671284
0.267466813
0.048580416
0.023645002
0.010589856
0.010057067
0.065194495
0.020341691
0.382289499
0.502396286
0.647307515
0.27746281
0.497328132
0.556298077
0.258042604
0.453600496
0.401041925
0.232163906
0.497004658
0.207510412
0.057930082
0.075297974
0.240808889
0.150335491
0.018148487
0.051378015
0.54643935
0.053670004
0.048218068
0.360896975
0.391738147
0.187249571
0.120366462
0.413786501
0.068996668
0.015226071
0.018128064
0.069598019
0.020791477
0.005208372
0.029297326
0.010339671
0.014000309
0.006629026
0.004683616
0.01089194
0.010316594
0.004834705
0.016037626
0.05601532
0.041080311
0.040513765
0.013397386
0.052492138
0.093394309
0.153347328
0.071759708
0.152458504
0.36397934
0.588844299
0.127886698
0.58114773
0.541204512
0.312405616
0.380955607
0.376299024
0.206498876
0.398680091
0.488233238
0.226751044
0.098348126
0.034017064
0.042456042
0.011472944
0.006132405
0.051244941
0.02879444
0.002684474
0.016121257
0.061986424
0.008379221
0.010030763
0.001545707
0.001063848
0.002450314
0.005357619
0.006435459
0.125528529
0.397266895
0.059154209
0.13194111
0.522098839
0.334251463
0.26540342
0.249554962
0.15143162
0.127436236
0.136911929
0.205624819
0.08724831
0.084668018
0.024171064
0.027399059
0.018149169
0.011423254
0.003424723
0.009234212
0.006197958
0.001755131
0.004660287
0.004899683
0.001703784
0.000594842
0.001512886
0.000445201
0.00085077
0.00249787
0.011950396
0.023090249
0.107850119
0.643079221
0.287957698
0.232259229
0.224165991
0.141476661
0.021781746
0.025381567
0.058177188
0.026165724
0.006477444
0.004247613
0.008851002
0.012543137
0.007639498
0.069358356
0.027842101
0.363031417
0.364122242
0.019217927
0.139379397
0.040106479
0.241128042
0.079656966
0.024354976
0.004066453
0.025828945
0.022681776
0.032886088
0.030008344
0.043520294
0.02568941
0.062453605
0.118520051
0.321709186
0.321199596
0.242405906
0.482111514
0.576006949
0.16486147
0.297308177
0.299090713
0.128030002
0.185921863
0.272685826
0.09302666
0.028358268
0.126356497
0.131485209
0.015531002
0.023702251
0.061060429
0.062321745
0.03800552
0.033428196
0.092756405
0.025403805
0.048523448
0.071754247
0.053264178
0.081327379
0.129946783
0.127318397
0.081216261
0.026148709
0.196137711
0.211402878
0.055799734
0.033792771
0.303170741
0.143676296
0.199731946
0.095657237
0.251766741
0.06970384
0.083504573
0.085591458
0.074807599
0.021589441
0.06992048
0.073590845
0.065369047
0.102301732
0.051735267
0.04836319
0.00461282
0.035649344
0.032891583
0.021299394
0.017371293
0.025082408
0.063589856
0.046503067
0.05324129
0.044349097
0.165392593
0.02145106
0.081281751
0.11242833
0.107818417
0.215679541
0.22627449
0.307634473
0.087404229
0.085136473
0.277285606
0.256305128
0.152877092
0.284917086
0.096425414
0.368521959
0.343476057
0.160646513
0.201691315
0.065407366
0.091350302
0.115844958
0.100839786
0.180891484
0.348456979
0.09344358
0.148616582
0.053146463
0.261831611
0.204225287
0.056699131
0.061075408
0.025746115
0.092840306
0.170711979
0.096799642
0.117436111
0.14246203
0.231492057
0.249036133
0.221745193
0.152895078
0.316899419
0.24288705
0.17322062
0.009497674
0.01888667
0.030698422
0.036116425
0.12169227
0.066951655
0.105334409
0.059309434
0.057482429
0.030605271
0.028916476
0.055511247
0.064226978
0.224444002
0.309173405
0.514434218
0.401109934
0.324492604
0.316642135
0.094748698
0.122713879
0.063639261
0.007834318
0.051928885
0.034052238
0.117680065
0.064828135
0.134837359
0.295906901
0.014567744
0.671240091
0.764717758
0.037486285
0.275366664
0.797094345
0.72944206
0.608691335
0.060500544
0.498088062
0.246768713
0.053548358
0.397975981
0.325253665
0.49971801
0.110701628
0.074578419
0.065351926
0.025424153
0.012393996
0.03190941
0.010548996
0.027949775
0.077906169
0.011708676
0.090959504
0.06869857
0.124019988
0.148802385
0.192644089
0.409888357
0.645839989
0.241809115
0.670389235
0.270062447
0.675785482
0.30476737
0.485800266
0.208331808
0.073738627
0.133675233
0.27875939
0.130114436
0.023347007
0.009407469
0.036046635
0.089172751
0.006360293
0.018400187
0.012075359
0.008188282
0.005171849
0.01635466
0.008900559
0.003703116
0.018846726
0.025387315
0.016688069
0.032926533
0.019231953
0.029746039
0.004147654
0.002573952
0.003195433
0.008391628
0.005726797
0.000855652
0.002299661
0.012587521
0.004885246
0.023821654
0.02476359
0.01724029
0.04639424
0.110265665
0.130208746
0.044200018
0.145171374
0.018048996
0.007437914
0.007134698
0.275301725
0.041359928
0.005349705
0.025636336
0.29053542
0.022845175
0.007913526
0.088629812
0.009094868
0.036439043
0.112023592
0.019580087
0.093849637
0.020699456
0.041248281
0.011670928
0.062637098
0.118445672
0.05659122
0.029747277
0.172719449
0.08839678
0.218947455
0.320611656
0.022103997
0.387181789
0.159509048
0.069379568
0.574710667
0.376238912
0.504335165
0.555585325
0.702152371
0.610285819
0.304443628
0.233576953
0.250368029
0.078118123
0.142250657
0.2372033
0.178910598
0.055596132
0.03469019
0.408363789
0.048378941
0.641640842
0.054898322
0.432284564
0.288993716
0.016214421
0.244862542
0.272688508
0.036124546
0.121147543
0.017756239
0.037559476
0.183917716
0.211281329
0.020615047
0.052865285
0.002271441
0.013538631
0.006056124
0.051752642
0.217981085
0.18618013
0.074799411
0.137527049
0.083239175
0.012512022
0.013836568
0.034071036
0.006666376
0.091544323
0.018348014
0.177869096
0.024518223
0.553683817
0.01924737
0.394530028
0.15358229
0.163353011
0.113049977
0.103592612
0.148067534
0.174111649
0.084403671
0.056245867
0.040199824
0.033922058
0.017510558
0.080351301
0.021239245
0.580277026
0.361728191
0.693791151
0.577996254
0.281490356
0.411894351
0.030210117
0.095024981
0.006845525
0.005666019
0.008709331
0.052154832
0.129507735
0.086456962
0.223277822
0.065349661
0.26172027
0.192671299
0.063457422
0.068120725
0.18571496
0.106757551
0.166777417
0.119367309
0.121530607
0.080836102
0.181376785
0.119181298
0.13331838
0.065565154
0.260050118
0.378533751
0.225691676
0.203186795
0.271208704
0.010323202
0.163139522
0.00380442
0.09788879
0.000682574
0.008613617
0.003651403
0.003479428
0.026304943
0.051846474
0.169493273
0.153850585
0.062038496
0.051349834
0.014683062
0.006565139
0.009921409
0.00329181
0.04234938
0.054756723
0.039013755
0.132850096
0.178379595
0.11687348
0.44655627
0.487625957
0.591570258
0.666602135
0.749878168
0.682662427
0.555775762
0.505075634
0.822830319
0.71320051
0.394097865
0.808560252
0.80292511
0.525986135
0.403548419
0.692296743
0.529760897
0.377118737
0.318437606
0.553349972
0.321867824
0.277667522
0.154621497
0.334503293
0.25622502
0.373102456
0.195316195
0.436809748
0.188928187
0.128602877
0.083474115
0.15295966
0.116557389
0.309639692
0.581642866
0.142914191
0.786484778
0.569684148
0.683181047
0.726225734
0.689987898
0.554781258
0.69985199
0.117469355
0.35687086
0.016663838
0.127348617
0.035563216
0.032669891
0.077485763
0.050951816
0.1061804
0.015795626
0.035366818
0.013446826
0.027228076
0.03168866
0.012885181
0.041156907
0.080704048
0.228901848
0.391403973
0.549862385
0.529792845
0.430205852
0.343303561
0.628449976
0.247320727
0.189136669
0.223334521
0.036880683
0.01964128
0.021477744
0.050584432
0.064529255
0.140660375
0.192800269
0.185088336
0.514239669
0.431370825
0.360803455
0.600732923
0.230093896
0.535802066
0.098842628
0.271084785
0.287406445
0.200181589
0.0900608
0.102274455
0.109668933
0.104994953
0.035238035
0.021852629
0.033836886
0.009384701
0.003238194
0.011471613
0.02151705
0.083923817
0.414159954
0.27859962
0.314715415
0.152477384
0.248486191
0.158498153
0.069036365
0.042015716
0.125870004
0.044157293
0.045642044
0.049453266
0.055915225
0.02425224
0.010554238
0.025538655
0.039698817
0.057264645
0.04498969
0.009760952
0.002299814
0.017572124
0.024347622
0.006128032
0.014690437
0.035998397
0.03337267
0.027640991
0.02679152
0.126497433
0.09380585
0.050169989
0.056007136
0.15502201
0.127449661
0.122224949
0.218007669
0.389471978
0.169113502
0.135132059
0.192125589
0.273305476
0.078016408
0.039951485
0.09106034
0.153572008
0.00802224
0.02323827
0.127321973
0.106802419
0.018888792
0.113151498
0.14445968
0.118471518
0.088793084
0.060922697
0.498951942
0.059010133
0.359583229
0.314802051
0.329051167
0.270615011
0.406947196
0.104176871
0.016533937
0.050235063
0.010594708
0.008040098
0.118646331
0.002758073
0.010481076
0.009316097
0.006845515
0.004908121
0.016385863
0.021142565
0.241450846
0.448114008
0.257961601
0.206386551
0.513029754
0.195626453
0.346218169
0.156947136
0.085475639
0.046588007
0.011722036
0.002556217
0.044132259
0.014428616
0.336629868
0.050875999
0.546290696
0.053931333
0.174598113
0.161886573
0.523522735
0.497015595
0.199081346
0.115168966
0.644647837
0.520942152
0.334144741
0.164342299
0.409873515
0.668375015
0.654360592
0.246393949
0.288189352
0.66740644
0.282312453
0.074925341
0.402844161
0.281777501
0.076267041
0.032385696
0.480937004
0.124790169
0.033632517
0.030726796
0.178459942
0.045659296
0.010900214
0.020475782
0.023565739
0.016807806
0.005640951
0.017265968
0.004553428
0.095654555
0.358268499
0.149529949
0.612202346
0.77252984
0.853638887
0.761056721
0.670366883
0.671093345
0.102411956
0.191586539
0.010282777
0.01701811
0.001776673
0.00485428
0.093992509
0.032832615
0.010388638
0.028147226
0.009110563
0.037101276
0.007260956
0.008371902
0.001251001
0.00526667
0.003876113
0.002500707
0.000552813
0.003367155
0.011608714
0.002482532
0.004362384
0.00370527
0.020727428
0.028460696
0.003811053
0.007996278
0.009038058
0.00890013
0.004171728
0.032707158
0.003828668
0.04465295
0.148838013
0.161455721
0.006596461
0.014486142
0.00764983
0.033977631
0.058733761
0.024499759
0.254109621
0.010976585
0.008210469
0.004086439
0.048357788
0.008848784
0.048351571
0.283086449
0.0504038
0.640842438
0.09072908
0.202185988
0.088330023
0.240281135
0.078899965
0.178163901
0.190271869
0.087757915
0.266213268
0.101547062
0.586180449
0.24140951
0.721406937
0.514497161
0.506672502
0.223392069
0.429770947
0.648099363
0.163584188
0.051379707
0.648966789
0.431152433
0.041088965
0.359305739
0.390285403
0.21246843
0.051465467
0.164465815
0.173155621
0.055274587
0.09099105
0.002862821
0.029216681
0.002512265
0.017903237
0.039444037
0.033622291
0.002850708
0.064552918
0.098444931
0.031042969
0.002354433
0.091169737
0.080798499
0.01586641
0.039743036
0.014206203
0.003707401
0.046779022
0.027409596
0.142724201
0.184296623
0.10900899
0.102285393
0.129086196
0.253668576
0.162331894
0.0895169
0.135596782
0.275140285
0.336305559
0.136689588
0.137881801
0.195916399
0.170466691
0.10541784
0.105882384
0.08647611
0.142404765
0.030324265
0.047086522
0.05538008
0.005001079
0.049453147
0.009721821
0.006015228
0.076384068
0.198027596
0.095220648
0.076949522
0.11554645
0.170654669
0.168059796
0.15048489
0.139765486
0.063073441
0.086567685
0.089071892
0.066875979
0.015864804
0.111198269
0.183601633
0.080623664
0.150336877
0.138965189
0.158771455
0.007626408
0.108913749
0.134105057
0.080740243
0.014432068
0.124981716
0.087871887
0.066269532
0.067000084
0.014320222
0.032767862
0.01456428
0.04043626
0.00537997
0.020213598
0.015316925
0.004988675
0.055713039
0.010509601
0.026506221
0.294747144
0.194093719
0.04081643
0.30051586
0.181576446
0.027797092
0.282614201
0.178041041
0.136193946
0.135849729
0.023485148
0.195047036
0.106658012
0.046010684
0.111469842
0.038865227
0.062556483
0.052443113
0.079537757
0.441688687
0.30087018
0.578941524
0.300348729
0.518599272
0.395613611
0.391419232
0.243219465
0.130475551
0.202472001
0.100623697
0.146971866
0.264244556
0.312429309
0.300671667
0.192027107
0.067387708
0.127065375
0.141935021
0.118487664
0.209971592
0.139899448
0.060167171
0.104899086
0.214587718
0.033392567
0.035154484
0.217444971
0.14436391
0.09331686
0.126771048
0.451127261
0.604993999
0.361490339
0.095417388
0.313405007
0.229566962
0.052739888
0.128286958
0.049025498
0.052227948
0.101315819
0.090463236
0.03079184
0.025501847
0.021104073
0.008546981
0.048033074
0.028673593
0.059885904
0.177080914
0.128769755
0.23447679
0.214715049
0.278164178
0.333109736
0.353641987
0.168202251
0.135251075
0.147995085
0.209871292
0.090426594
0.118120007
0.196387827
0.027402338
0.061209965
0.338882983
0.036718287
0.017332567
0.080266885
0.115097933
0.01004863
0.062468212
0.061590731
0.027596286
0.080067985
0.066743217
0.108493708
0.198752955
0.12387339
0.721506774
0.266376764
0.112179123
0.32872811
0.053239826
0.074188299
0.037290946
0.057590093
0.035661377
0.025293561
0.00982779
0.00672001
0.004101049
0.00715895
0.008024047
0.005558365
0.000916434
0.058818702
0.010365295
0.017994363
0.102541029
0.024189863
0.032842789
0.046076238
0.028368227
0.089638196
0.064428151
0.149447396
0.240464464
0.211546794
0.028509162
0.139976874
0.00531342
0.190066427
0.015495863
0.102968365
0.030903345
0.052076813
0.101814426
0.02736358
0.029921565
0.1232628
0.017184647
0.22142607
0.007969108
0.300027847
0.048166513
0.380999267
0.125180304
0.216274574
0.503917336
0.159793451
0.639162242
0.030555205
0.456536889
0.063979626
0.480856091
0.050232813
0.207108334
0.209251255
0.067275397
0.17538318
0.02234661
0.260891855
0.032949474
0.181729943
0.293190002
0.582496583
0.452765405
0.220511585
0.18365407
0.726524949
0.481935769
0.568553746
0.700914562
0.814074457
0.706870437
0.824982941
0.835564554
0.782394767
0.747020483
0.643003643
0.577177048
0.438433915
0.428051263
0.281245917
0.699931562
0.710344315
0.522566676
0.52525413
0.37237218
0.481036782
0.343680084
0.406869352
0.476166397
0.679208398
0.105304345
0.806715667
0.486762553
0.610481441
0.127095237
0.392024875
0.065825351
0.175346389
0.253979146
0.069379315
0.033554576
0.006189018
0.024886535
0.071796842
0.008698079
0.024250066
0.135429695
0.344267398
0.015256163
0.059528284
0.259904951
0.121873878
0.024254998
0.060516082
0.513882399
0.040043086
0.037781313
0.0398608
0.196261123
0.032666977
0.025528297
0.035209551
0.004829176
0.004882548
0.00129859
0.00059094
0.002346924
0.008013009
0.014063396
0.002381239
0.047678035
0.037621476
0.008559283
0.031103978
0.07289388
0.054775652
0.057847373
0.039606731
0.023201639
0.014509387
0.00420209
0.029855531
0.013962897
0.006026152
0.006906866
0.011228948
0.009023097
0.002224617
0.004367544
0.00180956
0.003375942
0.001407778
0.001258126
0.001180107
0.01231246
0.027893011
0.053666685
0.125592381
0.137773424
0.049261671
0.01544234
0.039292444
0.016985128
0.003421331
0.003268237
0.010626219
0.000541951
0.000588192
0.001213324
0.002381502
0.006644989
0.003339577
0.009748469
0.032167982
0.012569007
0.068271004
0.021338435
0.020759771
0.060886618
0.024099605
0.107911654
0.136272699
0.12633118
0.094442904
0.010867494
0.277103841
0.183013335
0.185386419
0.187174946
0.536941409
0.521007001
0.651631951
0.291675925
0.10085693
0.03221821
0.039251026
0.050558537
0.144839153
0.012690621
0.011085493
0.017933521
0.013167315
0.02093295
0.004625628
0.051970094
0.07675612
0.014635227
0.036626101
0.021197047
0.015657555
0.009547849
0.009144603
0.00268256
0.003415159
0.005646694
0.006457175
0.029467752
0.067552336
0.229354054
0.167025462
0.343404949
0.70481807
0.38458553
0.180272356
0.537324965
0.532707095
0.044016585
0.050387759
0.332671732
0.217976078
0.024083929
0.233546376
0.213373214
0.061527479
0.024679402
0.092324227
0.060940158
0.009356212
0.065405421
0.093678199
0.018184872
0.265428215
0.026716325
0.39645201
0.171652883
0.163825929
0.525159061
0.572229862
0.256778538
0.352539986
0.378268957
0.098123498
0.206000969
0.113327272
0.037557084
0.099443652
0.345857561
0.038776699
0.019423643
0.09166415
0.160187095
0.02917219
0.035093401
0.048392277
0.010824615
0.004254967
0.053447049
0.034334444
0.00293236
0.001669225
0.033733133
0.006469136
0.000490504
0.00300664
0.001577543
0.007539526
0.00081522
0.001692019
0.006569419
0.00246471
0.002302362
0.00098067
0.016039832
0.007673285
0.001762807
0.009398301
0.072033115
0.025124352
0.025998332
0.0942984
0.071264811
0.059223883
0.093923628
0.1297113
0.02082051
0.022929994
0.175274625
0.049880866
0.013745617
0.034819379
0.054773211
0.002555387
0.013013176
0.032178864
0.028581429
0.003413744
0.00279377
0.004544129
0.005298039
0.010517538
0.003408243
0.004953149
0.019177554
0.015658122
0.01716627
0.023389271
0.02959496
0.00547012
0.039257981
0.05308038
0.008750515
0.013938057
0.042275969
0.02560655
0.017483402
0.011010887
0.037289977
0.015401295
0.007097678
0.011993738
0.013280909
0.007855052
0.004877937
0.003505263
0.019592896
0.000817562
0.000738694
0.006175412
0.001275085
0.000533227
0.000469948
0.009528932
0.002567928
0.00172195
0.007324865
0.019161381
0.004411058
0.027685855
0.002715985
0.004561735
0.002237232
0.001566189
0.007832413
0.001163728
0.008763239
0.005458081
0.027373783
0.003973834
0.140692011
0.024368308
0.010604666
0.032760121
0.032135811
0.048174735
0.024638295
0.007815386
0.016066115
0.008154524
0.003167412
0.002082358
0.00270703
0.006533425
0.00214427
0.001625107
0.000196201
0.004658346
0.003637551
0.002541418
0.01384546
0.046233706
0.059691623
0.019723572
0.050309412
0.038442463
0.027831003
0.06588909
0.09848877
0.106951214
0.07559631
0.217539668
0.202360928
0.192412809
0.03134219
0.103242233
0.111357562
0.054233201
0.138711751
0.015428002
0.002450802
0.004176092
0.031008495
0.023086693
0.007605189
0.005222099
0.063304506
0.083938077
0.13929604
0.078288592
0.152513534
0.178829223
0.256887823
0.145423174
0.124179333
0.259177864
0.340040237
0.229472339
0.678529799
0.377373725
0.561781943
0.508686185
0.455956519
0.346624881
0.229304656
0.05094631
0.170267463
0.254593551
0.029006742
0.041902777
0.125884503
0.099333845
0.00504481
0.06835039
0.124477603
0.032586038
0.035372004
0.005087673
0.003106159
0.000187435
0.001751921
0.001899187
0.056334872
0.011182046
0.156534508
0.058304176
0.274077296
0.572391391
0.173093125
0.6213063
0.533924937
0.181040987
0.65572083
0.820569992
0.367154092
0.348316014
0.652065754
0.617643714
0.107560091
0.265371174
0.291811556
0.283219516
0.016266599
0.122896276
0.179869294
0.067268424
0.020269573
0.009087918
0.012594091
0.034536421
0.014571729
0.248624191
0.005977524
0.178896829
0.037991099
0.068187967
0.037222091
0.120473266
0.10414546
0.083363608
0.055654947
0.038466953
0.027193541
0.138955474
0.005539673
0.015290134
0.039251052
0.103739135
0.002181943
0.003675732
0.011457115
0.005267207
0.000684517
0.035334419
0.01557169
0.002139839
0.090898193
0.13543798
0.121611796
0.027849071
0.036107849
0.077984333
0.009551448
0.038197096
0.032556526
0.062126737
0.064214699
0.020574978
0.031612769
0.007462784
0.007586979
0.013060259
0.012560578
0.00583765
0.054238342
0.017726641
0.015603094
0.06119616
0.112915874
0.068209939
0.032865908
0.061671648
0.046335287
0.214408293
0.170466095
0.26464054
0.086477198
0.300380558
0.207364559
0.093784653
0.093265839
0.033507116
0.042102303
0.005727791
0.006405141
0.005440067
0.004599318
0.002431098
0.009921259
0.029191086
0.027203811
0.095686316
0.088731959
0.002593961
0.010269508
0.006046447
0.016651513
0.045357391
0.086635679
0.08784014
0.046367899
0.072084531
0.038395569
0.100013867
0.065680034
0.026581926
0.010032232
0.016924581
0.023625581
0.005827751
0.006633353
0.001686554
0.006431785
0.004005527
0.004382815
0.020443942
0.002422567
0.000933989
0.001214207
0.000442993
0.002363591
0.002158416
0.024896448
0.063233599
0.19497931
0.119141132
0.105982408
0.093341433
0.017618738
0.051352944
0.102423355
0.078994066
0.023796737
0.044875283
0.113121092
0.008700795
0.043528445
0.044750042
0.04011818
0.017708283
0.014890169
0.017983548
0.00858996
0.00910047
0.03643034
0.001732646
0.04885086
0.035828613
0.078490563
0.039757684
0.032997601
0.025314659
0.031255297
0.025631646
0.006224973
0.017766381
0.034243561
0.006461818
0.007487618
0.020367175
0.020418519
0.000808236
0.011641375
0.034232412
0.016303932
0.040227078
0.006838564
0.009625302
0.002732242
0.005384726
0.00304866
0.000670482
0.016110469
0.00216862
0.034779146
0.034268182
0.054192815
0.011210718
0.001258435
0.013587256
0.003983468
0.003078483
0.002026613
0.005737467
0.000421358
0.001991614
0.000676003
0.002885152
0.000871497
0.00402992
0.00164178
0.002907819
0.027487844
0.015688702
0.024859212
0.035166178
0.012727416
0.002441212
0.004587603
0.005273714
0.002361579
0.001435663
0.002338261
0.054320816
0.080306359
0.002305144
0.02867645
0.017585013
0.002248029
0.010406636
0.048249003
0.065796323
0.052747678
0.117329299
0.156225607
0.040763315
0.133755073
0.037226953
0.043562755
0.015027151
0.017141704
0.010202806
0.00484356
0.028369399
0.004320945
0.004774724
0.055978727
0.016266499
0.008341472
0.005095279
0.151373237
0.141379565
0.01550124
0.03057863
0.019234523
0.004923735
0.003082525
0.006057077
0.006795413
0.030380372
0.016848799
0.014225228
0.027569994
0.04053665
0.039586376
0.012547722
0.040102575
0.037094582
0.012507493
0.007423765
0.075657986
0.056521736
0.0092734
0.006671863
0.088090941
0.064646177
0.481807828
0.559169054
0.103105791
0.068645671
0.084677272
0.012657248
0.108181827
0.205661952
0.138593465
0.043864161
0.074061394
0.084198959
0.171923533
0.077190123
0.018203046
0.103180394
0.02010799
0.092428297
0.019384934
0.064463727
0.0810792
0.00914859
0.055882055
0.033859603
0.014026676
0.018550672
0.005522824
0.003783023
0.032023862
0.023812486
0.003168547
0.010371312
0.05406417
0.066615753
0.009917466
0.065375045
0.169128492
0.21933116
0.097609319
0.196817413
0.199394196
0.115499541
0.022808064
0.002928657
0.005874248
0.001177715
0.011077831
0.001411131
0.053621467
0.103222601
0.26618284
0.057317205
0.01241934
0.003349395
0.036233194
0.014909066
0.001541043
0.00298304
0.011414233
0.00505454
0.001829187
0.029870356
0.032361347
0.017467666
0.056444313
0.014517259
0.043975681
0.001793695
0.029317399
0.016665978
0.03493581
0.059761543
0.172097221
0.121542506
0.11602769
0.110702083
0.093166299
0.078113385
0.046286691
0.1495644
0.107866041
0.055055305
0.020622851
0.080279939
0.050302185
0.038916681
0.020276912
0.064486787
0.052748751
0.071344987
0.077042103
0.064728133
0.014181016
0.054030318
0.001929388
0.003998096
0.000547671
0.004908682
0.048867948
0.077439137
0.267895043
0.151790306
0.018351952
0.144867644
0.093145169
0.049664341
0.098718986
0.033958968
0.091683097
0.050712135
0.017021829
0.068752259
0.021281237
0.004276104
0.002121032
0.01217369
0.003516561
0.008055899
0.007297141
0.011156063
0.117246516
0.034399074
0.007890483
0.019803487
0.024703423
0.009641271
0.022482662
0.033696737
0.03387215
0.007488757
0.01213333
0.119399659
0.014290286
0.029840928
0.134040385
0.113510273
0.108789027
0.174215302
0.165864825
0.020002699
0.093419619
0.003174155
0.010620185
0.004504265
0.005718268
0.023084735
0.025398208
0.014869383
0.022912055
0.009329838
0.005653873
0.023345299
0.021246558
0.024613399
0.016602986
0.057187699
0.110362306
0.064636216
0.030401262
0.089388207
0.089998931
0.043636084
0.061951704
0.030036964
0.007305271
0.028908566
0.026478661
0.006319494
0.008649357
0.051882256
0.013336388
0.004319242
0.059960764
0.078331165
0.189793542
0.170718938
0.064334802
0.021048941
0.027509036
0.039104316
0.046657808
0.027987355
0.01062584
0.013414958
0.028453363
0.026369117
0.024988491
0.03286675
0.081968695
0.090900883
0.092573255
0.053664092
0.073452257
0.080279469
0.049604125
0.063059077
0.013923779
0.061118621
0.07224413
0.106019847
0.138565689
0.141549051
0.040934023
0.051934417
0.006965646
0.06235671
0.034751274
0.026770134
0.097392209
0.150384501
0.109124221
0.100760318
0.095740765
0.150133014
0.230718181
0.093234532
0.200950816
0.058180526
0.057687711
0.006933787
0.019343177
0.032679297
0.003542019
0.005285905
0.009001169
0.006948551
0.001360244
0.004598888
0.003575784
0.011187575
0.004131382
0.009285064
0.01468431
0.061551165
0.023855768
0.092438653
0.126169696
0.177783206
0.084270827
0.009750172
0.036890011
0.052015908
0.006587737
0.019636657
0.069761649
0.035942983
0.045686588
0.142114237
0.107184149
0.036294784
0.089255281
0.010917187
0.03642318
0.021733815
0.008254249
0.007849305
0.026460359
0.016936734
0.022971122
0.009278018
0.077902436
0.123261005
0.115447432
0.147053689
0.147013471
0.147310376
0.107021734
0.01620684
0.150201768
0.201626584
0.016758062
0.020490875
0.224962071
0.098855183
0.013308632
0.111849912
0.227225527
0.114312656
0.108544059
0.013628615
0.004400608
0.089802437
0.203172311
0.097840846
0.157798037
0.086075261
0.177231714
0.064454228
0.104564659
0.09578383
0.133829594
0.13701421
0.141203657
0.10035105
0.074021362
0.072430238
0.016455229
0.061787724
0.012594724
0.011756406
0.091823325
0.074360818
0.002371907
0.005094411
0.006641271
0.001317641
0.002256716
0.0095685
0.017810196
0.003976556
0.051855359
0.027074849
0.036284752
0.097823039
0.094152942
0.084357783
0.185753554
0.148548618
0.192690149
0.140249223
0.16371572
0.183328748
0.150454268
0.184862912
0.22651881
0.275999993
0.150572836
0.234011635
0.14069809
0.147650644
0.144305333
0.22113651
0.186689362
0.06650684
0.040196437
0.043343827
0.037719715
0.07086686
0.069460332
0.04092253
0.046003524
0.062185273
0.083339535
0.018984124
0.099989094
0.082331322
0.057880122
0.011260779
0.085518822
0.117565729
0.019531084
0.010978262
0.072413214
0.043449741
0.007171302
0.006624944
0.102240562
0.028773153
0.041651361
0.059439547
0.033577744
0.077612504
0.04187363
0.031413186
0.062489238
0.015332581
0.038854226
0.151699379
0.100036576
0.163314
0.067041084
0.025914088
0.170724735
0.170011714
0.017928693
0.014006287
0.125717551
0.032483019
0.04321513
0.013360552
0.004448392
0.009212607
0.007403589
0.016673053
0.023355719
0.004295283
0.105463944
0.13437058
0.071025781
0.200860098
0.050981339
0.032067586
0.023221346
0.030717099
0.023420474
0.035254478
0.013753352
0.011720914
0.022945672
0.019336769
0.000758164
0.002055083
0.00722813
0.006767516
0.001484334
0.002764248
0.017870912
0.004189919
0.001205234
0.016427269
0.034936726
0.001993514
0.007797939
0.024615895
0.010627794
0.036226377
0.67623961
0.540338874
0.505896151
0.483085036
0.196155861
0.447697103
0.346680552
0.436677068
0.539606333
0.497771621
0.601195157
0.390562177
0.601955116
0.403349757
0.402875721
0.313939631
0.299293488
0.41275087
0.299246639
0.266002446
0.063076489
0.196843654
0.32489714
0.404095918
0.50135833
0.518751264
0.501703084
0.546570897
0.683835208
0.604465544
0.564439714
0.59621805
0.491695553
0.574498892
0.475619704
0.531446338
0.455780178
0.529631078
0.486839026
0.468416184
0.546411574
0.561337769
0.680401087
0.478912383
0.582878768
0.489700109
0.308364272
0.441091418
0.434686422
0.385375887
0.270415545
0.328193992
0.009583828
0.002106654
0.02706329
0.030057989
0.006261281
0.00804676
0.014095346
0.002171969
0.05407989
0.083649457
0.005753756
0.026197471
0.047787782
0.086003922
0.120021187
0.157997295
0.078465112
0.226242051
0.04291907
0.285366267
0.07461451
0.04894511
0.091737434
0.106199905
0.196853966
0.002528644
0.009665227
0.001144797
0.006410703
0.002154528
0.031734452
0.056926202
0.006337726
0.004252334
0.001676152
0.002352357
0.000280154
0.004848975
0.134979367
0.114676647
0.354734212
0.229117945
0.371346533
0.744824469
0.677266657
0.710394084
0.759380341
0.347024649
0.06550236
0.225901619
0.511604011
0.388741523
0.539334357
0.038438991
0.301603407
0.127246618
0.081332475
0.150672808
0.022690596
0.497544497
0.255436301
0.660214722
0.778463244
0.748434246
0.673444748
0.376448035
0.439052612
0.099416196
0.020061299
0.017887969
0.064887829
0.039414994
0.004998569
0.102090746
0.316957295
0.23786746
0.415509611
0.696690083
0.704069316
0.259045541
0.667644143
0.534060955
0.210304707
0.049289327
0.0784446
0.012061579
0.006249084
0.002649196
0.000838715
0.000734036
0.000269432
0.001275639
0.001573406
0.004839449
0.004550576
0.000543985
0.002381364
0.000770786
0.001003121
0.028556863
0.051855478
0.014064117
0.046334464
0.027032118
0.132505521
0.013922089
0.065051004
0.03591821
0.012432624
0.023471709
0.007891043
0.020485517
0.102269068
0.008467549
0.053689148
0.275159925
0.072897658
0.011056237
0.001848099
0.008857375
0.015565144
0.004702691
0.001140116
0.000985856
0.009708037
0.01230886
0.002570895
0.003585665
0.029619932
0.021502959
0.024760781
0.082690001
0.049806833
0.21152246
0.063904539
0.297851741
0.143179446
0.336383313
0.197371274
0.144416392
0.193637744
0.023099182
0.283814877
0.490073532
0.510653555
0.596924424
0.590194166
0.232676491
0.333317548
0.054331977
0.130809471
0.038614314
0.083442412
0.057043321
0.044470422
0.064529888
0.026138717
0.054717962
0.343701661
0.31969893
0.060073651
0.052562136
0.022048462
0.051893145
0.054739296
0.008936324
0.081956357
0.04462111
0.008698892
0.15733099
0.261184424
0.028318575
0.077880122
0.494871736
0.332282364
0.020660158
0.148914427
0.567574501
0.067827567
0.047909603
0.487186819
0.270021528
0.046040248
0.111038268
0.264785945
0.046754003
0.006413431
0.254817516
0.124852173
0.008849881
0.015151961
0.133905858
0.010572882
0.001142862
0.031466506
0.030696325
0.008402657
0.010619394
0.006582125
0.018467769
0.03295042
0.009835687
0.009091504
0.001509633
0.018730806
0.003449548
0.011137437
0.01713779
0.015322024
0.046014357
0.013168816
0.008412838
0.002131958
0.006144905
0.003854239
0.005508495
0.005433644
0.002024516
0.004772894
0.013032199
0.005807094
0.022546539
0.013251502
0.00559628
0.018458741
0.004349513
0.003140084
0.024037328
0.018963631
0.004756864
0.111973085
0.096556149
0.009255308
0.070927352
0.201510072
0.066940106
0.074106134
0.450245202
0.447087705
0.203565687
0.400738597
0.789451122
0.5446859
0.09639629
0.794767439
0.71216476
0.432050735
0.420214504
0.76174891
0.578268826
0.35697794
0.635038257
0.077605158
0.093676016
0.01890971
0.018427407
0.010900071
0.012431042
0.058220636
0.009266753
0.002660192
0.102004468
0.004920699
0.00178957
0.066531926
0.023751901
0.00232874
0.003507805
0.02402135
0.0234822
0.006436956
0.010544657
0.003825228
0.017926106
0.003280952
0.009212852
0.008129036
0.003549809
0.002032355
0.002180394
0.005965091
0.003986193
0.001984896
0.001442633
0.003505147
0.016184313
0.003999473
0.005932041
0.023238819
0.004412107
0.010803079
0.010248195
0.022340769
0.004066849
0.008542154
0.006048242
0.000806108
0.006235507
0.001931801
0.001233396
0.002184788
0.002503383
0.002975157
0.00236355
0.009650582
0.010646381
0.018493077
0.006211895
0.001984495
0.000901232
0.000150351
0.001894635
0.001065483
0.020590143
0.008740772
0.080178395
0.033536937
0.004981533
0.008461783
0.002703244
0.002216889
0.004538819
0.009060991
0.000848462
0.001569097
0.004293552
0.001657181
0.000463596
0.005489912
0.009264682
0.001592196
0.012807408
0.001802607
0.004492038
0.013529959
0.005841955
0.000525056
0.00133994
0.000413579
0.000547707
0.003550477
0.0087498
0.019705048
0.012410909
0.012418791
0.004467777
0.005729673
0.01192929
0.002188694
0.003564314
0.007143959
0.009768219
0.012765317
0.004799447
0.02682231
0.025667464
0.020648727
0.01373838
0.020462707
0.0073654
0.003940593
0.002212543
0.002869697
0.001692667
0.002393337
0.005485618
0.022968134
0.08792717
0.036750961
0.023068629
0.031348918
0.040179569
0.020781113
0.002173096
0.007025361
0.026026927
0.00612665
0.0016016
0.003136492
0.003335648
0.001268296
0.0007036
0.003524321
0.002439863
0.013125594
0.054010544
0.10670507
0.163639039
0.117000863
0.061678734
0.131242543
0.214202181
0.101924211
0.020950934
0.045600653
0.086743474
0.03076536
0.006197835
0.040496342
0.053360742
0.009759163
0.004421125
0.005031623
0.005776879
0.011604333
0.003787422
0.011713251
0.017635688
0.067750715
0.128653586
0.25459671
0.063244112
0.085054584
0.090871878
0.099134758
0.045021068
0.07784842
0.076261401
0.046611384
0.049529996
0.15689005
0.030104581
0.009914142
0.003310221
0.003490937
0.007018585
0.003983857
0.000910598
0.005315378
0.019799544
0.004909043
0.002763033
0.019440336
0.011178147
0.027533764
0.04217384
0.056892756
0.009342861
0.005415318
0.021414615
0.012637462
0.087597206
0.021758111
0.026513759
0.016813606
0.016303876
0.003582212
0.001642819
0.001465548
0.002374039
0.000800908
0.000829191
0.00160514
0.000819988
0.000556955
0.003757049
0.001979013
0.001089916
0.001247626
0.005091116
0.009811105
0.002687206
0.010793885
0.027483484
0.006527275
0.01727262
0.005706443
0.034344975
0.005014631
0.010588177
0.009290919
0.026494982
0.016200531
0.015645538
0.024621334
0.004366284
0.020796353
0.022488123
0.015176003
0.006067854
0.016981155
0.041506168
0.026324352
0.062491219
0.087220088
0.07846006
0.073911309
0.109223329
0.032299817
0.129482433
0.227260888
0.080001436
0.060989868
0.150361836
0.103351891
0.201933667
0.071943946
0.076092809
0.035549611
0.062770471
0.053108484
0.009016708
0.012362134
0.021035917
0.02651049
0.007893321
0.026486078
0.046579242
0.023777539
0.036719002
0.015766874
0.014026266
0.03584097
0.011724295
0.016000038
0.034764953
0.028566387
0.014610316
0.026801314
0.056284118
0.027277609
0.073930137
0.045592897
0.079728298
0.105295643
0.21151869
0.0507701
0.054840729
0.192439735
0.234582275
0.036372781
0.079886273
0.068485744
0.086172566
0.021599626
0.040083021
0.033752862
0.024265336
0.019888259
0.008359581
0.015934957
0.015517869
0.008340242
0.005606709
0.00841017
0.00886516
0.020541504
0.018803319
0.005148406
0.008994681
0.035525292
0.015446814
0.010806534
0.002719156
0.006423417
0.004176118
0.006781473
0.004401222
0.00513994
0.00834357
0.006716077
0.007954857
0.007467913
0.011799784
0.010258182
0.010426586
0.007674225
0.003027064
0.029121196
0.022283198
0.00801746
0.006406398
0.056450542
0.027309226
0.004309099
0.005780562
0.040221669
0.005345127
0.018186571
0.007662074
0.004717472
0.0044155
0.004807685
0.002281512
0.007546001
0.004431122
0.020448981
0.021917032
0.043622255
0.038562376
0.090108007
0.015796568
0.091103002
0.048103094
0.013370791
0.019247783
0.013202443
0.021295311
0.003958757
0.003043611
0.013663048
0.004977138
0.001186535
0.002729791
0.002186764
0.003318039
0.001704853
0.003530638
0.002739851
0.009391246
0.004117664
0.004934222
0.002188654
0.001981806
0.003537552
0.004768823
0.006205723
0.025013216
0.004988261
0.005396049
0.010006507
0.010324103
0.006407745
0.003920544
0.009508379
0.00989796
0.010785421
0.004035007
0.030219169
0.015073286
0.013358277
0.006656794
0.002142499
0.001161455
0.005607451
0.004576318
0.00612791
0.002930363
0.009926976
0.003268161
0.00551408
0.011363895
0.009178296
0.010083678
0.004245953
0.002522295
0.001626805
0.003796441
0.010377878
0.007108661
0.00167911
0.013156081
0.014844676
0.011979586
0.005577566
0.006098695
0.003669346
0.007449737
0.007672185
0.003485848
0.005480023
0.003431456
0.001342445
0.004147673
0.006523213
0.002070868
0.001921727
0.007598196
0.014176178
0.034424264
0.014470549
0.085635699
0.019793179
0.017776188
0.004587882
0.014103765
0.003514277
0.004108173
0.001263189
0.00363032
0.007429224
0.002325354
0.001471258
0.004552281
0.009350857
0.003489557
0.003843727
0.006026486
0.014128597
0.003219358
0.001853663
0.001799435
0.001866562
0.002504345
0.002948573
0.005821273
0.018833628
0.026738254
0.026487136
0.184281886
0.087200955
0.325989127
0.129585952
0.040693156
0.043116763
0.03015529
0.016189879
0.00425047
0.014093
0.00121767
0.003473263
0.008917551
0.002197165
0.003843044
0.003229699
0.005609584
0.020649539
0.004468794
0.013310299
0.015437158
0.024477091
0.100922443
0.121341102
0.021738136
0.214939505
0.236806989
0.051145688
0.147862837
0.021535782
0.095160805
0.020772588
0.216607779
0.035287138
0.112222619
0.103960134
0.222895876
0.079182364
0.034886971
0.034621477
0.039422546
0.052961059
0.023985133
0.003409299
0.016244655
0.023698762
0.033929847
0.044376072
0.022807213
0.00886362
0.012453846
0.021754876
0.016401501
0.024431115
0.00679401
0.010544727
0.022011142
0.005687336
0.02118144
0.069326892
0.050300021
0.004498264
0.012107342
0.063093342
0.143527776
0.014822233
0.139874369
0.081019081
0.024013383
0.036629532
0.084924936
0.003856105
0.003213425
0.005566524
0.054450948
0.003103458
0.00118816
0.021313375
0.005679355
0.002176493
0.004207125
0.005383181
0.010166107
0.012339954
0.00419045
0.023426568
0.029277584
0.054501377
0.001873643
0.003811762
0.011984292
0.012011685
0.003273827
0.000944355
0.004062452
0.00197085
0.002883509
0.002286197
0.004497821
0.000637775
0.019058155
0.008919694
0.015570566
0.009227967
0.047448225
0.053474966
0.03720076
0.212115809
0.009491809
0.00432422
0.042439424
0.019292569
0.001942329
0.023814678
0.040114395
0.002323616
0.00213402
0.017363735
0.026374215
0.023162743
0.032498214
0.010188472
0.001210782
0.001967233
0.053298358
0.03175655
0.010425391
0.023891587
0.001531751
0.001137022
0.000723923
0.004113446
0.000490613
0.003478834
0.000998881
0.001614061
0.000875459
0.014425626
0.009096459
0.013392699
0.006358908
0.008656682
0.004727826
0.023391595
0.002809701
0.036458507
0.028520677
0.012034521
0.034935553
0.005271508
0.039015867
0.019133825
0.010869586
0.020211756
0.041565031
0.020495839
0.03952923
0.046332341
0.035883963
0.072001345
0.03926073
0.013979668
0.078900792
0.00400866
0.00231473
0.00671249
0.001856333
0.035232864
0.011903619
0.011506554
0.016213281
0.093266204
0.041908108
0.002273906
0.011617735
0.003973917
0.006192245
0.024825048
0.013162135
0.054304153
0.002695888
0.009047096
0.074449837
0.002957221
0.003591206
0.017653391
0.099983647
0.000793248
0.008462223
0.070232645
0.089076594
0.000659198
0.048801173
0.112773411
0.141738519
0.001192003
0.012020436
0.006122535
0.004524708
0.003963577
0.012839199
0.006652737
0.008452146
0.016899372
0.004364949
0.007678468
0.0107631
0.040420827
0.010686401
0.10385631
0.005619109
0.109041527
0.099165946
0.025616122
0.041689858
0.045054317
0.055179596
0.038107336
0.065571696
0.011329318
0.033271469
0.004560415
0.005757293
0.000493421
0.004093301
0.000766803
0.047726355
0.014262481
0.00873696
0.012735868
0.002400788
0.004565591
0.002593684
0.007312259
0.005351575
0.006706153
0.014833585
0.046589043
0.01496254
0.050314996
0.053047966
0.049441226
0.026375072
0.128612161
0.031397652
0.182189599
0.038913533
0.05075866
0.015767029
0.045748372
0.069042914
0.008007681
0.044331316
0.028249083
0.02558293
0.003569568
0.042555004
0.020574756
0.051807933
0.082144916
0.125874087
0.080459692
0.23957321
0.165768132
0.05342498
0.591928482
0.522584975
0.210511044
0.225528091
0.150864705
0.161980778
0.413921922
0.255766898
0.274003655
0.176220998
0.221395001
0.543222904
0.282829165
0.066858098
0.064139113
0.258931458
0.085392907
0.01397303
0.042334914
0.010091729
0.001730201
0.015026572
0.023053385
0.16325061
0.477796316
0.480103731
0.493101627
0.566485465
0.58611834
0.688234568
0.049475856
0.03853612
0.108878225
0.084016681
0.007144423
0.064913318
0.019133568
0.060843203
0.062948614
0.079028688
0.056005582
0.151531547
0.11977306
0.063110754
0.116555333
0.103131987
0.111999884
0.014988185
0.061557807
0.005679236
0.033876028
0.030026281
0.052664194
0.092979476
0.147782445
0.015565808
0.126189142
0.163281158
0.025782157
0.023147404
0.307618469
0.190416366
0.085356459
0.113862328
0.159783885
0.345589519
0.17805846
0.243057325
0.581962049
0.468461186
0.425129503
0.461883664
0.383695871
0.096390806
0.335036486
0.26235044
0.140296534
0.407533556
0.084386662
0.053872656
0.004850894
0.039600447
0.039773889
0.107709579
0.156749412
0.056707278
0.127883196
0.019475341
0.032501612
0.044612613
0.052674644
0.116943628
0.090104394
0.102763794
0.278691351
0.069588818
0.03249253
0.02122548
0.08497224
0.043610405
0.024512211
0.048398599
0.02839567
0.018182125
0.028848305
0.009725041
0.058582257
0.042568482
0.036253545
0.065495424
0.016529802
0.058886629
0.008007371
0.084033445
0.099848732
0.101604834
0.014221041
0.099599376
0.008939437
0.04657761
0.08235126
0.186840996
0.039955582
0.229326993
0.136662647
0.056566119
0.051355965
0.256696373
0.203736812
0.200314209
0.472028226
0.10169486
0.097404838
0.128195226
0.071973667
0.131889001
0.063651308
0.204388887
0.285104662
0.029186588
0.224811882
0.089840479
0.457145035
0.575726509
0.452584743
0.508341968
0.452680707
0.753918171
0.631950855
0.515120625
0.773438931
0.563821852
0.766305268
0.624529183
0.829985857
0.560262501
0.71451813
0.543569088
0.519522369
0.371909142
0.200579926
0.30071348
0.125590667
0.093445562
0.111136787
0.129807651
0.472497821
0.278028071
0.40166229
0.53275466
0.788422406
0.131220907
0.389439076
0.636751652
0.438436061
0.768761277
0.590336978
0.305668235
0.348076493
0.19228515
0.185819462
0.28170836
0.367795527
0.074735969
0.290017605
0.452259213
0.175067633
0.026586991
0.049919158
0.042521186
0.023010341
0.03123471
0.009286772
0.140156388
0.02447789
0.211414427
0.028657196
0.314080149
0.378501773
0.113911316
0.053835168
0.030738363
0.073900625
0.006473787
0.012362238
0.129900157
0.207037702
0.032501839
0.13202709
0.308829099
0.326194406
0.106224351
0.666642427
0.642950356
0.334470719
0.4625175
0.819983482
0.598081529
0.759951949
0.664616108
0.410774231
0.400954723
0.178600296
0.363450885
0.465144157
0.126600057
0.156739056
0.072903685
0.149680838
0.087229311
0.139369696
0.031907115
0.020841926
0.020444715
0.014294116
0.026980789
0.018434908
0.034376256
0.01290607
0.009473938
0.039929185
0.041283857
0.058145408
0.088420942
0.14521578
0.402914733
0.200735986
0.293800861
0.402174592
0.713098288
0.520211458
0.445872188
0.696906984
0.784435093
0.517583311
0.585719585
0.789384127
0.500895202
0.534639239
0.59772265
0.550106466
0.518877029
0.515566051
0.456830382
0.476168454
0.475675702
0.468543679
0.477037013
0.587854445
0.490825593
0.461029112
0.467709094
0.601891935
0.515649796
0.455850154
0.475714326
0.522191465
0.498683035
0.44983995
0.381000817
0.478544325
0.342437655
0.471172303
0.502548099
0.385228604
0.376816958
0.216164693
0.204617009
0.034417685
0.113107391
0.128133148
0.092361279
0.071225815
0.152346656
0.123814762
0.259766817
0.203176081
0.115731627
0.226586416
0.146622002
0.318845302
0.410267174
0.628480852
0.139553487
0.402192622
0.033865046
0.229445755
0.016965091
0.160994425
0.084007107
0.163602412
0.136088595
0.427610338
0.514426827
0.30684191
0.20446308
0.235044554
0.038854737
0.06395907
0.02410447
0.050978824
0.039296899
0.063697085
0.050223693
0.114994027
0.052340515
0.029960407
0.032648526
0.080918491
0.289390177
0.232083857
0.055303551
0.039028864
0.11095918
0.204600215
0.230865315
0.240473464
0.109823324
0.441595018
0.107814655
0.46494177
0.317600995
0.208782092
0.039544664
0.154652908
0.047654189
0.627226532
0.113689117
0.706284046
0.338721097
0.14967759
0.134614095
0.038534783
0.009874549
0.060378697
0.031757448
0.029864684
0.02526102
0.041185301
0.089987166
0.046453744
0.036269024
0.107930094
0.020841096
0.062239718
0.00375362
0.048578009
0.020018652
0.190180883
0.357355773
0.522959352
0.478762835
0.263128042
0.209201813
0.101191647
0.131890759
0.049836148
0.109806836
0.120063186
0.014220268
0.085115716
0.037234969
0.108502433
0.046133559
0.156834885
0.037111972
0.083674833
0.02092085
0.15562731
0.050886512
0.150575653
0.04595542
0.201732457
0.118689388
0.367026269
0.157047048
0.313881367
0.249715626
0.25777185
0.279409528
0.066490449
0.072236046
0.092240833
0.221556634
0.519681454
0.791985035
0.843806028
0.617407501
0.290194005
0.604877293
0.684567332
0.100486219
0.097702906
0.394058079
0.198306188
0.020946808
0.007561112
0.013424534
0.011562956
0.032804564
0.03835791
0.073989294
0.037808031
0.052995123
0.037299838
0.100170605
0.044570755
0.009553279
0.027429333
0.047311187
0.010403021
0.038843628
0.002668868
0.008831439
0.046819244
0.157652065
0.006569961
0.056437276
0.06679143
0.011055993
0.022697685
0.003531693
0.04548398
0.01155512
0.013709825
0.019153362
0.023739429
0.019598261
0.028552881
0.08085084
0.075657852
0.01895652
0.07198637
0.205414206
0.026113011
0.028717693
0.068074986
0.100764416
0.008979927
0.039994031
0.292761803
0.138697237
0.060844611
0.198794529
0.052716691
0.183276564
0.437325954
0.306654274
0.081312962
0.05378655
0.047973718
0.092502594
0.041183874
0.025398986
0.05935147
0.103969596
0.20966211
0.25742799
0.106012978
0.128014907
0.141666397
0.052219454
0.054727755
0.046431489
0.092400797
0.031871021
0.021648681
0.014609724
0.015203706
0.01388254
0.070253462
0.140718028
0.080302596
0.12946707
0.127030581
0.158715621
0.053310219
0.052798066
0.010292186
0.086622559
0.105106756
0.08575058
0.013503408
0.112424664
0.129496619
0.146296203
0.05196343
0.014628641
0.032699212
0.007100296
0.046153411
0.02687812
0.002495205
0.007218583
0.074518509
0.010737415
0.001983907
0.057521679
0.0376225
0.007883021
0.01132935
0.125336856
0.017756937
0.017170817
0.116181262
0.40526703
0.026832016
0.071398191
0.507446527
0.178932279
0.465957403
0.391746521
0.187466621
0.282891005
0.259801656
0.153231964
0.229039609
0.105089389
0.036382634
0.012392651
0.005008925
0.013326691
0.058525216
0.010584752
0.008377078
0.037110459
0.007532419
0.065760307
0.012049589
0.005943195
0.066016577
0.018317811
0.202166408
0.222786739
0.18646729
0.067770146
0.113368534
0.004208504
0.02122123
0.008563811
0.016570326
0.019694267
0.015324858
0.006494414
0.017585186
0.007696441
0.010421908
0.047839873
0.052405216
0.036008421
0.154977843
0.103436232
0.060537256
0.048552562
0.027391452
0.031768881
0.048093487
0.065044172
0.047991712
0.114202194
0.052639496
0.119256735
0.053235758
0.131068185
0.046119958
0.035964306
0.071406521
0.048312526
0.010908953
0.050518859
0.012634439
0.035472121
0.058432698
0.075537495
0.019459223
0.099229082
0.131385863
0.108873785
0.077221014
0.067403302
0.144456729
0.054141391
0.060682941
0.031313717
0.136887103
0.040836211
0.018959709
0.099902064
0.0845268
0.01888917
0.017360389
0.015280229
0.014632993
0.004552527
0.008354522
0.001259189
0.006475293
0.003085215
0.005445046
0.01632496
0.01926785
0.003478845
0.001099422
0.046007011
0.043576147
0.003266846
0.031324364
0.010879741
0.041776456
0.046890222
0.03914449
0.047091708
0.051749069
0.134961277
0.059404053
0.128116295
0.079722479
0.019050695
0.053943496
0.134810627
0.110520683
0.146443605
0.055705085
0.075778261
0.08430656
0.076223917
0.035332732
0.044787295
0.084411085
0.036415525
0.036635559
0.021169551
0.06872943
0.054510046
0.025010157
0.018955765
0.038266368
0.07504876
0.105506681
0.118191138
0.159957811
0.104572929
0.042669691
0.14495039
0.046748836
0.045765318
0.095397413
0.047055978
0.004856194
0.02876023
0.042970985
0.007018476
0.002623329
0.001502032
0.002756448
0.010456309
0.010715239
0.001673194
0.005444437
0.044415224
0.006096317
0.002664807
0.04868035
0.05013435
0.002744621
0.018340128
0.085240372
0.078696191
0.085184343
0.020796515
0.081795953
0.070040412
0.048077296
0.073328249
0.258865237
0.024954533
0.500478327
0.264905006
0.009828937
0.24985303
0.345682055
0.089349739
0.006211372
0.106506184
0.062931523
0.004195548
0.047430031
0.120406628
0.016205365
0.017658859
0.028851489
0.043706246
0.022174006
0.021313412
0.068420775
0.125386715
0.118613891
0.070769668
0.018822445
0.052391849
0.102189764
0.097366989
0.164305463
0.265152961
0.091600344
0.12831454
0.025480086
0.020560954
0.010954577
0.002493144
0.02040117
0.003046466
0.067804761
0.002165955
0.038353421
0.00281368
0.007861264
0.004584907
0.010752089
0.009942414
0.002461947
0.059312943
0.058495246
0.017900849
0.044270489
0.200950131
0.212547734
0.601272941
0.377188653
0.25050512
0.250145972
0.621177256
0.075857073
0.299967706
0.651833594
0.733656406
0.655026376
0.453563184
0.11875467
0.213452742
0.034158576
0.171377152
0.378307164
0.593231261
0.574152172
0.628702402
0.768446147
0.821792901
0.689114034
0.702792704
0.420405716
0.321091264
0.214918882
0.121117607
0.129715458
0.037050921
0.073631719
0.397246569
0.406679958
0.087455727
0.003774994
0.029925713
0.172351956
0.029082946
0.004052506
0.075372994
0.319518834
0.083499506
0.064780861
0.294753462
0.400926054
0.621868491
0.188279182
0.230288073
0.647488475
0.452322721
0.537328601
0.689078987
0.798564732
0.751106083
0.74042958
0.433566988
0.648777187
0.092848621
0.247712091
0.203576744
0.276782453
0.285904825
0.5599401
0.4568111
0.523790359
0.315697968
0.299109071
0.425376564
0.438847274
0.59028548
0.541382074
0.588625312
0.499416053
0.421457708
0.470898151
0.43173939
0.260334074
0.243357629
0.440423131
0.347161651
0.216878742
0.624941111
0.182294071
0.074064411
0.016751509
0.015391435
0.094659552
0.031180514
0.004823231
0.005724376
0.020113943
0.004862823
0.001947818
0.005865032
0.036121022
0.005085699
0.003495854
0.038813718
0.007520946
0.00097312
0.056742959
0.018266404
0.038828239
0.034730118
0.007441481
0.03963846
0.015491427
0.007799787
0.001535513
0.000974378
0.007474795
0.001627011
0.001450464
0.153057933
0.224869341
0.305219293
0.055863924
0.042993523
0.051030848
0.238482565
0.3636823
0.024169456
0.014346879
0.312564403
0.218220711
0.022828091
0.028138783
0.09136714
0.093705535
0.048475541
0.111777276
0.075462177
0.224929437
0.108030938
0.019313753
0.075555809
0.008427159
0.012722408
0.008741553
0.014009126
0.067087494
0.00573701
0.004214628
0.005815048
0.014613844
0.016630054
0.010905902
0.022747133
0.009830932
0.034679286
0.105045773
0.019621348
0.097492091
0.105744258
0.08055497
0.079820715
0.152690634
0.040074222
0.033994749
0.063815914
0.095945276
0.086509064
0.137188464
0.030467834
0.133013651
0.143954635
0.119804963
0.112116545
0.107056402
0.087432854
0.028393526
0.074016824
0.029873844
0.056080353
0.030771581
0.017263461
0.003939617
0.005384692
0.011857651
0.002042668
0.044177137
0.012659936
0.228898704
0.068244413
0.049889565
0.060956344
0.040193867
0.010313043
0.012429994
0.011415067
0.00728085
0.006774591
0.005700318
0.007055256
0.01012115
0.03029702
0.067836694
0.025254326
0.010104937
0.034624882
0.001566136
0.000838054
0.004407001
0.001629344
0.008897959
0.003266117
0.024385318
0.040662009
0.149027944
0.131287232
0.095525853
0.009921486
0.022644592
0.138364017
0.084337927
0.107070327
0.008318413
0.016640335
0.018957123
0.017715991
0.001339397
0.004997057
0.004003009
0.002575827
0.009269327
0.015918778
0.030647131
0.034797311
0.021317387
0.066266343
0.059702724
0.001886487
0.004210211
0.002261302
0.006707347
0.02554219
0.073606834
0.189994618
0.171190619
0.214137211
0.313179046
0.085159354
0.197944984
0.197438404
0.055159513
0.157334447
0.045909885
0.184591264
0.008940084
0.031783182
0.086542606
0.059954558
0.014404192
0.004332909
0.03436432
0.00402312
0.003395058
0.001725944
0.006286083
0.003108558
0.006459911
0.01788616
0.004155089
0.018521357
0.041542199
0.007255324
0.054107651
0.015066855
0.022647008
0.196055055
0.022887083
0.104645677
0.097720698
0.429552108
0.412514985
0.235096708
0.305547386
0.153910369
0.10170649
0.089844167
0.129803002
0.016217452
0.015338075
0.060271949
0.016526494
0.007376327
0.03462515
0.051740464
0.05044901
0.0206398
0.084813073
0.076053269
0.129191816
0.230574593
0.136937276
0.133360222
0.09323398
0.063463375
0.123823307
0.043256123
0.016397834
0.07337933
0.007652132
0.019502651
0.003103198
0.004352946
0.011736689
0.004761552
0.026611386
0.085615307
0.084844887
0.072659455
0.073993951
0.157926649
0.11396037
0.130005106
0.101729184
0.117967792
0.072005846
0.057665344
0.072325118
0.052196048
0.023918653
0.008931149
0.011025165
0.002406819
0.011769449
0.002066435
0.006830977
0.009313731
0.050062515
0.097171135
0.014640187
0.037092451
0.003623777
0.011866
0.013647757
0.002181695
0.005238556
0.002358077
0.000582336
0.001404332
0.000678447
0.004248979
0.004371449
0.004497888
0.015530142
0.038565326
0.075583361
0.019073416
0.032168936
0.018768098
0.020353302
0.034297377
0.014824356
0.012851747
0.009712392
0.019926839
0.006123693
0.008556939
0.002944475
0.003561081
0.004932747
0.001997471
0.010671856
0.013371357
0.004046397
0.036269177
0.008916987
0.025521478
0.04304947
0.063894011
0.049557608
0.026295014
0.01905212
0.016365087
0.005399427
0.032828219
0.058258846
0.003023131
0.007102603
0.012020755
0.003944466
0.005443275
0.001807047
0.003620438
0.002735896
0.013950096
0.009570911
0.062641978
0.040279049
0.17850244
0.022908276
0.009671522
0.095785558
0.036012068
0.010610991
0.051664431
0.010068615
0.010587753
0.003383875
0.006456001
0.006835243
0.004185284
0.000986213
0.006263872
0.002390652
0.006671455
0.016300075
0.01428045
0.026454154
0.01373931
0.004551438
0.005982202
0.002799662
0.001362904
0.001668516
0.001092944
0.001613221
0.027624091
0.007349499
0.034644857
0.008842081
0.010566889
0.0153387
0.022045862
0.044080894
0.080290467
0.066127688
0.035314452
0.026895253
0.011570915
0.017901577
0.026723953
0.01606372
0.006373906
0.01181114
0.006620662
0.00271397
0.004003337
0.003709072
0.009400495
0.005756245
0.024323387
0.00111316
0.011089792
0.001773931
0.005236042
0.005411538
0.009262871
0.006207998
0.00880573
0.010674102
0.004074501
0.013254154
0.000676215
0.008757069
0.000311602
0.001519031
0.000314571
0.001952412
0.001212788
0.018218635
0.007660595
0.001237597
0.000548446
0.000299434
0.000456419
0.007827575
0.001276005
0.022328341
0.015633343
0.003684333
0.001371681
0.003347419
0.007403603
0.066977426
0.03298403
0.031905189
0.066824578
0.047870409
0.003537256
0.001299757
0.001986116
0.003615342
0.006489976
0.021665679
0.013105128
0.030005638
0.058124963
0.072131537
0.027745737
0.019918961
0.001769111
0.001735954
0.000716432
0.01931382
0.002599412
0.029988561
0.003716936
0.015653761
0.003667009
0.000731965
0.062223755
0.023205655
0.005727465
0.018144278
0.000615561
0.002988343
0.001436553
0.003173313
0.005809898
0.061540786
0.2499962
0.132077351
0.297563553
0.265104473
0.039988697
0.228663623
0.189689279
0.070345938
0.075546116
0.084924795
0.054770838
0.02685689
0.017798688
0.015463719
0.00390772
0.002028297
0.006116378
0.005386583
0.000808522
0.001342494
0.00902218
0.002583542
0.002988525
0.014155694
0.048954025
0.116496742
0.051905334
0.007731699
0.095099889
0.002573545
0.004650952
0.004864245
0.00668141
0.080893837
0.064213037
0.284618735
0.490559667
0.493654639
0.128461376
0.218528479
0.078516193
0.081916206
0.017836371
0.079700477
0.028849805
0.080522999
0.081122912
0.249793932
0.040956169
0.080112204
0.213016838
0.014527161
0.043024674
0.078259155
0.011248049
0.012048796
0.028772779
0.060621813
0.013053549
0.04426777
0.096494853
0.167591482
0.352777958
0.254582763
0.54309988
0.453341186
0.581819952
0.277887285
0.59111619
0.046966597
0.205951408
0.220614642
0.016145865
0.009111992
0.143964335
0.110407919
0.003082189
0.006790949
0.062532395
0.029298341
0.002061332
0.013372602
0.080647536
0.028682426
0.018884417
0.007857873
0.019454278
0.058809061
0.023260795
0.020527566
0.001897999
0.00083706
0.000866669
0.000533855
0.002569448
0.002965012
0.023881726
0.078122824
0.031168168
0.242950484
0.215859815
0.528113186
0.446331978
0.346718758
0.260352373
0.190829337
0.195119128
0.280608624
0.033911083
0.049131818
0.064840712
0.052156884
0.002623721
0.019533178
0.014067238
0.001488391
0.002837185
0.011042606
0.009043339
0.003838454
0.000624215
0.001293225
0.000469217
0.001477653
0.001286651
0.000937831
0.004957541
0.019267552
0.119688645
0.148309484
0.054958414
0.149854064
0.028920963
0.024482274
0.090933099
0.006702803
0.016972879
0.054277148
0.008984864
0.002364862
0.001595716
0.010995993
0.038367279
0.025469171
0.00305888
0.006288195
0.002921967
0.024341345
0.028492115
0.066821128
0.016975489
0.002505492
0.003277782
0.023790024
0.007955075
0.000505507
0.001456318
0.002360069
0.012695372
0.003154775
0.028714389
0.004370622
0.001322871
0.056656286
0.055015873
0.000466266
0.044967428
0.068404309
0.003428567
0.053751484
0.559726954
0.116434827
0.045933034
0.672787547
0.415608019
0.269642323
0.302188754
0.368408173
0.045844473
0.03757998
0.102833867
0.005221686
0.002722359
0.07769423
0.134790316
0.002044873
0.00702134
0.046439756
0.004447845
0.001389506
0.048607986
0.123529628
0.006658058
0.007478737
0.089475252
0.151744738
0.148382589
0.059979662
0.068332545
0.01392632
0.003688944
0.001209153
0.01016342
0.001822534
0.000718603
0.002042565
0.002385967
0.007677309
0.005717863
0.016902214
0.013272644
0.017243803
0.012090359
0.014674399
0.021405537
0.024911536
0.03354276
0.063707262
0.073184423
0.088336073
0.038817979
0.095244676
0.051890235
0.039797179
0.029578805
0.023840358
0.007896734
0.023666158
0.019188579
0.003812867
0.011469333
0.003918084
0.003691081
0.008371614
0.003081572
0.011578541
0.003402452
0.003244762
0.002506448
0.045329917
0.011860614
0.016371028
0.061641671
0.105912387
0.027482567
0.057941586
0.474876285
0.220339999
0.078100167
0.114382342
0.393390954
0.226458892
0.272625268
0.077970117
0.060166713
0.158220544
0.189887002
0.252716333
0.300400555
0.466153711
0.400499701
0.572691321
0.543270707
0.64112258
0.825338542
0.705786347
0.495087206
0.611802101
0.785610676
0.561620653
0.347591281
0.529970527
0.584994912
0.250184715
0.283362716
0.432942659
0.240487456
0.090756744
0.196595952
0.165311292
0.108948387
0.090555236
0.028178196
0.061462235
0.072997496
0.077396385
0.025498079
0.024767296
0.025964327
0.043211963
0.011489126
0.031950556
0.010205451
0.009067758
0.004571722
0.005592446
0.017622493
0.004023623
0.008962623
0.010831468
0.025124311
0.005217836
0.003098865
0.013359088
0.041335739
0.006851927
0.012580589
0.127121389
0.026614213
0.009579646
0.0106759
0.018682444
0.069091946
0.12670435
0.049374253
0.091491006
0.109064855
0.119494177
0.087639287
0.176802874
0.256791919
0.204372376
0.325491875
0.238591596
0.077675
0.226033479
0.283936709
0.131997764
0.035189696
0.134535551
0.187638193
0.015461004
0.038360406
0.241831735
0.250548631
0.012473415
0.011563865
0.062019344
0.077954717
0.008647718
0.031469952
0.368460536
0.11942815
0.009808404
0.158463016
0.203150138
0.014355344
0.013829439
0.186145037
0.19291909
0.047285255
0.048145492
0.03307924
0.071331471
0.058185596
0.029687235
0.015259367
0.172217071
0.083115019
0.035743713
0.35054636
0.211083606
0.054624539
0.057728447
0.586578667
0.084379569
0.139523387
0.050937295
0.047173359
0.117971808
0.014760244
0.218226448
0.172250018
0.065566316
0.283696622
0.403377533
0.399825782
0.369766206
0.308673024
0.549402118
0.383868009
0.40048787
0.164325997
0.653428197
0.458996683
0.419126391
0.129023969
0.534869552
0.372907907
0.026650468
0.150024116
0.356892258
0.147961259
0.02172179
0.198154137
0.206805572
0.106087349
0.082892708
0.047384914
0.07100337
0.237400889
0.386608362
0.027407842
0.109342195
0.14394033
0.261927605
0.326263577
0.010275344
0.045342587
0.035110105
0.104163788
0.008724819
0.005493016
0.030577665
0.010316111
0.023881683
0.019455582
0.049959093
0.009730847
0.053892348
0.062689416
0.061144497
0.09095151
0.094910167
0.049773898
0.058613293
0.113569461
0.10147582
0.036377344
0.257072538
0.127702102
0.054845095
0.034953728
0.344087958
0.04456104
0.009758897
0.246719792
0.102987461
0.007618127
0.015352075
0.373967767
0.101767987
0.034272585
0.01332876
0.020101298
0.016351953
0.002426093
0.006249569
0.023912285
0.059397127
0.034135059
0.008377553
0.00933612
0.052739877
0.05507572
0.042452425
0.020976087
0.084985137
0.052047528
0.021656565
0.11591316
0.0627869
0.070459999
0.032608498
0.062598832
0.042121042
0.050174307
0.049662068
0.071884513
0.041448083
0.124932051
0.018955842
0.045507655
0.135862708
0.06103861
0.144864023
0.113241605
0.068830371
0.153609037
0.361270398
0.029724825
0.075913869
0.240326211
0.249027416
0.015079575
0.140142441
0.326049984
0.296952993
0.037054371
0.267584205
0.548028409
0.034629058
0.0453806
0.410104692
0.58731848
0.057352509
0.114295334
0.666099966
0.437221497
0.049172986
0.172972903
0.029502131
0.025262531
0.073448442
0.017086614
0.031307235
0.128901079
0.081597485
0.029903674
0.125571787
0.202926263
0.26834926
0.044784989
0.093782738
0.551836491
0.255238652
0.238211706
0.373702586
0.416671067
0.361330003
0.373855919
0.416878611
0.215831846
0.156446293
0.082777739
0.031049622
0.015268927
0.027257504
0.012598485
0.026302081
0.009885417
0.001676248
0.039679512
0.01495238
0.010435047
0.004525073
0.003436279
0.022083875
0.007995619
0.004352202
0.00590032
0.034394398
0.023347715
0.004447759
0.038375262
0.024597412
0.043887068
0.107650384
0.13777177
0.196849763
0.149910495
0.104756624
0.205757797
0.103848077
0.038529735
0.003620612
0.092939697
0.066686794
0.027787108
0.015190282
0.050741225
0.019835418
0.002235477
0.019507511
0.040972263
0.004147928
0.032434385
0.028904494
0.063806064
0.068717159
0.005568211
0.071704306
0.004766574
0.027698386
0.047593143
0.081271417
0.021960163
0.013540617
0.252691746
0.03559519
0.074224032
0.208917648
0.349467367
0.220143273
0.171964794
0.13303256
0.092563741
0.027975714
0.049996808
0.026625048
0.009949261
0.010790796
0.060853954
0.051855993
0.01280681
0.018320145
0.005869589
0.079269193
0.049254972
0.00789462
0.089218892
0.148034349
0.108805634
0.140964761
0.207101688
0.153689384
0.012582377
0.144743472
0.111086905
0.117734008
0.023280591
0.055712435
0.179981098
0.068401426
0.009135499
0.023751166
0.056561496
0.02499271
0.01184113
0.017020361
0.017898256
0.03722316
0.00486539
0.01362286
0.030437492
0.069145732
0.016370937
0.070423089
0.045839731
0.025369739
0.029598987
0.008302942
0.005472248
0.012663329
0.005589496
0.000896964
0.008490873
0.003301427
0.005221525
0.001242589
0.052117378
0.050098382
0.044511005
0.01381267
0.007642311
0.002379673
0.004883686
0.004579565
0.002270335
0.005505205
0.007040219
0.003481306
0.000999591
0.007716628
0.009089369
0.001374644
0.002569163
0.010694267
0.024729365
0.001735146
0.007763254
0.024959266
0.031678252
0.034109503
0.050291229
0.006880958
0.004121525
0.00487129
0.014807651
0.00419441
0.006986323
0.014536154
0.009732308
0.00935814
0.055110373
0.105983026
0.006753284
0.097787231
0.059122998
0.053153124
0.07459794
0.012712996
0.055898208
0.047945414
0.006998428
0.008122065
0.004548672
0.023125507
0.008944158
0.003450535
0.002873438
0.004863476
0.003374222
0.001041298
0.003303248
0.002546374
0.002149597
0.001511097
0.002165433
0.003845315
0.006884687
0.001044291
0.001221593
0.003397227
0.00619454
0.00215203
0.002763262
0.008652894
0.017242294
0.010348634
0.006948627
0.011661521
0.098335624
0.013750228
0.016227784
0.017686101
0.06316407
0.078097969
0.011272466
0.051750071
0.061085027
0.009626116
0.007146963
0.02564602
0.005675294
0.004370745
0.004801463
0.006722715
0.00177893
0.013696859
0.020309016
0.005961111
0.037465081
0.034689683
0.004670619
0.004249542
0.084846824
0.019239433
0.004160611
0.039524127
0.039054539
0.015457377
0.006378428
0.021132264
0.011985977
0.003743483
0.008771386
0.069316648
0.020676518
0.002696506
0.024470525
0.155391574
0.017169498
0.016004732
0.30868265
0.388830602
0.076725766
0.061533172
0.099457681
0.190425396
0.122594476
0.042571299
0.099116206
0.041681841
0.051080287
0.02492019
0.022473158
0.015502165
0.027911337
0.103937842
0.013315521
0.060187042
0.006087554
0.049922131
0.034783967
0.039185099
0.035045672
0.156769499
0.038919386
0.199377865
0.020279242
0.115886413
0.075570166
0.124674506
0.077410005
0.013199237
0.027024858
0.176378474
0.042859484
0.006859131
0.147020221
0.102108032
0.019474858
0.028594732
0.114568539
0.061982334
0.062388781
0.477889806
0.148677781
0.557311773
0.871439934
0.044674784
0.260156095
0.690493584
0.201608643
0.029777417
0.232025549
0.678704798
0.062599674
0.024963237
0.446582496
0.29332301
0.019471582
0.058160897
0.301243246
0.050022334
0.027251007
0.089057095
0.226300418
0.086284406
0.033307441
0.054554597
0.030274229
0.017334029
0.014138428
0.016701587
0.021854239
0.031015398
0.009751882
0.019406116
0.013052553
0.016776696
0.008694945
0.002558913
0.081133895
0.009343117
0.004309226
0.072380804
0.031868279
0.069249049
0.151726484
0.044356886
0.014713799
0.243260741
0.094303414
0.008006658
0.446712971
0.353128433
0.083823934
0.031399
0.596992493
0.412793845
0.185843661
0.125818729
0.779062152
0.545284092
0.102213956
0.549251556
0.731150746
0.667229891
0.075685278
0.457247168
0.619263709
0.362025857
0.14338249
0.719839513
0.495943099
0.072676279
0.38899368
0.572408974
0.14418608
0.319823951
0.189079359
0.148357406
0.332546383
0.197065741
0.124287285
0.214797184
0.375251532
0.114972793
0.08515133
0.494539797
0.412787288
0.086170115
0.118899822
0.389312536
0.277602434
0.030170426
0.116311684
0.213287368
0.037821461
0.013503268
0.042337332
0.092997022
0.014591578
0.011892553
0.02208183
0.005931333
0.003533617
0.013984363
0.020617431
0.012842445
0.003342805
0.023739666
0.014323782
0.006172674
0.033682626
0.041790221
0.117099568
0.207441971
0.230254233
0.044811029
0.162266731
0.133605376
0.081300274
0.130035758
0.111841843
0.092761874
0.127997369
0.142208651
0.153529167
0.077886686
0.183443338
0.139639348
0.079280056
0.197253183
0.089146331
0.033035599
0.255820781
0.206199825
0.099882938
0.271401823
0.027821958
0.441120088
0.023399152
0.247544602
0.240483195
0.135713071
0.25246495
0.17236495
0.320791364
0.119529694
0.204333797
0.147859186
0.075207002
0.104858093
0.04186368
0.195329547
0.043924812
0.05526007
0.096876174
0.077031329
0.325592786
0.295015424
0.450088203
0.250797361
0.2241631
0.088180415
0.156925395
0.15927121
0.07852143
0.08742471
0.061652355
0.100608319
0.059899811
0.056215849
0.060696285
0.147378132
0.15465112
0.202642709
0.034311354
0.218740836
0.020860001
0.127488241
0.020878071
0.055975892
0.097728603
0.032459777
0.078975782
0.031090217
0.038007554
0.022066629
0.052934516
0.013323763
0.069254369
0.030031616
0.032642089
0.007220852
0.096126661
0.018684793
0.114874646
0.041406605
0.164590195
0.091150515
0.066986598
0.12491411
0.147641659
0.162614211
0.084583715
0.164127573
0.050935358
0.0763506
0.105241425
0.079771742
0.054816332
0.025528446
0.054522216
0.036831297
0.153381929
0.066863731
0.149474159
0.174908087
0.166523755
0.143587977
0.328150749
0.268536896
0.326355308
0.278123796
0.047038469
0.307980895
0.046052732
0.249485269
0.097487584
0.233882263
0.103349805
0.23240532
0.229168952
0.117314152
0.172490299
0.012091497
0.086118534
0.0172539
0.023718705
0.082578517
0.068100862
0.020227201
0.088071711
0.019617643
0.074475601
0.006818185
0.076375499
0.021661893
0.206140503
0.025193403
0.128339127
0.159787342
0.093437552
0.060246304
0.067930654
0.039657503
0.077281214
0.040379599
0.122048154
0.087954573
0.119095713
0.265711546
0.199051335
0.219801366
0.135193676
0.071749471
0.155621141
0.098517843
0.101166487
0.128363803
0.112248898
0.084766805
0.115292296
0.080793172
0.048390362
0.044002399
0.045264468
0.012199499
0.086905211
0.011355793
0.08712168
0.043152042
0.021284983
0.025599457
0.04022979
0.048967816
0.04028089
0.075895756
0.011730253
0.110297441
0.031339027
0.073664665
0.00342301
0.069930956
0.008385991
0.072772503
0.062926449
0.15485926
0.28771767
0.076872297
0.10495986
0.158195958
0.115861043
0.14740485
0.132123753
0.064051792
0.158290118
0.010801643
0.135631815
0.009888778
0.139265805
0.030091254
0.211515874
0.186597586
0.450205445
0.528685927
0.324545771
0.61179179
0.643920541
0.518846035
0.705646932
0.502654076
0.504180074
0.750195086
0.714337468
0.488416195
0.49449259
0.491392583
0.51388377
0.5074386
0.576879323
0.450276464
0.491626918
0.522917509
0.397725731
0.496566325
0.501572549
0.497734994
0.483513445
0.451834679
0.464039624
0.496653587
0.513148129
0.576255262
0.478592604
0.510513604
0.484607249
0.088543832
0.061409954
0.079984188
0.046175238
0.039845943
0.051709101
0.031339251
0.024013257
0.038740117
0.057468191
0.030458216
0.029020736
0.018356204
0.022808395
0.021864831
0.019744271
0.005244145
0.009266617
0.015965885
0.00788361
0.018022127
0.007848334
0.039169427
0.014309308
0.003193407
0.009160906
0.038037535
0.011170677
0.008780794
0.035873458
0.035656918
0.009682609
0.019727085
0.044886585
0.043486487
0.0219661
0.037617821
0.02898675
0.051389702
0.019793903
0.00336897
0.002417419
0.004151126
0.004942597
0.003756395
0.007270476
0.017705763
0.003948713
0.006288626
0.011447446
0.023327801
0.002973388
0.007542396
0.004858704
0.018268224
0.004982662
0.008068618
0.079249769
0.001102973
0.002588346
0.044790357
0.010118244
0.013626154
0.001650906
0.020872813
0.006512841
0.012500543
0.003881653
0.016039817
0.025378948
0.016642885
0.01240815
0.041897766
0.012385542
0.010730661
0.030590095
0.01234804
0.009507871
0.010584561
0.013075978
0.007582843
0.056893624
0.06551367
0.011955435
0.014819441
0.037149295
0.06785588
0.019311098
0.006991771
0.045666903
0.06156921
0.02227667
0.024049804
0.101679876
0.062086169
0.014942748
0.064435765
0.080648698
0.024685884
0.016294161
0.099663004
0.166106686
0.035788521
0.021847401
0.016421799
0.005306116
0.02047761
0.020629697
0.012504477
0.070036903
0.056141809
0.020189425
0.021478342
0.093891501
0.005084362
0.014658399
0.00553301
0.010294994
0.056549482
0.03057158
0.00809761
0.03822358
0.034038831
0.03492596
0.08759518
0.078415617
0.021727318
0.106924318
0.077830851
0.093975373
0.015465592
0.15965949
0.105028428
0.077601776
0.036342479
0.194680855
0.020075934
0.169028133
0.010465605
0.139560208
0.089857213
0.006639496
0.013732616
0.009209758
0.014911601
0.01981204
0.02363234
0.045920011
0.027278325
0.010196399
0.012777274
0.064035304
0.016205836
0.013392964
0.020951083
0.124930941
0.013173908
0.019480405
0.038112983
0.112131715
0.034582112
0.062817886
0.021949584
0.043866497
0.032895718
0.023055324
0.021828506
0.01824584
0.013272876
0.012370343
0.030218724
0.012654372
0.022733374
0.025685895
0.010433673
0.007968121
0.005093353
0.00232893
0.002750626
0.003106316
0.003974921
0.00635037
0.003538224
0.006216946
0.020436313
0.00397022
0.0065456
0.001139501
0.004770266
0.00089262
0.004546302
0.00936403
0.005512049
0.003687725
0.016848642
0.032950286
0.0600265
0.058198523
0.014814776
0.0765635
0.040070772
0.108050026
0.102096796
0.008116198
0.217351571
0.051546928
0.076635994
0.289231181
0.276874304
0.101027668
0.140446484
0.042688474
0.082222782
0.007897497
0.026346993
0.005761912
0.001381448
0.096762456
0.012506749
0.206536129
0.019897332
0.041557834
0.009135094
0.025175739
0.009731546
0.007546545
0.050561864
0.006954046
0.037702616
0.019080006
0.011554141
0.102533966
0.001282049
0.035743985
0.000986598
0.00130376
0.010965823
0.001749707
0.010798393
0.00226376
0.005716006
0.00393109
0.007927547
0.002552893
0.004951116
0.000781391
0.00234891
0.00086549
0.001250102
0.004485903
0.004680219
0.055133667
0.259130239
0.105384618
0.141122729
0.022486182
0.013441692
0.052743871
0.032692432
0.002906919
0.008577981
0.03058085
0.035669301
0.006456533
0.036639124
0.028739523
0.032747615
0.015000861
0.005901318
0.026545694
0.01391332
0.004881305
0.029282358
0.053906884
0.022891033
0.016502369
0.050984435
0.032154731
0.224638641
0.110683173
0.024549669
0.238301307
0.002583984
0.043674562
0.001080295
0.001611001
0.011702701
0.002757862
0.016392989
0.001695161
0.021775309
0.016739093
0.029692914
0.02698499
0.022167921
0.009201464
0.00802716
0.024419334
0.009910025
0.006321328
0.012152744
0.069580197
0.058075842
0.011876981
0.007465539
0.025928218
0.002677199
0.001679081
0.003414962
0.002844323
0.004797705
0.002434695
0.000745792
0.002979191
0.002978644
0.024457507
0.01804406
0.009947074
0.002427599
0.013535893
0.018319884
0.004532507
0.002209944
0.003183075
0.001162311
0.007699799
0.017663095
0.004576223
0.014923396
0.01199533
0.031010199
0.001380178
0.014732539
0.001319869
0.006699067
0.000909421
0.003495681
0.007042826
0.012039875
0.002181305
0.009799661
0.003656416
0.003117916
0.00592705
0.044544272
0.086987101
0.208119825
0.419372439
0.513624251
0.519214392
0.769053102
0.660536349
0.679124951
0.788122773
0.756453514
0.733034134
0.559889436
0.477389067
0.451414973
0.00726197
0.125521198
0.003075649
0.062569551
0.091248982
0.015796639
0.00216947
0.00142511
0.002589856
0.002516256
0.001384251
0.02181848
0.014102824
0.034789298
0.026843322
0.018406507
0.029347045
0.008069477
0.004101172
0.004901818
0.008214537
0.004635723
0.000248749
0.010224726
0.000905929
0.008180958
0.018910974
0.009247545
0.035911933
0.039068229
0.042050239
0.467359275
0.594029427
0.21268338
0.521956444
0.546991289
0.169800386
0.582410514
0.230063662
0.267035782
0.518146753
0.354545683
0.157313824
0.538301826
0.288323969
0.541757166
0.511235297
0.664344788
0.791975677
0.57004112
0.677071869
0.416500807
0.45345965
0.272169113
0.667887151
0.505895257
0.751693904
0.296198994
0.536284268
0.430120796
0.376868635
0.45196119
0.482009292
0.267884344
0.565930724
0.449271619
0.575202882
0.414395034
0.472872794
0.671348035
0.697007596
0.726385772
0.6933465
0.751182556
0.74606812
0.773046672
0.587354124
0.559381485
0.716064095
0.484989911
0.622673988
0.447105557
0.2877509
0.528161526
0.281303167
0.190415964
0.107738242
0.092691183
0.089103945
0.112333693
0.112714864
0.124252357
0.103640735
0.356342226
0.044277035
0.159911349
0.186856508
0.302452505
0.145117104
0.152193844
0.207106918
0.090400815
0.107155509
0.044574097
0.084975034
0.152233645
0.088587947
0.205224976
0.161479592
0.130654037
0.103577435
0.046748996
0.077303655
0.084213249
0.050336789
0.116566017
0.105990112
0.076895215
0.096909501
0.0843511
0.13431704
0.139991775
0.107543975
0.151697576
0.301065862
0.308715731
0.262695462
0.256708145
0.22222589
0.151875898
0.069753237
0.10176418
0.08275941
0.062531233
0.123311549
0.019138327
0.177711442
0.088303544
0.037232999
0.120350689
0.228002995
0.161691278
0.153275996
0.287224054
0.238264695
0.316162705
0.045119472
0.122915365
0.004877905
0.013513982
0.083999179
0.01078617
0.036162999
0.03423987
0.02366239
0.013554204
0.007190305
0.020063341
0.142463267
0.235397711
0.328895777
0.130605087
0.160915598
0.099191986
0.079920433
0.031380646
0.05658786
0.076208837
0.100919932
0.115627177
0.087102778
0.12170615
0.205424443
0.050023723
0.038780414
0.083450943
0.040430751
0.145213693
0.036885735
0.162613228
0.116768539
0.309356719
0.228172705
0.336507201
0.141984835
0.190887734
0.196811408
0.040394429
0.094895244
0.166318566
0.070088387
0.015272927
0.024275223
0.025162557
0.083739325
0.121948697
0.10359408
0.038606293
0.026985409
0.085510865
0.014006077
0.030581471
0.127320975
0.127260312
0.056738723
0.198143139
0.094708078
0.070840672
0.013152564
0.037849016
0.034515828
0.032914031
0.012707002
0.028175032
0.010519323
0.019716058
0.02589629
0.020601599
0.014477567
0.033808704
0.027249884
0.016766677
0.029127162
0.026514852
0.02976655
0.048713636
0.08012671
0.043483615
0.024646593
0.143401399
0.087492935
0.08574523
0.023426576
0.067777634
0.16677551
0.081285402
0.374159366
0.184795454
0.037772939
0.115475804
0.247753024
0.123487867
0.022246219
0.085952885
0.135234982
0.054015916
0.070904367
0.164423019
0.170072675
0.165300667
0.10104984
0.115324832
0.140667051
0.075746439
0.039493978
0.110582948
0.052741673
0.0699756
0.060325529
0.091824673
0.075000316
0.077916175
0.085797191
0.260697633
0.081327595
0.119640514
0.162016898
0.081528179
0.048788469
0.023801235
0.070719652
0.022220025
0.013197021
0.053906966
0.037219368
0.017562481
0.053703133
0.084868029
0.081231661
0.272962391
0.033930209
0.046291988
0.020041578
0.023126237
0.044637058
0.037212051
0.015494649
0.064966425
0.018430635
0.057794001
0.11106243
0.197514534
0.183453187
0.117062189
0.087797321
0.047802437
0.130670294
0.066835456
0.021778099
0.0439029
0.058398705
0.072177544
0.289907694
0.200146183
0.451808274
0.23242183
0.072421566
0.444825023
0.406790882
0.15143764
0.035846181
0.059200685
0.069930956
0.026639942
0.151573017
0.077717304
0.198168457
0.060914975
0.047573417
0.136736423
0.305832863
0.331937045
0.301024914
0.225054771
0.245917588
0.370799094
0.303565621
0.168717086
0.20861043
0.429707468
0.232726648
0.315527171
0.355415076
0.444427907
0.360754818
0.311250001
0.341351956
0.264495641
0.274826944
0.273998141
0.30326432
0.233105451
0.312566906
0.185586154
0.283197433
0.317351282
0.280637234
0.229535118
0.165649742
0.104154624
0.072679855
0.239940405
0.114718422
0.075622685
0.054633744
0.175694436
0.137403116
0.172656149
0.271975249
0.38087979
0.348157257
0.311576039
0.147069275
0.201592132
0.088097528
0.141503617
0.173961207
0.12217392
0.076802894
0.10281232
0.296824187
0.075627357
0.081360526
0.109772466
0.132173732
0.07473284
0.121046565
0.069026865
0.066672139
0.060404614
0.014068481
0.02010808
0.007964081
0.009243526
0.013905642
0.007213827
0.004427745
0.00838221
0.002849752
0.013326163
0.040877018
0.008292061
0.02459717
0.075666502
0.064696386
0.028997207
0.109354407
0.175796583
0.226336062
0.277610958
0.208631888
0.2033775
0.255234897
0.3853513
0.338221669
0.291533113
0.287572414
0.265986651
0.22868292
0.232381165
0.197378322
0.23876442
0.20576562
0.17752935
0.301721752
0.040245641
0.043600384
0.305901378
0.468399197
0.338299036
0.149354666
0.082912177
0.021831186
0.024365202
0.046604808
0.089131445
0.220252633
0.152696431
0.218255997
0.218911737
0.410870939
0.598350406
0.423181236
0.487481624
0.222957298
0.177744374
0.132724613
0.085270002
0.155821502
0.005921389
0.012550168
0.147618085
0.182483763
0.044968285
0.007832153
0.018350394
0.01166151
0.035430666
0.058492642
0.015004626
0.069232076
0.158705413
0.044190373
0.039997399
0.099755131
0.360691577
0.131700888
0.109085634
0.141548648
0.170469314
0.31263876
0.123337798
0.338516742
0.50486213
0.238747433
0.230167136
0.492882043
0.601951718
0.609396219
0.574549675
0.225039229
0.409815669
0.163110286
0.200993136
0.347531468
0.280180961
0.403722912
0.217280775
0.118161626
0.027763546
0.0236625
0.114579633
0.039600972
0.009365526
0.01507229
0.042899583
0.0158816
0.001598354
0.009132107
0.037192035
0.024063429
0.002575004
0.004909518
0.007487201
0.00556135
0.004699772
0.017544437
0.002453905
0.011854434
0.020035109
0.002894713
0.000420293
0.001006683
0.001319837
0.007941675
0.01967223
0.016658617
0.005271543
0.010190392
0.018752253
0.12400905
0.131939277
0.248459399
0.395447969
0.516377926
0.596193373
0.45119974
0.649186552
0.575033069
0.445241958
0.562460005
0.607921481
0.308441997
0.264428288
0.215619132
0.140320554
0.022107963
0.020074883
0.031917438
0.009213714
0.031476337
0.045571797
0.170711845
0.093289301
0.400592059
0.154432967
0.48136276
0.261661053
0.593772113
0.628373981
0.690207541
0.580882192
0.441598415
0.556981921
0.365311742
0.069051214
0.11196512
0.004781032
0.083238997
0.001609611
0.012881221
0.00835734
0.016779635
0.000393831
0.013759186
0.00030211
0.010888208
0.00097416
0.000264725
0.000837452
0.00137859
0.009448478
0.016947057
0.227234691
0.337861031
0.031064251
0.126825586
0.095305219
0.013103168
0.062353
0.003359863
0.126262978
0.014246037
0.012034228
0.027056554
0.021645769
0.054024082
0.069927983
0.140152782
0.101473629
0.063427106
0.134359702
0.05153653
0.062835485
0.010137548
0.003954104
0.083938628
0.006319141
0.051603373
0.019398933
0.04968119
0.161331803
0.035299018
0.070038028
0.069237314
0.056224681
0.007914941
0.005881601
0.001841219
0.003246757
0.016664619
0.003462915
0.038891092
0.007721865
0.011119556
0.001079163
0.031047074
0.045904204
0.002055349
0.223777026
0.010912106
0.1711642
0.046629485
0.163932621
0.101966582
0.09808401
0.245103285
0.312794775
0.645730376
0.729357839
0.081936948
0.094715238
0.016919902
0.039242335
0.010406355
0.003348669
0.000695484
0.000207556
0.000377747
0.000117773
0.005909528
0.087614767
0.032530252
0.051249739
0.216373771
0.006190748
0.006918382
0.007325761
0.00217005
0.000838947
0.003802333
0.01130743
0.024932655
0.016379876
0.212677583
0.310901433
0.324594438
0.294974536
0.061147187
0.096704394
0.064565539
0.006372583
0.009729083
0.066232853
0.005676684
0.001494336
0.007959148
0.016299244
0.015265184
0.036254209
0.007594106
0.006081856
0.002690629
0.001429632
0.005664719
0.006366475
0.008361731
0.031631444
0.009161157
0.173642531
0.093418933
0.025533304
0.012680206
0.036688928
0.074894153
0.0621056
0.122512907
0.058195185
0.248826891
0.10669478
0.228646681
0.050404944
0.264762461
0.272866309
0.119329415
0.169747382
0.261586428
0.119543783
0.07433328
0.020752313
0.024089029
0.027335148
0.019892531
0.007325125
0.064544812
0.00447508
0.001129609
0.02870244
0.013754297
0.012617344
0.006999597
0.004232423
0.021870289
0.002380315
0.004108937
0.004740077
0.004901518
0.003206887
0.00309965
0.005495294
0.202470094
0.116364293
0.206002742
0.101541303
0.055697199
0.053135365
0.004954143
0.032320518
0.03126571
0.014695905
0.027928773
0.004439823
0.001341
0.016521823
0.014938726
0.004884236
0.008642483
0.043994088
0.083020717
0.00659038
0.096461475
0.104557119
0.048156697
0.042275801
0.039761439
0.127564132
0.123235203
0.421033293
0.219369113
0.417938828
0.362974256
0.144440979
0.283643186
0.173784867
0.198254734
0.074176639
0.12683849
0.163559243
0.02127015
0.16097413
0.010569112
0.017462656
0.000698572
0.002611316
0.005258712
0.0043295
0.033592448
0.01009528
0.106849372
0.158501238
0.068220727
0.109303884
0.26320973
0.112661205
0.048498135
0.033670306
0.009373181
0.025504703
0.006985384
0.003108834
0.003260535
0.035482403
0.016433803
0.004949165
0.027435793
0.034586821
0.126592249
0.060592659
0.121160604
0.091151111
0.137321919
0.148819283
0.228594899
0.173316404
0.056933157
0.082317568
0.013382004
0.025006691
0.003210494
0.002142574
0.003210694
0.003471243
0.007059506
0.157482758
0.035772134
0.137843907
0.260450304
0.272500008
0.142307132
0.113463148
0.162453353
0.050868344
0.04255148
0.073321447
0.088437691
0.009514843
0.021415794
0.099415466
0.037980258
0.02908651
0.044537473
0.010371915
0.02123267
0.003911892
0.002959603
0.005194575
0.003719973
0.045445468
0.043202594
0.12007264
0.129014492
0.362465471
0.17913948
0.28530845
0.284116745
0.062062323
0.232496932
0.236011341
0.426317453
0.301568061
0.165059105
0.149172574
0.167017788
0.104985707
0.06583634
0.021301789
0.100939669
0.223913088
0.021268649
0.011819725
0.079910301
0.087052554
0.073987387
0.071781717
0.039142195
0.022598013
0.010188304
0.003975382
0.001881556
0.00773358
0.004409397
0.02530163
0.044345766
0.01952778
0.445261687
0.36428073
0.51004976
0.41173014
0.473213941
0.193721205
0.58377564
0.340676695
0.652069569
0.521940708
0.683816671
0.659337282
0.106326662
0.714392602
0.748363614
0.406663299
0.093048394
0.124444075
0.468484879
0.256321996
0.030595288
0.118030764
0.275302202
0.068172038
0.026994808
0.012650046
0.005335684
0.000384935
0.000262603
0.007141754
0.003792167
0.008785542
0.13040635
0.080770232
0.020778118
0.314411461
0.423789412
0.02181093
0.160718426
0.238032073
0.225823268
0.134953737
0.175739914
0.010486448
0.07940691
0.384634495
0.046592116
0.058872107
0.187967137
0.408962071
0.010205711
0.026218893
0.020029515
0.021880807
0.023981104
0.086584069
0.021260506
0.015574835
0.007117963
0.094457105
0.019535989
0.007338886
0.055328518
0.054417741
0.033852894
0.035768744
0.108584978
0.023103705
0.233861476
0.007077578
0.002954636
0.004271009
0.008466393
0.007967112
0.014947845
0.064436033
0.030265518
0.073817655
0.101604223
0.027506951
0.209916487
0.176271111
0.109819509
0.053772561
0.110595152
0.07010188
0.162854105
0.05674085
0.18079415
0.194572702
0.178163588
0.038634188
0.115383402
0.020553134
0.045302458
0.056086488
0.010291273
0.018432386
0.091000713
0.006455096
0.00240053
0.004412499
0.002195921
0.000506652
0.000967474
0.000765338
0.001374912
0.002034058
0.005801399
0.003756078
0.002971902
0.010996876
0.006238203
0.018231425
0.001328184
0.004191258
0.009234988
0.015397493
0.007454876
0.028790664
0.004996189
0.033488128
0.07066191
0.087588906
0.148203596
0.148025617
0.072099663
0.342876703
0.460500062
0.634444177
0.735464633
0.352911055
0.617880166
0.353305548
0.155517802
0.422699302
0.251205176
0.217581958
0.150017396
0.115228243
0.071565501
0.023916209
0.025334984
0.016386086
0.002106468
0.019073466
0.050170179
0.013037531
0.002475217
0.089825593
0.090464361
0.024913019
0.020698592
0.209432781
0.503013015
0.281224996
0.232606605
0.265466541
0.145890534
0.025020393
0.025302308
0.177419648
0.049713701
0.006839374
0.011465456
0.029556429
0.008886345
0.006440848
0.018629996
0.007965487
0.039288979
0.039153423
0.011149975
0.003890243
0.041231789
0.016739851
0.002385055
0.002429453
0.064424448
0.016549326
0.003134081
0.013706549
0.011458125
0.133882061
0.070522644
0.018728143
0.15267995
0.020015322
0.111885443
0.157222927
0.113841608
0.242260426
0.495113969
0.278509945
0.057824377
0.227583691
0.227986276
0.221839964
0.315923482
0.301223189
0.227070302
0.202042073
0.138355166
0.207731053
0.071751393
0.049827028
0.007604322
0.034046296
0.01088354
0.051962275
0.036824748
0.006315131
0.004218834
0.028633976
0.003215807
0.004119971
0.040408377
0.009076966
0.001023836
0.007931091
0.023436375
0.005008645
0.056021642
0.014297482
0.001984054
0.009131616
0.018246846
0.026276192
0.001357053
0.012786752
0.065931626
0.034161195
0.004891933
0.066587411
0.092360556
0.026175717
0.020219406
0.105537385
0.167357236
0.166407451
0.460348845
0.506958008
0.093189403
0.371988982
0.430195361
0.226112932
0.033189669
0.296399921
0.324576885
0.173717961
0.345267981
0.394485801
0.576020837
0.281376749
0.353034168
0.1317361
0.067600302
0.011993891
0.069915161
0.087429486
0.113673717
0.024360159
0.486005068
0.331737459
0.464560002
0.362681359
0.132232979
0.13061966
0.367026836
0.027049944
0.048021279
0.006859472
0.009195331
0.008140448
0.019371716
0.078533739
0.212115392
0.29892388
0.237441555
0.179536819
0.085643463
0.085115194
0.021182727
0.002749141
0.004358671
0.002419352
0.00503023
0.02803096
0.033787295
0.130936146
0.208138824
0.063705832
0.176341221
0.110161431
0.18920368
0.586342931
0.204203561
0.132474363
0.304874331
0.332696974
0.202899322
0.032075636
0.03200382
0.070301265
0.052935597
0.006442436
0.010928732
0.0840552
0.012390868
0.00750859
0.105447009
0.065933451
0.024868943
0.067799643
0.141676947
0.091419049
0.088774763
0.026798043
0.06719391
0.0493307
0.002195294
0.02918455
0.010593134
0.010767701
0.004430916
0.012938877
0.002638963
0.005230596
0.017565614
0.024801737
0.077414878
0.069847509
0.024108555
0.023945726
0.007685654
0.034756202
0.02467444
0.002181584
0.034840956
0.040245056
0.004860392
0.02097174
0.049975842
0.02927498
0.010760593
0.012694684
0.011241179
0.006179681
0.004446851
0.002755685
0.003868869
0.002701527
0.012960415
0.000543292
0.002526277
0.022770826
0.02170795
0.002305944
0.019476114
0.03014412
0.028790867
0.042970944
0.0355925
0.052019577
0.026858548
0.030258471
0.016521404
0.009951431
0.005062051
0.013273213
0.016846273
0.002912638
0.003682856
0.0125579
0.012870623
0.033799034
0.020745143
0.109550044
0.064909905
0.156902343
0.092456378
0.040960386
0.006729667
0.008339338
0.010414268
0.033963986
0.044178046
0.098498933
0.081127524
0.148156688
0.159158975
0.089773677
0.141701475
0.176736861
0.100567348
0.084172152
0.037350457
0.026310662
0.013773208
0.058115084
0.0198723
0.024183372
0.02218578
0.017407004
0.00704334
0.008786523
0.007999501
0.008836303
0.010931702
0.009692663
0.003879622
0.005965981
0.003263729
0.005122451
0.004264234
0.003547624
0.007530826
0.005267841
0.003208402
0.001924982
0.006689187
0.016148357
0.004527325
0.001532135
0.011391414
0.021165786
0.005093169
0.001468446
0.038184427
0.063506976
0.006550221
0.02428918
0.014262366
0.039927687
0.0232051
0.011923918
0.010951043
0.029182192
0.003681786
0.013039158
0.02540586
0.002735964
0.001205344
0.031172508
0.013841671
0.002576413
0.009120853
0.005574612
0.005493641
0.007928665
0.004130489
0.007742353
0.008282953
0.004380835
0.026803764
0.011571891
0.047250167
0.032544423
0.044222306
0.030469809
0.034414832
0.027609583
0.01656682
0.013152638
0.00996167
0.019328408
0.01687612
0.017537117
0.002717762
0.003910126
0.018128749
0.025772912
0.035403483
0.051594671
0.006712897
0.066608079
0.005922905
0.017936071
0.029231405
0.032826465
0.04990723
0.023880024
0.05849009
0.037383337
0.037850086
0.07093358
0.029074734
0.034543157
0.009378922
0.009833932
0.007034841
0.012965755
0.023287456
0.010312343
0.03459321
0.012903214
0.036755815
0.04435062
0.0318502
0.070984937
0.082267426
0.140960515
0.054934289
0.133459911
0.053038597
0.033416513
0.021985345
0.028338473
0.021220397
0.017070901
0.03124078
0.021322906
0.012474212
0.017373735
0.013109977
0.025436899
0.012306036
0.019610861
0.024105055
0.010959402
0.027643664
0.024469966
0.017491922
0.018866403
0.012591778
0.016001888
0.010411527
0.005202295
0.008067935
0.010382797
0.009907438
0.005469083
0.01402518
0.00722423
0.013386549
0.007501764
0.007170273
0.007046015
0.006531633
0.004309807
0.008120345
0.00912418
0.00310027
0.009884288
0.005346161
0.004870072
0.003902272
0.021725681
0.061604474
0.029526742
0.312548965
0.186597526
0.036296535
0.050474685
0.086251505
0.015922703
0.015599346
0.017841551
0.033106919
0.029023843
0.078091711
0.055499669
0.081788361
0.030812126
0.05433112
0.046138633
0.018315708
0.027952835
0.009629204
0.005823903
0.015739977
0.013394564
0.001416472
0.016778536
0.029551497
0.016599311
0.002844095
0.02634147
0.065331243
0.011311856
0.003338084
0.003841157
0.050125223
0.038158841
0.05376089
0.053207137
0.041510813
0.104863189
0.03017306
0.136867195
0.031152222
0.078067809
0.009878026
0.015354884
0.00496804
0.033678126
0.073623158
0.103251494
0.088635571
0.060286358
0.003105853
0.001779624
0.008854466
0.007196887
0.003525267
0.00230714
0.005818817
0.004055178
0.002340591
0.008269154
0.008794696
0.001925255
0.003927257
0.003339626
0.01009639
0.007682709
0.002755201
0.006423817
0.009772173
0.007486266
0.02665386
0.05467755
0.036901187
0.028949354
0.130880937
0.201087594
0.232679367
0.270370632
0.125113115
0.065976039
0.133217081
0.121786162
0.037372582
0.088746965
0.017199922
0.088480271
0.118125744
0.066700123
0.045261767
0.054939274
0.026744656
0.022623051
0.129576832
0.117444731
0.085490339
0.056166057
0.135079429
0.018289188
0.066275477
0.122893251
0.078101836
0.034937449
0.030530408
0.003322609
0.014121504
0.003563257
0.003589594
0.008453554
0.008779232
0.023217671
0.050803393
0.009312754
0.013801153
0.014152028
0.009048745
0.03408201
0.007823051
0.067166299
0.039925944
0.003987412
0.148480996
0.137864947
0.026079223
0.063859418
0.043320283
0.005011844
0.005263797
0.004992057
0.024567671
0.008655447
0.026606789
0.011902784
0.016477175
0.026153104
0.016371734
0.007942043
0.076975174
0.106638476
0.067544699
0.177905619
0.193740979
0.124628261
0.078980148
0.090612426
0.094882175
0.052466843
0.021007406
0.0028039
0.050394192
0.010419126
0.016672622
0.001219814
0.040419556
0.01054199
0.015428007
0.001962617
0.003641188
0.027321456
0.035403185
0.007384697
0.045650657
0.011356793
0.083266474
0.004242863
0.125346541
0.00695575
0.003241009
0.005654592
0.006288442
0.014002863
0.020795049
0.002204538
0.004649259
0.012178944
0.000858667
0.008695216
0.005292814
0.015292763
0.015040411
0.023414636
0.023251519
0.12870875
0.057622604
0.038187522
0.031147601
0.04446727
0.041583955
0.064712167
0.021614717
0.073734514
0.014362066
0.008932086
0.008303219
0.010195996
0.002875801
0.033059169
0.037872974
0.022292739
0.007323212
0.008038308
0.002906144
0.004074493
0.001530328
0.001381444
0.011401171
0.03839549
0.022604249
0.005938524
0.003761329
0.008635266
0.002693896
0.002968223
0.007354858
0.004517883
0.012590045
0.00361037
0.002929306
0.008987969
0.004568596
0.007370101
0.010855548
0.045216501
0.061520189
0.090758815
0.051580697
0.070295207
0.034686439
0.034543063
0.046780981
0.008726307
0.006001615
0.004125386
0.006923718
0.004726148
0.02342746
0.006511555
0.011233443
0.020976467
0.004777684
0.049166664
0.0258957
0.077673085
0.028394053
0.035980709
0.005156012
0.016644673
0.053807169
0.005341984
0.028249418
0.013382642
0.010633932
0.025788866
0.026785249
0.026472796
0.012621408
0.009913637
0.005065111
0.003962361
0.002277145
0.005585733
0.008213801
0.014522006
0.016008154
0.099253267
0.087598361
0.063891388
0.004805751
0.006783664
0.007146881
0.002780974
0.006438298
0.00396541
0.006184837
0.004420268
0.004624439
0.007476097
0.003942684
0.012199304
0.010741667
0.006596887
0.017183779
0.023259925
0.009826959
0.082251854
0.043491188
0.013471995
0.049925737
0.011616651
0.007104294
0.006294494
0.017575853
0.014705783
0.012373152
0.009613547
0.025832497
0.022459975
0.006909012
0.037418373
0.012368666
0.005228209
0.02625112
0.003794791
0.032575179
0.035640016
0.006588748
0.080029167
0.012062674
0.011613365
0.041783139
0.020631857
0.036837332
0.025341427
0.019662397
0.020959582
0.00360481
0.002519858
0.0043589
0.003794225
0.007009909
0.016853586
0.013716352
0.009936034
0.013722016
0.004164658
0.018230116
0.005779225
0.003015415
0.036692165
0.004105593
0.025780426
0.044964273
0.023004303
0.015590471
0.113566101
0.043014731
0.046062652
0.053188458
0.060157124
0.090422451
0.131637946
0.052695427
0.083214529
0.048145816
0.028147405
0.004541466
0.014661685
0.007332605
0.009544061
0.023512047
0.009698276
0.020942777
0.029998228
0.03631372
0.007981992
0.047033146
0.0431026
0.005029218
0.003503457
0.006029971
0.002502506
0.039454121
0.026447363
0.034890469
0.003974274
0.029234985
0.00249708
0.027429083
0.011552507
0.038184401
0.090906255
0.054192927
0.131432161
0.067170896
0.249047369
0.198869318
0.1379399
0.047552366
0.07602194
0.006152884
0.031035615
0.015780132
0.004116646
0.024709111
0.00787822
0.009176128
0.040998392
0.0756189
0.049007431
0.022711871
0.030526049
0.005679785
0.025248375
0.002798275
0.014014718
0.037482161
0.003679638
0.039980572
0.004649135
0.012419844
0.016227359
0.027538527
0.022490995
0.009514987
0.007807149
0.00395032
0.0013491
0.003785961
0.005081319
0.009377548
0.011656696
0.015071
0.048459735
0.020391447
0.045275781
0.033157777
0.097068831
0.031756252
0.049044054
0.021733271
0.012308906
0.010053934
0.004959289
0.008067057
0.002683539
0.012717008
0.010149445
0.01469387
0.013652115
0.149685875
0.08686766
0.042306311
0.052349329
0.044847198
0.02979739
0.016451662
0.007577439
0.003456886
0.003701749
0.008797211
0.005672234
0.019065294
0.060863741
0.044209827
0.023909265
0.193726793
0.061069634
0.122539565
0.023660572
0.087249354
0.079137824
0.043402862
0.030362975
0.018115651
0.066370264
0.025919022
0.046883915
0.048139721
0.088642977
0.026511896
0.009290752
0.034736004
0.018376555
0.005272008
0.009522697
0.003418442
0.004909439
0.006977133
0.006726538
0.01021038
0.007612138
0.027083108
0.014925652
0.008469503
0.052872788
0.062028922
0.040051941
0.031614274
0.004214051
0.00486382
0.002553236
0.00630668
0.001798624
0.003861562
0.011767924
0.005832084
0.02088324
0.00738353
0.008623888
0.006728153
0.013087503
0.003880847
0.044457559
0.016240813
0.05127947
0.11292851
0.056292385
0.022434255
0.115590572
0.007686811
0.070676602
0.01769409
0.020509837
0.091205306
0.034544621
0.079713248
0.066380635
0.118127584
0.079427533
0.072646022
0.00755492
0.019251203
0.008383164
0.011951477
0.001355198
0.064551376
0.009083861
0.014569341
0.003418765
0.046993602
0.006860778
0.002988647
0.03887694
0.00819097
0.017088497
0.000996914
0.030729841
0.073821373
0.028712582
0.049298938
0.014583853
0.041829381
0.026044993
0.008003926
0.010314806
0.009672216
0.002189394
0.002878146
0.00291753
0.006159314
0.004042172
0.004333082
0.003437643
0.00284865
0.017733699
0.012710364
0.001074154
0.004785114
0.001148198
0.004004872
0.002378945
0.011451549
0.002155547
0.003147942
0.001030591
0.002079878
0.00733743
0.00225036
0.00518283
0.000918912
0.004201304
0.005129325
0.009563228
0.007454777
0.01155308
0.030547719
0.035384394
0.016947502
0.018141268
0.036484398
0.007942302
0.019590011
0.009483501
0.046032041
0.012704849
0.004268833
0.010232362
0.009849712
0.01859509
0.733383834
0.249693319
0.396131486
0.464004159
0.219870731
0.246814817
0.441403449
0.33738935
0.226194039
0.353422105
0.659917951
0.367817491
0.199282497
0.473797798
0.615710795
0.116065592
0.27146998
0.60103476
0.572511554
0.339728028
0.273038238
0.144627854
0.018040784
0.01717031
0.037909687
0.065716617
0.020767909
0.039460719
0.170115769
0.002864882
0.06985686
0.042457946
0.001465119
0.002732965
0.002154552
0.002072369
0.010349356
0.052428093
0.007734722
0.016207412
0.01282317
0.013674138
0.068089433
0.027538544
0.029239247
0.002149142
0.087980524
0.009148285
0.11853458
0.002438814
0.012276606
0.01406858
0.017786913
0.045468684
0.038271941
0.008786256
0.067839861
0.00136484
0.00491209
0.004573147
0.061959501
0.007750912
0.338278323
0.037233312
0.169938043
0.101683572
0.088655531
0.382718682
0.179200187
0.316695303
0.033459127
0.109188512
0.027942885
0.040305819
0.001171853
0.015420903
0.021720732
0.009235198
0.018134406
0.007924276
0.000879
0.016901582
0.002550946
0.011753137
0.016851019
0.00412068
0.000623623
0.001238959
0.00129427
0.001856323
0.014612195
0.024127049
0.039544594
0.163256437
0.097942531
0.050951388
0.004866854
0.004799654
0.000258536
0.00093379
0.001153117
0.001441341
0.026389379
0.019793538
0.009335163
0.026228379
0.013516042
0.001350804
0.004989331
0.016721794
0.003585147
0.004208089
0.010841513
0.010869504
0.001278312
0.007643252
0.052191891
0.011757735
0.012630943
0.017621618
0.049895838
0.106456175
0.142222092
0.190283805
0.157755107
0.24563697
0.19964692
0.071465515
0.009531035
0.03491956
0.07475131
0.010085577
0.004034506
0.169547424
0.055329293
0.01297648
0.030583922
0.001819284
0.00906243
0.011767159
0.002022761
0.002736885
0.012042644
0.039278958
0.004361075
0.012461378
0.073910847
0.091905817
0.037740786
0.142448232
0.0404808
0.011628964
0.16271989
0.224108845
0.363332748
0.209439367
0.336994678
0.374149173
0.375694931
0.336748749
0.132061929
0.009077009
0.013332321
0.117681958
0.184868053
0.00335099
0.005903962
0.106156282
0.06174621
0.020661231
0.050391044
0.009719633
0.01077074
0.003383462
0.003104004
0.006686127
0.003631903
0.004198239
0.009736077
0.006887697
0.022087008
0.035570513
0.034700409
0.161092952
0.060214177
0.131068543
0.295107514
0.356752098
0.224227741
0.412283957
0.333242744
0.16846934
0.334258437
0.085150152
0.033610407
0.014165754
0.10006018
0.059435125
0.005496443
0.007897449
0.089856319
0.111573629
0.040362131
0.111948758
0.050099373
0.026118752
0.005890449
0.006039185
0.020456992
0.009535154
0.008836159
0.05190349
0.039444093
0.062637486
0.069862202
0.041674674
0.225042999
0.07663092
0.130356982
0.167796105
0.269525886
0.158633992
0.338466495
0.223569304
0.051224843
0.101258263
0.052064251
0.023312153
0.010461891
0.06136791
0.123171367
0.007240016
0.007187861
0.142810047
0.294790477
0.143090695
0.18252179
0.113147236
0.045410667
0.009607438
0.004095693
0.029730164
0.024337498
0.009319917
0.019782586
0.056043051
0.095949434
0.067273468
0.020566441
0.131992668
0.079951093
0.092878185
0.09264791
0.206027314
0.108446307
0.288951278
0.217747331
0.168663666
0.08834219
0.040581226
0.008795689
0.011852847
0.057382531
0.152942419
0.007015003
0.009903992
0.090862796
0.31947884
0.099408336
0.105725236
0.084113538
0.119262539
0.014861311
0.007633782
0.05106049
0.026198776
0.008169227
0.009415372
0.048720032
0.065520428
0.107097588
0.016056161
0.104804054
0.03875117
0.080941863
0.095359415
0.173986092
0.102073848
0.18008104
0.204303071
0.043580998
0.106261298
0.034069203
0.014883582
0.012547012
0.0654696
0.08730612
0.006656948
0.014532343
0.223903105
0.257693559
0.172047585
0.252328664
0.147700697
0.100992121
0.053080335
0.007668475
0.082124487
0.027743984
0.007911546
0.008590471
0.030156169
0.046868045
0.036660489
0.011099261
0.067540944
0.045875285
0.11057841
0.108048484
0.286795884
0.106700815
0.206353754
0.197559237
0.180715129
0.229747817
0.103446089
0.020464536
0.101570599
0.220399544
0.112261347
0.040040687
0.202362791
0.110755004
0.107898392
0.076988734
0.056516472
0.160798475
0.102273926
0.020975944
0.092024334
0.199912548
0.054931354
0.026612174
0.137582436
0.040386651
0.028861698
0.042756494
0.06286148
0.070076704
0.061610352
0.077110238
0.044222686
0.005855942
0.015992668
0.001351696
0.00053705
0.000416811
0.000219544
0.002610672
0.009226267
0.005785678
0.043786705
0.002786646
0.000177057
0.003805181
0.00120672
0.014378761
0.038292479
0.046618294
0.089649647
0.100417785
0.095148809
0.079489224
0.136628553
0.070035405
0.135983288
0.075057641
0.114945605
0.106603958
0.014277081
0.130153522
0.013376301
0.092924275
0.011711213
0.043016836
0.041601103
0.031545468
0.139016464
0.15776512
0.0834217
0.016747035
0.005154153
0.085575424
0.064356968
0.143620074
0.081996173
0.041338444
0.068439901
0.030280201
0.030681882
0.053440172
0.01242072
0.034442939
0.012434906
0.004779362
0.00212505
0.005385092
0.006134975
0.024888633
0.008451329
0.04332551
0.040537152
0.020543288
0.003933224
0.001832606
0.003369959
0.000305684
0.003706689
0.00250762
0.00030976
0.001207572
0.001148844
0.002690836
0.000466607
0.00124419
0.003223434
0.013488908
0.001741266
0.140311822
0.008878008
0.121513352
0.042726096
0.262202978
0.234401837
0.163463876
0.262021124
0.298258692
0.42800346
0.342775375
0.240532354
0.17375271
0.249464244
0.064331047
0.052417729
0.006181593
0.004414998
7.65199E-05
0.001668591
0.000126051
0.006580654
0.013545472
0.046696726
0.080119081
0.050491992
0.002123653
0.051294249
0.002665828
0.010394801
0.041386236
0.043615434
0.030911842
0.079790615
0.043528356
0.008059727
0.022647673
0.002786606
0.082679428
0.020630814
0.104637049
0.095453948
0.026926599
0.179163575
0.181575432
0.469919443
0.054538537
0.166252688
0.413320094
0.277745515
0.11685434
0.267096043
0.284924001
0.272053719
0.377607316
0.31692487
0.25228256
0.152681991
0.326861262
0.056160189
0.261862189
0.26166153
0.25995183
0.167435139
0.319920719
0.281251103
0.348403871
0.538673401
0.711885989
0.591782987
0.510493755
0.379844546
0.328415722
0.292303354
0.497765034
0.305937409
0.432733864
0.200258449
0.550023019
0.239321202
0.212541372
0.125104263
0.491198331
0.167971939
0.092961647
0.082138151
0.133180454
0.07103838
0.100516081
0.152830496
0.124121405
0.170403451
0.099254362
0.221250623
0.042957775
0.213627711
0.048852857
0.036080852
0.062287986
0.098001324
0.011450632
0.035639003
0.040660668
0.097349241
0.02028483
0.075587153
0.230521813
0.131080061
0.249778852
0.165012062
0.059139132
0.036398098
0.097243033
0.057011336
0.029688759
0.094223537
0.036216162
0.055944506
0.131950215
0.105847605
0.036991481
0.117842786
0.195629954
0.370109528
0.055804472
0.129452616
0.122878067
0.090952717
0.056958362
0.027767858
0.06954363
0.017172353
0.035066701
0.046092425
0.06370686
0.051837776
0.106116876
0.109226666
0.13084124
0.124529697
0.194311574
0.251579136
0.218959674
0.588017583
0.310813427
0.323013425
0.49976325
0.530952036
0.382968545
0.514426947
0.413457721
0.4413068
0.14180918
0.113535792
0.077824444
0.189085543
0.076618463
0.082190365
0.085140631
0.36584425
0.024788162
0.070958689
0.18301028
0.1897787
0.026091672
0.058340184
0.228364646
0.0191474
0.016042668
0.01568765
0.021141646
0.030256083
0.031467151
0.025997642
0.050408173
0.008935721
0.031124247
0.046312381
0.041196916
0.02301267
0.07184276
0.056460164
0.045560542
0.156696245
0.044982214
0.134940088
0.232590809
0.334000647
0.243503943
0.481974691
0.408137798
0.159345448
0.632552147
0.718487442
0.190885201
0.332055241
0.58729434
0.53195554
0.48842448
0.147253036
0.253936768
0.177181467
0.208506778
0.160779312
0.149641633
0.373822987
0.043765128
0.056345575
0.006756212
0.022820851
0.013535791
0.014748417
0.012386813
0.005389409
0.009151197
0.013535485
0.008220168
0.000268862
0.00570071
0.010261335
0.003757641
0.006326722
0.043738764
0.018710773
0.104750358
0.020799324
0.022000941
0.011220538
0.005254477
0.000795013
0.005451914
0.009806974
0.002430061
0.003750746
0.01544461
0.015842848
0.009682389
0.089712873
0.111699209
0.047446612
0.070052281
0.101920031
0.094974555
0.009522058
0.020246146
0.039160367
0.01443717
0.015598363
0.002162122
0.028764524
0.004972958
0.016904047
0.019326553
0.04545873
0.017881585
0.024749454
0.02764493
0.024786688
0.033794362
0.027791256
0.002976367
0.025011003
0.046648405
0.015323671
0.011281685
0.042512815
0.060736407
0.012099382
0.047682337
0.104705028
0.125422999
0.20625408
0.160909191
0.233668238
0.138516262
0.036446236
0.061383713
0.016182119
0.071875274
0.027413186
0.056622341
0.039320558
0.002061675
0.015834954
0.00617321
0.012648427
0.017150857
0.039609835
0.036304843
0.006590274
0.02519661
0.003819226
0.009013327
0.016327374
0.001407279
0.006842626
0.048487321
0.017824296
0.005315456
0.034667775
0.104796782
0.010284097
0.102438398
0.150806427
0.169540718
0.117104486
0.342102498
0.264639378
0.305418938
0.21282281
0.145763576
0.202222854
0.160598025
0.118758559
0.110798731
0.103751086
0.136280552
0.030545712
0.04066762
0.062765196
0.096491493
0.133051828
0.044803232
0.065721042
0.051009927
0.011693759
0.036582969
0.011033528
0.027816417
0.014850173
0.014143055
0.011217211
0.001022673
0.005832145
0.002533308
0.010245052
0.001048601
0.008239994
0.006578912
0.00151192
0.009183045
0.001815566
0.00801853
0.016180625
0.000850143
0.030439598
0.035903245
0.034179196
0.003352234
0.04355647
0.119278111
0.002899337
0.038495641
0.101293512
0.123124778
0.043149844
0.115797445
0.097953252
0.07571663
0.082008086
0.051812146
0.015658481
0.033726078
0.015124136
0.010099512
0.014392092
0.002237586
0.007373938
0.004414917
0.004131664
0.001588022
0.010628647
0.000815704
0.001113995
0.007006233
0.004978775
0.004719296
0.087387308
0.017151266
0.039382767
0.077543713
0.05693908
0.116287507
0.089290813
0.051462293
0.15359199
0.011722782
0.030193705
0.022981651
0.012525071
0.003721933
0.395079285
0.440748632
0.014604886
0.130848423
0.006322253
0.057579201
0.005855376
0.052623093
0.019472193
0.081790373
0.078885339
0.02074972
0.211134344
0.030209921
0.012683423
0.019292861
0.153767735
0.003514905
0.012947844
0.031442273
0.093084373
0.517664015
0.390446693
0.538233817
0.624085605
0.710248888
0.28191638
0.221875206
0.067338236
0.042533144
0.015421974
0.007863016
0.04991857
0.01206869
0.128356591
0.007925799
0.274628609
0.032450881
0.560064793
0.137180775
0.479038566
0.27729252
0.433038384
0.183398679
0.117250919
0.127294391
0.126499176
0.013344573
0.081893995
0.010528659
0.05831302
0.017069494
0.451960206
0.008084173
0.208381757
0.046646032
0.406319171
0.629229128
0.554374814
0.183887854
0.144716531
0.338899881
0.575913787
0.243285477
0.603811383
0.800193548
0.664298356
0.484595984
0.692726851
0.812339842
0.576468349
0.492467284
0.123815179
0.519344091
0.871209145
0.100323275
0.014977354
0.023521533
0.002035689
0.04948996
0.009489406
0.000354611
0.000957955
0.003410115
0.00233569
0.001337814
0.011597209
0.007214803
0.01075704
0.004005792
0.019928323
0.000944131
0.000650217
0.005568752
0.00139751
0.015198425
0.002868432
0.048968203
0.067510635
0.064851068
0.039608136
0.028137101
0.004815149
0.000390175
0.010434191
0.00474417
0.015879543
0.000638721
0.00467592
0.001541942
0.025576156
0.004136639
0.244632483
0.006194646
0.324530095
0.242755249
0.004819081
0.069950521
0.008897691
0.14977403
0.031603772
0.012599724
0.050944623
0.009146928
0.006433334
0.00400583
0.017614897
0.006283885
0.000580864
0.00124862
0.008575045
0.00109579
0.000308151
0.00106639
0.000869397
0.02441106
0.001219173
0.072686672
0.031484328
0.205419928
0.248764068
0.311322212
0.233240083
0.469473749
0.140408278
0.202445075
0.496510565
0.645897031
0.328206748
0.503772736
0.291726321
0.148856014
0.206708655
0.130033776
0.284711212
0.336751312
0.062307715
0.130964771
0.005315633
0.097874515
0.003178379
0.017258
0.001049074
0.00423484
0.000824782
0.007719395
0.000790113
0.002012598
0.001159747
0.000821347
0.000863076
0.001002331
0.000682525
0.002367934
0.00040801
0.000108024
0.000251626
0.003838846
0.000831271
0.00082805
0.00572979
0.01257115
0.095426507
0.239928678
0.019681593
0.061796539
0.37252593
0.128641143
0.006271154
0.017982764
0.092012733
0.003866264
0.00081479
0.003682118
0.004796644
0.002693171
0.000471729
0.007587884
0.007584789
0.000902187
0.000109426
0.023819678
0.017788637
0.000638517
0.000114078
0.009382422
0.024683785
0.000443453
0.007755221
0.00335581
0.00867953
0.008904505
0.004092139
0.000126025
0.006685805
0.02772807
0.021745972
0.003517305
0.00425333
0.002180012
0.006278908
0.001495436
0.007443379
0.001832427
0.007124318
0.021757193
0.01212877
0.028893221
0.020521244
0.062522464
0.006497805
0.036229312
0.004305933
0.051168602
0.005430651
0.011087098
0.010346603
0.014959109
0.003240759
0.006608715
0.005245227
0.021021739
0.023871046
0.004758722
0.058006119
0.00605034
0.069760412
0.073194541
0.079466328
0.13201867
0.216122732
0.143137053
0.023162881
0.022293596
0.069926955
0.013951605
0.074316204
0.019495627
0.020515252
0.078551523
0.077595204
0.168003261
0.092326269
0.168484226
0.130528674
0.086838007
0.056986853
0.181417286
0.105378322
0.070112236
0.040689021
0.081844546
0.009759237
0.035269376
0.037290514
0.070478894
0.024044788
0.006905908
0.015629336
0.007249032
0.041952517
0.009923368
0.099302679
0.054921865
0.008519958
0.027971365
0.008319594
0.034544244
0.028184697
0.009457131
0.021452731
0.027748963
0.007951558
0.023579601
0.002656147
0.036332738
0.010447758
0.014654991
0.004906349
0.012405043
0.003701066
0.009504629
0.006756733
0.008508551
0.012802458
0.002371301
0.009141674
0.002582865
0.007322941
0.002049662
0.002161821
0.002812792
0.016688986
0.022853745
0.016669517
0.000560161
0.011135421
0.002307252
0.030973239
0.004007786
0.060454272
0.110003822
0.04306569
0.110439852
0.093303867
0.043298867
0.060764253
0.026297502
0.011296594
0.010816647
0.001063272
0.015081748
0.001595109
0.009603047
0.028918941
0.02636233
0.006950654
0.017994815
0.001137636
0.007946647
0.001700659
0.009603728
0.007362563
0.011516192
0.009495683
0.075674213
0.03205613
0.002414266
0.009024108
0.002437186
0.011909937
0.015397103
0.0289362
0.070590913
0.085463643
0.016201984
0.026556853
0.030098528
0.043757215
0.031316139
0.083252646
0.029418364
0.007602526
0.093962312
0.08999832
0.020471761
0.062725842
0.156213224
0.205098957
0.130185127
0.069898404
0.118228629
0.089149728
0.041525751
0.047839623
0.056851912
0.0175154
0.010270759
0.011455134
0.012496766
0.010882657
0.041653283
0.016452922
0.093263112
0.046596967
0.067159794
0.112007111
0.107480057
0.068286233
0.052061662
0.04106079
0.010476482
0.02314231
0.004503946
0.015785629
0.009040519
0.013575297
0.025610019
0.006151345
0.008602785
0.001107499
0.007194963
0.001507029
0.011325025
0.005248106
0.012653655
0.053140882
0.04574772
0.083013855
0.121334076
0.047233142
0.015940353
0.008036293
0.023892255
0.003723332
0.008505912
0.003364484
0.009570246
0.003312196
0.014048904
0.002209219
0.004878383
0.003915886
0.006667532
0.020230429
0.033884786
0.040852722
0.014675373
0.024801921
0.071892999
0.116483912
0.053848136
0.041239426
0.076031968
0.031942338
0.012085097
0.008172722
0.001703026
0.005113778
0.001829917
0.002788443
0.004262055
0.025268167
0.130660638
0.059143301
0.078935035
0.033295445
0.017892141
0.003715585
0.010811893
0.033379983
0.015423994
0.003276073
0.015247719
0.045859449
0.018130044
0.012733698
0.061390154
0.021808777
0.041213904
0.067371778
0.035494868
0.00721659
0.00627892
0.003476668
0.015806548
0.010245245
0.0682033
0.176255465
0.157897115
0.109773062
0.114133596
0.012326089
0.021827754
0.002571983
0.006909686
0.00259233
0.003862611
0.011386063
0.039928138
0.101197213
0.088514544
0.083287515
0.169726908
0.220247388
0.318412453
0.498309821
0.089052118
0.257859498
0.246214792
0.051654506
0.108959742
0.079554059
0.009402529
0.066885658
0.034598988
0.068927713
0.219435051
0.10289795
0.188900501
0.216412231
0.097312875
0.087125465
0.063529357
0.026882563
0.049640242
0.003521244
0.013335121
0.001280595
0.034485824
0.006451855
0.00096794
0.027230375
0.003218076
0.053747647
0.098998807
0.027231423
0.01226529
0.003002281
0.001852634
0.001937775
0.002979521
0.024724742
0.020807568
0.004597135
0.003220619
0.017642085
0.086231984
0.02262919
0.011749039
0.001514788
0.033328343
0.003503309
0.00867574
0.009074127
0.046057802
0.058106512
0.074396089
0.057970326
0.003610688
0.033353776
0.001061727
0.011461286
0.009587676
0.004126996
0.000601571
0.007503731
0.006307254
0.001044849
0.00138878
0.004710719
0.001516484
0.003257405
0.005987443
0.003102058
0.003486789
0.015202364
0.019567162
0.008947557
0.012348051
0.130823925
0.113660462
0.110367648
0.13321507
0.029836632
0.041075747
0.059729856
0.015118555
0.026648205
0.034707408
0.034506906
0.054656703
0.129915491
0.100554407
0.046292715
0.025903303
0.011290591
0.002539137
0.012710232
0.052466497
0.078916565
0.12721692
0.032447625
0.084683739
0.181174606
0.316501379
0.388976216
0.594707191
0.259340465
0.19893454
0.09964218
0.185003281
0.033378165
0.019935265
0.191889897
0.003996929
0.067230098
0.001851168
0.011981255
0.003562301
0.034896076
0.040781621
0.054274771
0.089474134
0.066679835
0.00749437
0.118664786
0.007046279
0.182912409
0.034365248
0.20322749
0.041972131
0.01529945
0.02089607
0.061036319
0.107584126
0.063707314
0.065996386
0.090198867
0.067035399
0.038627662
0.021141822
0.002897541
0.004540444
0.012970088
0.005987817
0.022463869
0.028300576
0.036932051
0.135870978
0.038196526
0.037446238
0.027075406
0.00943305
0.020690562
0.027592188
0.063132368
0.083593629
0.050990287
0.046829045
0.004310011
0.001419064
0.010457889
0.00201185
0.001909558
0.007864047
0.040965337
0.009918038
0.006149077
0.098696344
0.158787787
0.036816683
0.026553504
0.003966923
0.009408412
0.005604936
0.014033391
0.051877405
0.070004426
0.099416889
0.157192737
0.072905272
0.003970209
0.005709109
0.012781275
0.048174627
0.200203419
0.17734541
0.579204381
0.643315792
0.658000648
0.431989878
0.189795509
0.023235485
0.161812961
0.137418672
0.286941946
