0.702831805
0.713051081
0.597287655
0.627624989
0.2256874
0.415052891
0.297530979
0.325216204
0.49283278
0.534272552
0.677520394
0.528031826
0.582302332
0.445685148
0.490011543
0.277389467
0.219367072
0.342649281
0.346647233
0.119877882
0.150389701
0.209563747
0.486897081
0.3039141
0.566613972
0.651548624
0.670412242
0.742661953
0.795966625
0.751974344
0.686007619
0.747129202
0.582105458
0.520644903
0.383017302
0.607996523
0.513362944
0.577473283
0.490394205
0.481727928
0.532183051
0.720797718
0.623302937
0.600665927
0.716740131
0.547783732
0.452933758
0.619515002
0.525337636
0.352438897
0.4160344
0.482024819
0.231947035
0.205562755
0.174798772
0.34320119
0.057612691
0.11473456
0.037875619
0.03637265
0.037750911
0.092404656
0.398299009
0.142074347
0.306833327
0.245774746
0.07352341
0.346711487
0.282812655
0.203921035
0.198568717
0.259628445
0.204522878
0.050663404
0.211283267
0.232209265
0.122400478
0.04606114
0.274941057
0.215361297
0.098305732
0.236110434
0.321292609
0.20358859
0.12017794
0.37961483
0.282380044
0.452052444
0.389851302
0.207616001
0.51185292
0.120024517
0.120640352
0.078098409
0.077279098
0.341088831
0.128516674
0.458251536
0.53244549
0.545539498
0.444157839
0.452831209
0.38776353
0.342096686
0.265984148
0.430626541
0.442230552
0.516367495
0.497101009
0.521007657
0.43332243
0.415217519
0.455363393
0.319556147
0.375885934
0.407358378
0.261557907
0.277162433
0.314844459
0.335084587
0.179736823
0.263271928
0.331918627
0.361274451
0.409777135
0.347848684
0.466217399
0.404247165
0.50286746
0.274105042
0.556811154
0.061140653
0.509855509
0.562699735
0.088440411
0.073480166
0.53529799
0.448680341
0.046455398
0.237130508
0.452877104
0.402694076
0.155792549
0.375049084
0.514618516
0.437738329
0.209177792
0.119709738
0.165925741
0.323375851
0.20551756
0.194812447
0.102276638
0.13616161
0.024260201
0.02377533
0.021079596
0.026408695
0.041457932
0.170552999
0.209166363
0.316789538
0.265171766
0.486034274
0.487084091
0.555091023
0.471814424
0.369926393
0.46991244
0.5417853
0.091917038
0.297608018
0.493756413
0.405504227
0.142382517
0.290993303
0.379850775
0.108038306
0.203142017
0.224532053
0.206649393
0.126395106
0.119057231
0.125545964
0.046120085
0.132415727
0.032630526
0.040736645
0.121726751
0.065733075
0.240260541
0.240020946
0.16870594
0.283141255
0.182586059
0.226408124
0.284577578
0.061296914
0.196735963
0.268307209
0.053780485
0.080355458
0.174128145
0.183753654
0.173160136
0.15397729
0.154915527
0.1076895
0.140160516
0.166073307
0.172561139
0.215659767
0.182488739
0.146704629
0.208915859
0.20657745
0.129197195
0.051454321
0.105314851
0.101550326
0.131949618
0.131065965
0.109280773
0.072246864
0.131602257
0.16275844
0.148093238
0.2447588
0.114362068
0.087347731
0.188903749
0.295271724
0.259613633
0.311073035
0.253040612
0.370993584
0.384420455
0.32474798
0.343692809
0.36341545
0.254158646
0.402883619
0.306215376
0.302338839
0.392656565
0.4859519
0.428228647
0.076927379
0.084342822
0.064989261
0.080695882
0.108815134
0.261561602
0.312128991
0.123351619
0.16897805
0.081026562
0.140321806
0.02876338
0.041909631
0.410569996
0.229823306
0.517318845
0.323892802
0.530623734
0.629404545
0.599248588
0.597167909
0.564760983
0.383262426
0.076646961
0.360358626
0.491410911
0.458556294
0.497903407
0.288890988
0.469110876
0.366061121
0.399549633
0.420304209
0.082704224
0.489891946
0.184955508
0.519643486
0.647836566
0.662614286
0.607321382
0.495998889
0.536807775
0.108952887
0.293331891
0.058076873
0.318621665
0.223485932
0.089746952
0.313605309
0.364743918
0.426412314
0.508868039
0.593938828
0.644327581
0.31742388
0.588585436
0.607767045
0.338977844
0.118216231
0.397491127
0.120221533
0.078682765
0.096403241
0.084265947
0.07536196
0.087694608
0.084090553
0.058820467
0.078369066
0.063186504
0.052131888
0.058173612
0.03148004
0.070921309
0.147031322
0.266362816
0.186453864
0.201896265
0.341677696
0.410318166
0.224638656
0.505073071
0.568718731
0.236832008
0.181840718
0.494475663
0.137625381
0.286945701
0.086275533
0.159548759
0.121075444
0.064509608
0.018955361
0.181028157
0.039750643
0.458487183
0.188338786
0.639160454
0.172831178
0.446303725
0.40732649
0.66448915
0.704851985
0.465410709
0.220963061
0.76867646
0.711161017
0.421202391
0.265752196
0.445915639
0.755088329
0.518364072
0.214940131
0.740796804
0.813382983
0.475268722
0.089526102
0.708080649
0.693291247
0.347031653
0.074874148
0.671924472
0.558760464
0.245070234
0.072139718
0.555048466
0.318986237
0.133305728
0.213641405
0.164951071
0.156053692
0.105759546
0.108141989
0.047239907
0.233348191
0.544772863
0.388572097
0.670898795
0.720484734
0.827584624
0.764649987
0.720047534
0.649837613
0.442894638
0.413356662
0.075352423
0.052848861
0.05213308
0.023126518
0.061472133
0.11368645
0.086174548
0.057351843
0.090625346
0.108460374
0.112799175
0.057407785
0.040105145
0.105019234
0.101165712
0.021478433
0.030255666
0.086610898
0.035621636
0.025560156
0.103451088
0.1137207
0.042733282
0.088994354
0.111821115
0.099645898
0.057402734
0.12703158
0.148469254
0.161532059
0.141237646
0.089697808
0.128804103
0.1594643
0.103841998
0.229101151
0.103212491
0.077977113
0.279112041
0.086211093
0.623255849
0.050369177
0.041447468
0.020780608
0.063514061
0.043993678
0.141986221
0.386579871
0.177578449
0.674093723
0.386077017
0.551768064
0.112356521
0.538409173
0.214768767
0.181828454
0.401451051
0.152580589
0.55889833
0.124655716
0.690845966
0.533559203
0.763750672
0.688574433
0.655402422
0.307233483
0.659090817
0.745881379
0.48179698
0.127386048
0.69425112
0.656152725
0.053900089
0.498891294
0.653245986
0.533545494
0.296774358
0.359419078
0.381593287
0.238339558
0.218747601
0.046692982
0.116923802
0.015313673
0.030220916
0.043157011
0.128500968
0.018608419
0.053699292
0.104874387
0.086424291
0.036326621
0.075232796
0.123040654
0.128966436
0.164864361
0.08926218
0.076063551
0.10217087
0.044912338
0.148300946
0.131203249
0.263535321
0.146254018
0.159728676
0.229375288
0.329311132
0.18007037
0.292414218
0.503710508
0.579581916
0.143415987
0.464364439
0.326615006
0.41746065
0.275365323
0.186804667
0.068732865
0.07696379
0.095574357
0.044341367
0.224443287
0.051056992
0.147415683
0.114064805
0.125584424
0.154057696
0.12118198
0.172874182
0.280330777
0.194681719
0.349615991
0.316828668
0.154615432
0.067331791
0.275173068
0.204026192
0.189427048
0.215292588
0.267984688
0.230177164
0.187498078
0.207948148
0.049306892
0.112913087
0.190325871
0.041522577
0.07578972
0.168372855
0.049490884
0.029209375
0.196688205
0.140269458
0.101088881
0.228140801
0.23966673
0.26432544
0.412694395
0.335717171
0.436622709
0.416397363
0.429727167
0.421410233
0.113744751
0.232308105
0.317394167
0.312545568
0.116580985
0.030591525
0.200400844
0.032848362
0.115358979
0.056148682
0.147544086
0.036430731
0.375080884
0.270401984
0.368394554
0.340819806
0.230222002
0.039527673
0.28278172
0.251714021
0.143355384
0.051939506
0.31217593
0.293714792
0.119287029
0.284417659
0.388047189
0.461729079
0.391837716
0.418499202
0.41670996
0.382290334
0.375665605
0.306573451
0.097572394
0.146753788
0.107572488
0.118097693
0.241336614
0.038787588
0.070793107
0.17425707
0.302121729
0.320464104
0.416514993
0.379983425
0.370553941
0.344903976
0.345730752
0.304670423
0.293409199
0.115583956
0.058434166
0.244997188
0.16606167
0.03549451
0.207851008
0.265951782
0.122489236
0.057697225
0.313455909
0.35933128
0.305819064
0.338231295
0.272591412
0.236560553
0.265489161
0.143093988
0.127074257
0.192494199
0.228162155
0.331670344
0.18058084
0.21692124
0.2407462
0.334497541
0.159190655
0.216432825
0.26585573
0.292763591
0.328451872
0.327700496
0.21508652
0.133754775
0.276872098
0.180919498
0.094224676
0.036925714
0.108685821
0.125332579
0.112024546
0.031723369
0.142236069
0.110148057
0.06147569
0.166233137
0.144041076
0.126822069
0.18471466
0.189840287
0.219906643
0.263297111
0.202633992
0.27281338
0.294242412
0.272899836
0.072723642
0.156393364
0.051238935
0.01820345
0.074583516
0.042334311
0.046976626
0.031350702
0.134144977
0.330373168
0.351786345
0.362112969
0.386773944
0.290354908
0.495881975
0.217253566
0.137791514
0.056166485
0.145542324
0.170750543
0.109958209
0.044530131
0.171497181
0.167209238
0.06061253
0.154901549
0.196536347
0.267881483
0.290556431
0.245594338
0.263117701
0.259203136
0.249975383
0.184804231
0.152934045
0.157907918
0.108751297
0.086599231
0.122242071
0.044286542
0.345174134
0.108522885
0.121753834
0.447277248
0.511972547
0.439947784
0.506584406
0.243502006
0.437863231
0.245638907
0.132278606
0.059846833
0.084896341
0.105094917
0.088269815
0.046960577
0.139179543
0.165105611
0.048628457
0.144762918
0.184915423
0.218267024
0.211708471
0.211131275
0.170167297
0.058236454
0.050405852
0.293304086
0.049384668
0.142461017
0.495778531
0.436678469
0.084979601
0.093153708
0.577441335
0.419186205
0.109349616
0.549149811
0.596264601
0.390504301
0.412080318
0.215792328
0.410893917
0.178965852
0.112659879
0.07071536
0.051342238
0.094740622
0.094905764
0.130302027
0.045232251
0.137429386
0.032850549
0.070563853
0.171404019
0.154486552
0.05332597
0.249606177
0.197904423
0.150164232
0.188307822
0.108462237
0.056272112
0.15133889
0.148735464
0.237772092
0.195755333
0.202247798
0.247560963
0.231935874
0.199091971
0.356720716
0.489900649
0.062306494
0.248395145
0.541635931
0.565728009
0.069568925
0.530574739
0.636733055
0.163837045
0.168220207
0.5645836
0.592401326
0.294214547
0.355908453
0.255698234
0.408125192
0.393524796
0.314407915
0.482403845
0.364622086
0.34292689
0.194096178
0.396544665
0.335822374
0.31036815
0.324185699
0.145969048
0.299322486
0.357270986
0.087672979
0.136237159
0.342689872
0.352024764
0.142465562
0.18410565
0.104399636
0.146590188
0.257496536
0.49945572
0.288179606
0.207995474
0.172323301
0.067586884
0.084444575
0.070926003
0.067582563
0.052193973
0.089177765
0.04858312
0.063955441
0.090538383
0.077957332
0.145668671
0.205805093
0.344616503
0.055401728
0.13116236
0.291716903
0.258443564
0.096864901
0.103467591
0.079809003
0.063648775
0.117840096
0.035747781
0.034402002
0.043988805
0.02941571
0.039466303
0.109166883
0.129516959
0.081073835
0.054228581
0.124762923
0.220924735
0.162151352
0.11041826
0.116849996
0.266477048
0.202349499
0.303199083
0.453084916
0.434056401
0.329124242
0.56480211
0.410591871
0.122164562
0.526407957
0.594852448
0.324508071
0.077890381
0.154596061
0.481591702
0.253346294
0.066062644
0.344284624
0.391045958
0.209788173
0.321335137
0.219240174
0.095846497
0.340702087
0.403434813
0.364674985
0.35961318
0.538440824
0.561278582
0.706070721
0.532688081
0.458295912
0.670135856
0.642994583
0.126518786
0.558530688
0.668302119
0.555184484
0.736162126
0.552708447
0.221229285
0.677082837
0.358475327
0.522356868
0.589260459
0.380891263
0.215491742
0.567091465
0.396418303
0.556189001
0.643781304
0.579604387
0.694144845
0.601949394
0.217510432
0.503531218
0.218874186
0.219820216
0.251011759
0.095763102
0.093956828
0.1616669
0.224836364
0.23894155
0.138358653
0.081274539
0.047804561
0.040467724
0.044420682
0.055011861
0.057916485
0.03112312
0.068185426
0.072500944
0.063586734
0.050452456
0.100370772
0.147350013
0.158862799
0.254786074
0.26088205
0.070171878
0.370880723
0.270212144
0.135710269
0.092400141
0.284693301
0.172413409
0.139910489
0.025303308
0.130068332
0.096728191
0.243682534
0.051053092
0.272747338
0.363503814
0.233215183
0.40778628
0.3025859
0.231257766
0.306601495
0.14086473
0.053387616
0.193907082
0.042046435
0.177439168
0.053402103
0.081345417
0.136071146
0.143624634
0.11876367
0.199839398
0.016557548
0.032198943
0.016546372
0.070834652
0.017653227
0.126032099
0.026041003
0.04575647
0.016800031
0.010849949
0.010913681
0.058619179
0.108033814
0.069684677
0.096969225
0.099199139
0.067038946
0.048066508
0.055289056
0.085941702
0.11068932
0.100165188
0.160542026
0.113763638
0.068095013
0.168911487
0.141582966
0.05756519
0.090788886
0.177290991
0.181349754
0.138328806
0.093881838
0.149416536
0.141643733
0.11567238
0.113487504
0.095567845
0.097732849
0.085270584
0.042988401
0.068999074
0.015055875
0.086332835
0.012093714
0.128713712
0.117681459
0.104148731
0.153420255
0.153447151
0.154123709
0.133399338
0.102408625
0.089490525
0.077788979
0.063082181
0.075682692
0.026896399
0.065434925
0.077187411
0.05930914
0.083983622
0.027398335
0.132768184
0.099096201
0.202166766
0.08091367
0.152838036
0.2674115
0.239725754
0.34812206
0.436830759
0.295643091
0.172330648
0.115697972
0.129600748
0.067430913
0.077183694
0.053330459
0.077582568
0.034116432
0.112410642
0.02209652
0.012706415
0.073004402
0.029593743
0.086820751
0.115485206
0.133690462
0.058665257
0.11488995
0.180897638
0.201327622
0.098666273
0.145129696
0.21539852
0.148894504
0.128588751
0.119584322
0.010725545
0.012873099
0.009643862
0.008587053
0.00671408
0.048560135
0.168504223
0.163560331
0.135733768
0.142234206
0.065482385
0.009379457
0.013170463
0.143368095
0.068349361
0.017952435
0.164649919
0.191122621
0.087238349
0.094115861
0.163581297
0.155714169
0.165509522
0.174402967
0.173858851
0.015782265
0.032673225
0.01984957
0.087043285
0.042789824
0.109148555
0.52394253
0.484928221
0.421868116
0.363288432
0.132435679
0.083279833
0.026249427
0.040390041
0.012497695
0.099866182
0.127955854
0.165765196
0.268510014
0.242926136
0.212380856
0.327180803
0.474608243
0.516431272
0.5394153
0.355304211
0.538565755
0.555775881
0.274428248
0.461992085
0.272087008
0.14181757
0.168004543
0.078498386
0.135427669
0.165354878
0.137547627
0.154340953
0.153854802
0.131287977
0.127676234
0.113950014
0.031063301
0.111198232
0.024766963
0.118780367
0.052741375
0.180561006
0.184983894
0.049211562
0.385458559
0.146401227
0.444353789
0.497335464
0.195193499
0.202684015
0.060654718
0.070395589
0.044383828
0.058996867
0.143539354
0.119198211
0.063928984
0.040557973
0.132186338
0.148636967
0.102319151
0.040182773
0.020524541
0.172670871
0.024689037
0.121044911
0.026057517
0.155716568
0.200482696
0.253721505
0.217249319
0.036934078
0.22498177
0.032190207
0.03863804
0.098590523
0.039838955
0.016334036
0.117149085
0.07028234
0.033315826
0.021900943
0.051452804
0.055930004
0.054339204
0.081341244
0.046035197
0.077840872
0.280180842
0.089147851
0.105261929
0.342974097
0.484119982
0.396510273
0.47186321
0.483779341
0.170203775
0.109114416
0.184240565
0.054395724
0.101412192
0.122839555
0.130178735
0.201140746
0.313226283
0.238600254
0.271065742
0.107184187
0.037414558
0.08560729
0.050535284
0.221958712
0.497226059
0.500045419
0.311347216
0.300710678
0.503608048
0.571090281
0.539291799
0.641735554
0.536758006
0.531661868
0.523919165
0.510649502
0.149770945
0.330827624
0.509325385
0.171000108
0.433520645
0.064033441
0.135826185
0.122530475
0.202487633
0.248084396
0.349999368
0.459597766
0.485356927
0.235829204
0.512374699
0.17158258
0.383880556
0.286522597
0.473144025
0.229632407
0.126207843
0.265569717
0.390257806
0.523965657
0.322345167
0.300383896
0.518578887
0.419680774
0.178488597
0.398411363
0.107537843
0.05851689
0.105044387
0.051192511
0.178346694
0.1581368
0.191640273
0.258793771
0.22443375
0.209103167
0.121086627
0.053800859
0.091243386
0.129751459
0.142724067
0.183923259
0.162878573
0.151368439
0.018368375
0.018107334
0.162332639
0.051855151
0.03953331
0.057379976
0.361730903
0.077619098
0.041969348
0.397545099
0.438458383
0.29052493
0.122500755
0.084793001
0.11804717
0.022241615
0.133614346
0.141283453
0.185364619
0.192441463
0.172192693
0.225186944
0.04782185
0.071247362
0.341433644
0.428040981
0.494475901
0.389609069
0.553791344
0.620167732
0.601800084
0.554147601
0.466302812
0.120333798
0.423586696
0.480199724
0.439659595
0.353060871
0.271100074
0.488806099
0.29865554
0.408212364
0.320516616
0.229805052
0.219816804
0.138759285
0.135762259
0.099651977
0.195530459
0.463221729
0.158513188
0.201197222
0.470445871
0.335431337
0.540834546
0.424389511
0.452910781
0.343707591
0.382220536
0.504662156
0.526251137
0.694563687
0.513734698
0.632809222
0.14762114
0.614156306
0.075774916
0.512666762
0.182747319
0.247618288
0.215567097
0.326829642
0.305072755
0.34256497
0.25736329
0.253971875
0.216909051
0.135415256
0.063688777
0.131423414
0.085036546
0.122788094
0.143319547
0.157679096
0.124515101
0.068308651
0.170103878
0.152080178
0.559878588
0.463751733
0.161208898
0.202533454
0.427816451
0.484819323
0.520409405
0.418933272
0.202168792
0.677700281
0.296579719
0.689476013
0.609342456
0.578186214
0.29371354
0.603672147
0.072890893
0.704050362
0.127483502
0.714801669
0.555358231
0.163598612
0.377030015
0.127348676
0.258088827
0.21784322
0.239970013
0.234878898
0.127638131
0.164525434
0.155267149
0.086160317
0.072680853
0.121391609
0.054327838
0.123667993
0.057737213
0.122689798
0.142723083
0.166764989
0.19652839
0.354759425
0.340582997
0.189350486
0.178395659
0.122848794
0.154640704
0.074648805
0.179018706
0.156949341
0.195941165
0.142934546
0.070055701
0.170803279
0.092792101
0.248318091
0.214816809
0.234793067
0.14173314
0.444310963
0.456762791
0.709888339
0.447836339
0.165313333
0.390385658
0.600975394
0.10448759
0.270571172
0.546406388
0.60675633
0.200948074
0.1253324
0.163505018
0.115098439
0.112369694
0.130160779
0.062212113
0.164104432
0.121087193
0.07751444
0.177149832
0.189662382
0.120885752
0.132850125
0.172850043
0.097733177
0.099623054
0.268159539
0.513534784
0.567507863
0.574350834
0.632106423
0.618849277
0.55820775
0.446982294
0.463697314
0.677155614
0.564386249
0.565087855
0.372269034
0.331170857
0.31827879
0.443521708
0.418435305
0.324839562
0.499336839
0.387667239
0.405760914
0.243509784
0.186161622
0.110472731
0.213226244
0.075794719
0.125570416
0.245670676
0.126682699
0.164388582
0.392798692
0.122673377
0.449720502
0.215048492
0.197240382
0.255155116
0.377572
0.245565236
0.210892364
0.239701703
0.213621959
0.589496732
0.671735287
0.400684893
0.264463186
0.561956346
0.184277818
0.3185682
0.598185182
0.328504801
0.421968699
0.67319113
0.630077362
0.468740523
0.66660434
0.612686753
0.568212926
0.420555502
0.499895275
0.351016223
0.198773712
0.362157792
0.16050449
0.326096863
0.093084291
0.301738024
0.266410202
0.232748702
0.173921496
0.114672631
0.118196875
0.174727425
0.113254271
0.23051706
0.399776965
0.167848796
0.242876261
0.06770131
0.089991041
0.081760079
0.048347291
0.06205773
0.092807017
0.103926688
0.194082558
0.084675029
0.049441062
0.122071378
0.056131285
0.082464769
0.24713847
0.073021308
0.18137601
0.298175216
0.201889545
0.102139361
0.24683398
0.436126649
0.653550982
0.637156129
0.523661435
0.513076305
0.682992756
0.157198206
0.354121536
0.65665859
0.640763164
0.290951222
0.468826234
0.124871224
0.277618289
0.102345049
0.175864801
0.463976741
0.618286192
0.528324723
0.564996958
0.64608264
0.674414337
0.526098013
0.550066292
0.423309296
0.147105485
0.330003917
0.266658574
0.143666089
0.072357178
0.32752353
0.455463052
0.450431556
0.263921618
0.063461676
0.076110378
0.301633835
0.148511782
0.046618775
0.119816087
0.185689628
0.123660043
0.101748139
0.341511905
0.252065957
0.599867582
0.274024546
0.294051737
0.510333121
0.494437635
0.589910209
0.605379641
0.699262381
0.346964002
0.685095191
0.510333121
0.490597099
0.170620427
0.442260593
0.460263222
0.483897448
0.568315387
0.703288794
0.714934051
0.672393501
0.691431403
0.662313163
0.59978044
0.68824017
0.812720537
0.612400413
0.612262428
0.51528132
0.585613906
0.624880552
0.524197161
0.504282713
0.49855569
0.585479617
0.608612239
0.498372316
0.666050732
0.310816318
0.335752457
0.151418388
0.193325311
0.357932001
0.164899319
0.040067397
0.193916604
0.079532444
0.050795827
0.042055059
0.044928368
0.088648334
0.071108788
0.049151089
0.057604045
0.088190049
0.124412335
0.261428922
0.213478416
0.146764159
0.157018587
0.225013629
0.182671756
0.619757891
0.491721272
0.677476823
0.848182082
0.740679443
0.857356191
0.867893934
0.65019834
0.610253036
0.147574052
0.326221108
0.093137257
0.207562163
0.147438124
0.103166759
0.328900695
0.262064397
0.769979954
0.552827299
0.365898162
0.405111283
0.176154405
0.830425203
0.124913484
0.304599285
0.136898622
0.320278794
0.556854248
0.56432128
0.70512414
0.637504756
0.531561434
0.849852443
0.688930571
0.870169401
0.773509741
0.81205219
0.83249718
0.181938529
0.305986911
0.783774912
0.322243959
0.529629707
0.65776825
0.86604476
0.654998839
0.541332603
0.627944052
0.210156024
0.614969373
0.289242536
0.425622672
0.371509016
0.410272062
0.172893986
0.164951548
0.191935122
0.162788123
0.03922563
0.08323627
0.13804993
0.109256826
0.0278957
0.09497866
0.151639074
0.168571621
0.251989722
0.225445598
0.224707887
0.174460486
0.214957282
0.196701586
0.13321504
0.113747239
0.176927418
0.13486141
0.110881835
0.152955145
0.178147152
0.112255685
0.136768624
0.105241917
0.099789739
0.148901731
0.128586695
0.125143036
0.019231597
0.146078855
0.031658858
0.031091627
0.136457279
0.130152002
0.041867476
0.06809514
0.141502172
0.16926229
0.096744627
0.105899282
0.186363369
0.266606092
0.182993338
0.088690363
0.204374894
0.221562654
0.165669292
0.159483254
0.142325148
0.198583752
0.136090934
0.05410248
0.163411811
0.248088896
0.034799706
0.112477936
0.361195117
0.283840835
0.034940809
0.242421716
0.381598711
0.305536896
0.081325457
0.400984913
0.519824743
0.307948202
0.241449878
0.518573642
0.23501642
0.531440794
0.486388415
0.215318725
0.124954596
0.164468825
0.176833659
0.055676226
0.073208936
0.031822018
0.078098454
0.064259723
0.037629355
0.049016278
0.075273328
0.106841318
0.260934949
0.099644706
0.219393983
0.102072537
0.098527692
0.136051625
0.133508578
0.181280032
0.188903093
0.152247086
0.098071694
0.210835144
0.22682108
0.17983143
0.039437626
0.210372999
0.184131563
0.068155073
0.18228443
0.218296066
0.184945688
0.196642935
0.276686102
0.274179429
0.309614062
0.226314276
0.224063411
0.351366967
0.2481938
0.36146611
0.512508869
0.667913675
0.233233452
0.396254361
0.590575993
0.543537915
0.55509901
0.589743495
0.427711338
0.640628815
0.572657585
0.497744352
0.412887275
0.1318257
0.142296389
0.394584715
0.255598873
0.42972666
0.560956717
0.431015849
0.252298772
0.229038328
0.442014813
0.595804811
0.236384571
0.236057147
0.078886233
0.221697703
0.455144882
0.291088104
0.313429087
0.546853125
0.49171865
0.624649644
0.631636143
0.5756253
0.537252247
0.417432249
0.589718938
0.08472915
0.138241649
0.196766019
0.241393954
0.303224444
0.220738277
0.251868039
0.229295358
0.115148231
0.174814522
0.071137033
0.084308565
0.237454966
0.385178238
0.458474338
0.650176942
0.625035048
0.545085311
0.322115302
0.230931222
0.167144209
0.099870414
0.047109295
0.155663624
0.2229449
0.230504647
0.190201685
0.132902414
0.081880935
0.069207415
0.106779814
0.08562535
0.056889176
0.082136668
0.09237621
0.094746634
0.078386933
0.111743145
0.088863447
0.04571275
0.071227103
0.073755629
0.057622459
0.147080883
0.318789899
0.520450115
0.204428896
0.444006205
0.749796808
0.136571795
0.303504854
0.567617536
0.703312635
0.154798433
0.326984823
0.327059448
0.252305627
0.265293449
0.299143761
0.226481915
0.195381761
0.235101849
0.320831686
0.214884102
0.168963283
0.198556617
0.117921367
0.640821338
0.234669179
0.496220201
0.725228667
0.765832722
0.632743299
0.591828585
0.458408415
0.299082726
0.269864261
0.483196437
0.255343944
0.465070486
0.198890209
0.691854179
0.576261938
0.16034095
0.161521792
0.698887706
0.147614107
0.129888222
0.108135641
0.644005954
0.176424637
0.130806312
0.162357241
0.150105149
0.207115576
0.19092159
0.212083682
0.304781318
0.202678889
0.125336856
0.079075798
0.082075641
0.703507423
0.074779317
0.124909557
0.11577671
0.732335925
0.084191158
0.115337707
0.694774985
0.089022212
0.23571679
0.092759825
0.0692017
0.097666956
0.134854704
0.112794727
0.11681217
0.162080243
0.07740701
0.137857407
0.109963261
0.474116087
0.149712458
0.141546652
0.485974312
0.69473803
0.152155697
0.109351799
0.123489678
0.136711374
0.121033572
0.119598143
0.125229314
0.26884374
0.102187097
0.139980957
0.147789046
0.070764638
0.636639595
0.238095149
0.198901087
0.623081267
0.702079952
0.304285616
0.238743335
0.765424728
0.640362799
0.349530578
0.698931277
0.722964942
0.515488744
0.693557322
0.481238455
0.650487363
0.401719689
0.257758319
0.211330488
0.617558062
0.28041324
0.164212719
0.495501757
0.775075257
0.440644354
0.213547558
0.574958146
0.677837253
0.123902284
0.216081321
0.389020026
0.213151813
0.094806649
0.130372956
0.127203956
0.117234796
0.127982527
0.094859935
0.121071458
0.332586288
0.128792852
0.134767041
0.126946568
0.077109188
0.436924368
0.105590142
0.105577648
0.416309744
0.123491511
0.13893573
0.268825322
0.513774991
0.238483459
0.552445471
0.626505613
0.297318906
0.613735318
0.744106054
0.512315869
0.364087641
0.739915907
0.518841982
0.745371938
0.672860384
0.179989636
0.305294514
0.515991509
0.142866194
0.317439526
0.594396412
0.19066368
0.192278832
0.235976756
0.272267014
0.225493684
0.158141911
0.281116009
0.257943004
0.206730664
0.111607432
0.295659453
0.261188
0.204792187
0.39397651
0.362038851
0.261020064
0.154313207
0.338654488
0.25360474
0.380845934
0.507152915
0.474360079
0.603795946
0.559580266
0.531965077
0.459681958
0.19300054
0.151822254
0.278135329
0.286982536
0.32673493
0.225477308
0.221421212
0.256740153
0.272742063
0.310670763
0.295340925
0.243103907
0.218821466
0.34490338
0.386225492
0.256714106
0.337131917
0.226849273
0.253302902
0.215746477
0.165698484
0.241314441
0.183334202
0.309787452
0.088552602
0.329827577
0.106914259
0.263277441
0.102868147
0.343993783
0.242081195
0.275572985
0.331777006
0.14897655
0.411091566
0.066837579
0.287982315
0.07219936
0.048729371
0.382982343
0.162423626
0.265615314
0.248003468
0.155413195
0.240470394
0.126645833
0.092252605
0.122485891
0.441818744
0.473026842
0.398818105
0.413568974
0.31480509
0.298364997
0.207843482
0.271664798
0.350802243
0.325666428
0.328804582
0.355582654
0.404111058
0.38475734
0.333997965
0.296789438
0.278272867
0.250546157
0.24608393
0.189696819
0.310282439
0.259730697
0.453473032
0.430697262
0.508297384
0.451389521
0.515977383
0.449889183
0.179555282
0.454670131
0.500576258
0.241443872
0.11891602
0.251690775
0.239334241
0.424430728
0.416708976
0.409288317
0.302834511
0.115695938
0.265242606
0.045254681
0.082439303
0.148405254
0.242241904
0.176422849
0.142376125
0.151035637
0.128629759
0.067876965
0.170501217
0.140574053
0.115485899
0.041127756
0.168182492
0.152426168
0.165865466
0.192666739
0.166680664
0.107674941
0.122031406
0.153494805
0.076146573
0.045202114
0.068130977
0.056980826
0.054918479
0.10516987
0.042956669
0.051502142
0.133135796
0.093324766
0.242525682
0.07161288
0.058480881
0.261583954
0.127480716
0.495039344
0.422427177
0.064862885
0.294748574
0.385011673
0.327341527
0.049766764
0.297430426
0.360209614
0.262695432
0.142876163
0.320497632
0.38979426
0.291125774
0.290817946
0.265855253
0.325876445
0.323379159
0.201505542
0.341669232
0.334988117
0.328490257
0.175626114
0.368052512
0.309032559
0.119026102
0.296769768
0.461867332
0.343568057
0.346360266
0.383626699
0.287011385
0.089652173
0.144517124
0.311627626
0.204789475
0.124898069
0.261799425
0.197170347
0.153031379
0.441074342
0.380920261
0.413487762
0.622391045
0.561206102
0.395329356
0.130639061
0.26019612
0.29190889
0.294959992
0.27468428
0.294370621
0.157173321
0.331740409
0.473882347
0.460683137
0.499310344
0.33069092
0.476229131
0.353989452
0.459232688
0.46348381
0.388924807
0.459451318
0.474406183
0.587002397
0.625402153
0.569039404
0.573112309
0.468688339
0.38497147
0.597320557
0.529705286
0.340786666
0.123148412
0.369910657
0.127960324
0.147679061
0.333001196
0.310024947
0.36613366
0.278070509
0.266575694
0.042589303
0.050145615
0.007212796
0.006251824
0.008451279
0.004990474
0.047629945
0.011579105
0.029469108
0.041600283
0.130871072
0.088478811
0.020602291
0.071887113
0.009277533
0.052192155
0.016639913
0.015028018
0.056915689
0.04147971
0.030675633
0.035054959
0.056409117
0.051514741
0.048479583
0.056053981
0.053575564
0.037068829
0.072260968
0.082109004
0.153688923
0.126583815
0.288995504
0.267332911
0.319704026
0.559361219
0.394661754
0.390082419
0.614954054
0.523739815
0.297043622
0.323063284
0.17927672
0.06033244
0.152570799
0.066103496
0.110404514
0.137943015
0.017847745
0.044336893
0.073128477
0.080203854
0.007363769
0.04281519
0.045446936
0.016420428
0.019789478
0.037283469
0.037425999
0.012396774
0.014941913
0.024076164
0.050879408
0.048445661
0.050369829
0.035842579
0.02594257
0.025483605
0.030160021
0.033342265
0.011457412
0.02942512
0.023416383
0.005334714
0.002167832
0.004367779
0.007444908
0.003544406
0.021375632
0.007616268
0.010217341
0.019390922
0.010505802
0.010260971
0.016925866
0.016498478
0.094847716
0.04130752
0.046832226
0.091602117
0.051955134
0.153170362
0.117950477
0.131864011
0.153158233
0.159745872
0.016322764
0.03744296
0.050240841
0.052322678
0.248530805
0.128670692
0.136150405
0.155843958
0.039821632
0.112187378
0.160484686
0.075730912
0.020346101
0.13196975
0.086168222
0.026516674
0.08708936
0.097279415
0.069763944
0.096484937
0.077195898
0.057389572
0.095769994
0.130761117
0.019613702
0.056265481
0.11465358
0.125452891
0.021634303
0.023995567
0.018980619
0.048409637
0.04002022
0.033337608
0.042896722
0.016327655
0.01410527
0.003844698
0.004888529
0.012739369
0.018719986
0.008657485
0.061733618
0.133720487
0.073558323
0.04050101
0.090269245
0.153665319
0.153119639
0.15847005
0.07080698
0.053763006
0.065098576
0.053486798
0.059075326
0.027033335
0.043756258
0.04231922
0.039385092
0.026890485
0.024830053
0.038426291
0.00918502
0.006579057
0.005982082
0.003727108
0.004050866
0.01020431
0.012510901
0.005162432
0.009247623
0.03142181
0.036401127
0.019384084
0.024325337
0.036844321
0.029940693
0.034317296
0.037430774
0.031342842
0.036585089
0.025484517
0.014382431
0.110064752
0.006977923
0.00424545
0.013963128
0.019326314
0.007523175
0.006600825
0.016761348
0.008235387
0.032982472
0.109882228
0.066917598
0.11788065
0.142029226
0.10647516
0.099851556
0.039922472
0.105517708
0.144237414
0.12995106
0.022982303
0.03458786
0.06757544
0.046379387
0.019333331
0.040522013
0.010611011
0.028842298
0.061940413
0.041718181
0.02714497
0.035230026
0.031415392
0.060486015
0.068259723
0.093538024
0.091939367
0.032079689
0.073634058
0.095176898
0.06863308
0.040269569
0.043197989
0.048032679
0.029280705
0.032458413
0.024101639
0.027396312
0.035477128
0.01476774
0.029955965
0.006888072
0.013863668
0.001717248
0.003122075
0.017979801
0.01164942
0.005028515
0.003392781
0.007482943
0.01205867
0.011553911
0.006143356
0.017674873
0.035942208
0.041227035
0.035318304
0.067000426
0.078970939
0.04963243
0.062284682
0.041011024
0.00640984
0.008618011
0.009375519
0.004648762
0.065612875
0.076556541
0.02362184
0.014645869
0.008356939
0.006266887
0.005426433
0.046868745
0.037220523
0.037822541
0.061028793
0.115390018
0.08748661
0.082370214
0.063067801
0.077798992
0.047367249
0.081173353
0.080642611
0.060505062
0.019530736
0.016598774
0.038487501
0.008137419
0.072074883
0.008427222
0.01719076
0.04143022
0.079369895
0.093417563
0.068180576
0.09766946
0.0815484
0.069113225
0.113545172
0.007577571
0.029173942
0.008869285
0.00648653
0.006146915
0.017628023
0.111773431
0.428764343
0.016311886
0.057067189
0.19309029
0.2450376
0.091642536
0.252212733
0.64975667
0.442308038
0.28199771
0.440931708
0.612359881
0.747645259
0.636502445
0.71337992
0.339274704
0.494510442
0.193578944
0.11378739
0.130252391
0.306718886
0.042366475
0.100471094
0.316280454
0.458364457
0.047858141
0.166182265
0.446153849
0.270529002
0.250986159
0.148100242
0.073476695
0.271340758
0.285467207
0.284086376
0.137359932
0.38297224
0.152524218
0.223991126
0.385403365
0.64956063
0.417833954
0.271572441
0.103776202
0.048035212
0.029473793
0.092392579
0.134052023
0.064510524
0.143311501
0.096532069
0.174674645
0.30764538
0.582475901
0.66534543
0.679546595
0.749695659
0.697788239
0.592080951
0.770714164
0.522516727
0.633663774
0.60375309
0.677775919
0.546059966
0.641783595
0.477366686
0.352401495
0.732983291
0.197915405
0.074222594
0.127354071
0.16530332
0.032060787
0.03604285
0.116596468
0.041609932
0.009066623
0.054242305
0.078517288
0.007101953
0.037499193
0.042965844
0.012823116
0.015733358
0.047334533
0.055018552
0.014948743
0.045734864
0.062527873
0.050355904
0.04845652
0.061379168
0.062530704
0.061630726
0.052127659
0.074292846
0.051037271
0.012950294
0.053917225
0.00884381
0.007427652
0.04698386
0.068191729
0.050302699
0.014690605
0.06986966
0.047873091
0.085294917
0.063278817
0.01918749
0.014005017
0.112326466
0.022740476
0.00638374
0.056978367
0.094337255
0.015256879
0.014302847
0.059197187
0.05028693
0.085048974
0.01370182
0.049048264
0.051375084
0.025790004
0.065648787
0.049238808
0.051452793
0.06803222
0.015435462
0.02589062
0.032476149
0.034010634
0.004095539
0.00185082
0.005329978
0.008321357
0.008266541
0.005094354
0.044346765
0.071458362
0.070183933
0.057954464
0.072524309
0.023313738
0.015057529
0.089914046
0.076234877
0.027997656
0.077708989
0.031709004
0.012140918
0.052371599
0.034912862
0.031209078
0.036570214
0.042692564
0.044048417
0.064498201
0.099730216
0.058529265
0.06836044
0.096757539
0.076682478
0.129674003
0.225928441
0.123750612
0.079214111
0.114552908
0.079630673
0.063699484
0.066997543
0.181947052
0.042649459
0.047196999
0.140709162
0.140228719
0.07589104
0.114220135
0.420687616
0.144770876
0.126571864
0.467665404
0.704826474
0.513702512
0.319328278
0.478019476
0.711469889
0.573859274
0.479749203
0.298121125
0.338179499
0.351924598
0.396046191
0.333502561
0.36794892
0.326724857
0.295327663
0.14650628
0.081602983
0.259831309
0.173489615
0.038914215
0.411340058
0.263571292
0.222380877
0.22009024
0.15004921
0.140393153
0.208330959
0.033611473
0.103905678
0.167208806
0.219933748
0.087496057
0.15518029
0.209662348
0.276816756
0.271467179
0.286423683
0.266377658
0.253637493
0.30659008
0.338116378
0.351209283
0.314830095
0.41006434
0.437851548
0.365831107
0.439345092
0.227902994
0.032769319
0.0410426
0.144849882
0.444834918
0.026563933
0.057048809
0.449651778
0.393708378
0.315651476
0.324758977
0.258724988
0.213203073
0.051699255
0.030237211
0.184839666
0.104172297
0.033904195
0.16980347
0.211928561
0.227863699
0.26694575
0.259334713
0.310682476
0.302959174
0.295823306
0.332054198
0.313324034
0.28006056
0.424669415
0.441868782
0.301321477
0.476883948
0.164858043
0.096271098
0.048576389
0.114779398
0.398706913
0.065644644
0.06358058
0.457597315
0.453559816
0.374447733
0.396521658
0.386521697
0.28660956
0.095846124
0.060279366
0.274800807
0.175312102
0.047999419
0.27698347
0.304933429
0.318561584
0.313219041
0.261354864
0.313155621
0.329899639
0.292570621
0.307955444
0.328816116
0.333992362
0.463642597
0.481574655
0.284611076
0.46678412
0.196980238
0.059852354
0.046097856
0.136307433
0.510919213
0.102540001
0.076049782
0.499104381
0.505735278
0.44033581
0.436515272
0.402479291
0.302045047
0.166166753
0.128839672
0.247014776
0.240956426
0.050585482
0.285236537
0.315663785
0.344172984
0.323980153
0.266399771
0.287529647
0.314102918
0.262777001
0.295721084
0.319058985
0.394993335
0.392152488
0.502020419
0.314049304
0.472572714
0.120728955
0.080226161
0.050047919
0.223403111
0.541702151
0.12788786
0.187624216
0.506419599
0.529096365
0.451484978
0.458660096
0.439079702
0.416989237
0.124773838
0.096372284
0.368990749
0.251355916
0.051091731
0.216153979
0.291034281
0.302647591
0.288601577
0.150546223
0.238594353
0.185679495
0.203745678
0.264038205
0.249842182
0.401648104
0.442901134
0.509048939
0.200774476
0.43400681
0.137786627
0.086122386
0.048733085
0.136925519
0.517857075
0.094059095
0.181303918
0.490730703
0.512343705
0.484003335
0.488190472
0.453160584
0.44215256
0.42642504
0.105269596
0.386067003
0.336344332
0.043467063
0.105822608
0.304395437
0.274138838
0.193935871
0.088240817
0.223260999
0.257653505
0.26071021
0.237937748
0.28798753
0.260686994
0.339544475
0.421595335
0.343939453
0.3637366
0.319980055
0.111333735
0.335089982
0.370883524
0.357174456
0.313364267
0.429975063
0.409891099
0.391619205
0.357349724
0.337910116
0.413110435
0.349707961
0.189462185
0.393750429
0.387303531
0.347955585
0.174075037
0.35427615
0.255351037
0.234815642
0.234936506
0.229550123
0.249034524
0.237355411
0.383835375
0.379813135
0.14534007
0.185754761
0.163002625
0.3010602
0.282255739
0.250831127
0.297783703
0.16519697
0.33899954
0.156740636
0.387290657
0.428164244
0.089990132
0.410834402
0.609131157
0.6836043
0.50541836
0.748408735
0.762805283
0.290855438
0.45459342
0.621677041
0.114694454
0.174292028
0.104158029
0.28445825
0.158144847
0.285702705
0.241473272
0.474570751
0.131869748
0.080856167
0.07382074
0.097974598
0.104748167
0.146771342
0.099126004
0.078066237
0.195930108
0.172363341
0.089363366
0.063249961
0.307882667
0.142220378
0.10170339
0.239984185
0.306393653
0.171494722
0.226659417
0.170591548
0.243000314
0.251283795
0.268124938
0.200153247
0.1668019
0.170398906
0.721700251
0.457703471
0.710496128
0.531903386
0.419359744
0.19710131
0.181015089
0.240847483
0.170647711
0.279606014
0.160087317
0.127776057
0.183235332
0.118981168
0.136563897
0.177265659
0.173750341
0.407190174
0.138761386
0.389147609
0.286784649
0.43362245
0.273536116
0.299394757
0.31264016
0.361781985
0.12061213
0.563109338
0.699055672
0.532536089
0.754608333
0.506764472
0.64554292
0.60875833
0.223522156
0.31626609
0.602289259
0.521808863
0.757117689
0.620797634
0.320163488
0.584337294
0.339945495
0.206385612
0.328014404
0.309435159
0.203111097
0.45139277
0.7183792
0.205100685
0.191843644
0.207390249
0.320344031
0.331830829
0.368620247
0.271948904
0.225190789
0.229729712
0.235416204
0.286867023
0.168341443
0.202405989
0.330934197
0.309678078
0.68485111
0.348982036
0.647601902
0.337895364
0.682580173
0.588247001
0.342084438
0.54346925
0.397555053
0.67351079
0.557523012
0.733029425
0.534348071
0.712537587
0.555100739
0.719669521
0.573969066
0.502435029
0.258081168
0.188960314
0.548669279
0.333404273
0.305108875
0.390032053
0.641301572
0.366874099
0.374150574
0.733133018
0.305990398
0.235158443
0.401288956
0.339551449
0.644165218
0.722067297
0.548361659
0.306434095
0.365562707
0.664744854
0.548558176
0.60480988
0.27484104
0.580438077
0.721356928
0.341700256
0.265873939
0.303770751
0.211719081
0.26989311
0.271701336
0.219708845
0.205024078
0.089788593
0.173321843
0.355711162
0.21917443
0.439008385
0.420362413
0.275880456
0.163906291
0.120814927
0.168021709
0.157988906
0.419703156
0.429590821
0.594610095
0.656789362
0.71580112
0.774338126
0.793055654
0.663316607
0.769037426
0.626199603
0.615096092
0.763423979
0.751072109
0.576353729
0.534497321
0.687564671
0.492731154
0.63069886
0.501998544
0.472217947
0.638130367
0.498825401
0.541276038
0.536000371
0.485371649
0.490979642
0.431067854
0.314777851
0.343744069
0.455258429
0.409963608
0.452709734
0.417699069
0.430233955
0.368862331
0.257392794
0.207365692
0.192439973
0.161560252
0.075537793
0.113609552
0.086879149
0.036174491
0.107879668
0.096630387
0.093063317
0.104692489
0.10363885
0.085318826
0.094315417
0.08468505
0.024073677
0.018619012
0.027426133
0.027931239
0.0182874
0.019412946
0.160321891
0.061834641
0.02471281
0.064601719
0.170539856
0.050784331
0.039878786
0.160241783
0.136343807
0.079033129
0.129821882
0.164263695
0.126661852
0.096900992
0.128316224
0.190080568
0.159679204
0.102809235
0.055418748
0.071024351
0.025587747
0.02132407
0.018240679
0.011602961
0.031324677
0.02953821
0.013195512
0.024222426
0.063848704
0.021179955
0.021492742
0.036012031
0.092056975
0.026912142
0.040887322
0.057790805
0.057646096
0.027314547
0.085987315
0.056022976
0.122262292
0.028021712
0.059810124
0.070043929
0.138732463
0.028488275
0.042432204
0.141086206
0.141488805
0.045651529
0.130699739
0.028125597
0.11428836
0.125968114
0.026956396
0.051493619
0.068161041
0.03784436
0.058631126
0.087409243
0.116074815
0.075860396
0.07691969
0.069415964
0.090096124
0.079801314
0.027064886
0.054877527
0.096097507
0.070445336
0.042858623
0.109641008
0.110764332
0.039007589
0.098235987
0.109387815
0.095220476
0.061665103
0.134142756
0.231422573
0.121496424
0.094799846
0.096788712
0.060742244
0.053020619
0.082871243
0.070830509
0.189262599
0.16225791
0.202182725
0.099214822
0.257360965
0.027365597
0.22373496
0.077743933
0.098467223
0.238318458
0.123262383
0.10156896
0.132628396
0.140667796
0.088366456
0.146043837
0.093016967
0.049405944
0.167663723
0.1549633
0.089919202
0.080833532
0.213764459
0.137505576
0.087669998
0.055122819
0.15156424
0.156855687
0.321338683
0.107415572
0.317274928
0.276107818
0.186589733
0.182427183
0.063576929
0.112770848
0.217400953
0.099390559
0.236885995
0.236890584
0.070062317
0.109036386
0.398059458
0.296930701
0.053445525
0.210658133
0.427245289
0.255731136
0.081835642
0.291948855
0.361938208
0.239424795
0.275278836
0.076095261
0.101296276
0.064214714
0.091927044
0.075990386
0.033017825
0.041023895
0.07441926
0.081551462
0.06353426
0.088779002
0.080032855
0.097177021
0.061901849
0.093026534
0.023488587
0.024453739
0.019191848
0.03639238
0.026877249
0.028261043
0.036220189
0.092972361
0.018178353
0.088629261
0.04207579
0.066251703
0.017475408
0.080641329
0.070410959
0.065954708
0.052301884
0.201269165
0.180216074
0.312560439
0.474265397
0.232625037
0.497355282
0.237410411
0.595969498
0.510050893
0.280452102
0.685910225
0.194709986
0.297594666
0.54198736
0.554627776
0.379513353
0.381540418
0.131642252
0.232606009
0.068378821
0.117121398
0.248729348
0.053793889
0.512398839
0.112630785
0.369258493
0.097578153
0.203851476
0.098358683
0.1506854
0.466835648
0.366108567
0.597995996
0.210211545
0.488770932
0.250939727
0.207183778
0.549936712
0.095790647
0.641699791
0.04197374
0.155780554
0.088059984
0.029825715
0.0906386
0.01392281
0.065207057
0.065981977
0.070533343
0.053328004
0.063389756
0.013957409
0.021303883
0.040952016
0.039776437
0.435139418
0.402240187
0.617468357
0.63878268
0.535197139
0.499253392
0.318379521
0.133284837
0.292763859
0.306698561
0.051776256
0.11137148
0.184581682
0.203321904
0.070948333
0.118451655
0.053955816
0.127928883
0.087998323
0.035084795
0.095646888
0.138249785
0.033269562
0.070110582
0.143573284
0.237299055
0.130351484
0.415972203
0.212403879
0.569803715
0.460881412
0.467965305
0.536195695
0.213020265
0.532742143
0.050957263
0.068088263
0.111986123
0.043358084
0.085091598
0.05274177
0.082099773
0.077718288
0.075295098
0.088745296
0.089152738
0.062996976
0.072331637
0.124562524
0.095683314
0.04544121
0.111868389
0.197887585
0.155686244
0.134283513
0.085996389
0.197962046
0.098959655
0.013027453
0.042612758
0.098698243
0.109480858
0.086236335
0.027018476
0.040964674
0.024468739
0.054858122
0.066222884
0.025946004
0.05716002
0.085878626
0.096428148
0.068860315
0.044343408
0.087741189
0.021747217
0.091825038
0.076131709
0.015424922
0.07021869
0.029537281
0.06242865
0.043515954
0.070204921
0.028019411
0.076363578
0.033761978
0.087431423
0.120638892
0.107124932
0.046593491
0.061778687
0.084441863
0.076502375
0.078883924
0.259757727
0.388528407
0.409255505
0.514258981
0.493532866
0.540084779
0.607867599
0.596410871
0.629809499
0.560955703
0.638097763
0.705113113
0.592794597
0.632807553
0.627460957
0.514484406
0.614886522
0.218296885
0.603339434
0.679399967
0.199821755
0.09170232
0.034289762
0.010068411
0.010704084
0.008821517
0.018169453
0.074785121
0.100662008
0.128318116
0.087531745
0.088130817
0.015676051
0.007248459
0.016856859
0.012815784
0.016436761
0.012593355
0.05440525
0.031841271
0.078641243
0.093239345
0.042895626
0.088566571
0.099564172
0.080394901
0.262317985
0.301567852
0.179789752
0.335678995
0.151237488
0.322687089
0.140848786
0.3073605
0.169811368
0.120578967
0.242980659
0.239606529
0.282856196
0.338369817
0.081892595
0.133999079
0.309620798
0.092934996
0.156269148
0.0720139
0.253824592
0.349518746
0.183939919
0.229835883
0.288788885
0.314980894
0.278867036
0.16212438
0.242540881
0.210455522
0.120887764
0.104788244
0.069539823
0.102564439
0.038303915
0.113448046
0.170650974
0.127164841
0.138756648
0.185481295
0.107482307
0.097287707
0.093234017
0.034929626
0.03712168
0.034151096
0.101380996
0.363547653
0.45089674
0.477648795
0.438613802
0.198442921
0.338459611
0.114855781
0.154121444
0.142242759
0.043515339
0.097836971
0.111277543
0.038954843
0.054844577
0.090405419
0.103045627
0.304236591
0.146859556
0.312650561
0.304084808
0.138724416
0.385860503
0.378399819
0.387368113
0.258680046
0.230187312
0.123293549
0.181284666
0.286969304
0.164225876
0.261705309
0.325538009
0.343354315
0.44111973
0.439365774
0.496026635
0.441306621
0.536583662
0.486765563
0.458199769
0.2575306
0.145889431
0.053733103
0.03565992
0.107205138
0.147341117
0.136885494
0.196571812
0.231276557
0.171591908
0.199307293
0.065303594
0.036350947
0.025961379
0.057223547
0.040243469
0.38347742
0.264040738
0.350807279
0.384466767
0.451514959
0.395924121
0.168366835
0.128953725
0.240335464
0.088809215
0.205903128
0.116504133
0.160883889
0.091947503
0.047204927
0.17955704
0.130379021
0.106810682
0.156643659
0.105471991
0.206371829
0.19762139
0.194887042
0.448616922
0.524054468
0.361674905
0.402548164
0.307563931
0.153889894
0.213208884
0.340108752
0.289582461
0.277228385
0.230346069
0.367976993
0.286139339
0.21371457
0.232645869
0.195944145
0.141376346
0.214763761
0.029283829
0.158078089
0.044401441
0.025249699
0.087214351
0.079259448
0.15461196
0.15421176
0.222346053
0.399789959
0.299931467
0.352127969
0.477314055
0.048118006
0.028081074
0.039323729
0.051039033
0.07078395
0.195294172
0.257481992
0.235812262
0.27783826
0.090140842
0.362501949
0.355808824
0.282330304
0.480111331
0.125093341
0.368429303
0.354138196
0.315316647
0.28156358
0.523271918
0.503974617
0.52735877
0.529657006
0.494026095
0.522244155
0.452720731
0.338040411
0.467044502
0.483702093
0.298511177
0.065589093
0.183333248
0.026849737
0.028805455
0.064924702
0.073262773
0.125900269
0.150035009
0.214746416
0.245803967
0.391598225
0.338927776
0.038221054
0.031721555
0.043697394
0.037582275
0.364895999
0.338616818
0.354534954
0.308883667
0.364266872
0.03764151
0.388983607
0.233076617
0.380049914
0.464070857
0.46940133
0.526119292
0.517356455
0.520031095
0.502339125
0.452236533
0.329403818
0.385920852
0.219186291
0.355319917
0.333836287
0.12886548
0.246140927
0.156756997
0.150867283
0.226957053
0.400229037
0.298544794
0.213945746
0.287756354
0.137718305
0.192720816
0.027594749
0.063993849
0.044637147
0.023680517
0.070469089
0.061942074
0.093903869
0.133436576
0.172673255
0.175506607
0.112673178
0.041773703
0.022428202
0.015943464
0.022465073
0.043844692
0.089548633
0.156529203
0.283890784
0.247880533
0.182197258
0.226097167
0.223431081
0.383676887
0.310540557
0.296255678
0.083987407
0.21420379
0.039306261
0.05722589
0.026700137
0.039225958
0.112844177
0.130264267
0.211321697
0.168829933
0.260684013
0.267322928
0.164099976
0.26701194
0.136875406
0.164047927
0.249195814
0.091237329
0.097497374
0.094368756
0.175423995
0.08539886
0.300050914
0.3310121
0.256634295
0.196840331
0.409426838
0.340268701
0.475791097
0.366068959
0.40190348
0.336350292
0.108001284
0.171150267
0.110657439
0.053484865
0.038919456
0.042387567
0.054192841
0.094121806
0.102563329
0.102463625
0.110612325
0.098838955
0.039671998
0.065623842
0.02775109
0.052890453
0.060183078
0.034754351
0.03173421
0.060332671
0.069713883
0.152017951
0.32145679
0.438081563
0.369372576
0.143277869
0.28382054
0.070014521
0.061536293
0.031304743
0.112090252
0.126323521
0.069498971
0.069248341
0.078823343
0.109099425
0.087806642
0.050910227
0.126719311
0.262892008
0.074654929
0.339174718
0.279793859
0.354391515
0.384608567
0.377394736
0.334805667
0.36905238
0.28570208
0.400792927
0.256237179
0.320838332
0.404878259
0.27341634
0.317002416
0.279814541
0.480805904
0.424856633
0.490376115
0.284683526
0.224535987
0.070203617
0.082822166
0.034350101
0.052345503
0.124869794
0.121415325
0.033172674
0.134012058
0.066551201
0.04832257
0.074429363
0.080027938
0.086301707
0.138031036
0.118786886
0.284457713
0.293175846
0.250547707
0.21781449
0.228542417
0.089302972
0.130961716
0.103007644
0.062708303
0.084517173
0.044550609
0.028750548
0.047893975
0.019827168
0.130335942
0.032307282
0.063103259
0.097677991
0.147911608
0.059264909
0.092021547
0.034505665
0.219095364
0.065305255
0.301685333
0.107066743
0.049233899
0.150713399
0.051363349
0.16623041
0.074765861
0.089791186
0.062610976
0.06610731
0.087118931
0.063494459
0.083088063
0.064372875
0.138741672
0.10287185
0.094644122
0.133649513
0.13100636
0.10925696
0.144689903
0.119263656
0.187836736
0.184838265
0.098727651
0.199876651
0.183369234
0.214762449
0.324875444
0.317217171
0.32694605
0.571575463
0.519774497
0.242703125
0.607249737
0.689595282
0.272333533
0.386799157
0.735158443
0.696162224
0.241559118
0.619348586
0.755622864
0.266622454
0.380471379
0.727621019
0.695911825
0.484715402
0.545471787
0.392235339
0.116797872
0.159388348
0.161938906
0.202518746
0.24375926
0.33560431
0.446162969
0.247131154
0.525115252
0.415377915
0.04756052
0.138223052
0.095816009
0.138763085
0.199878111
0.15711455
0.106920317
0.132768825
0.204245135
0.188434765
0.19879669
0.304662317
0.320200473
0.403045386
0.649860144
0.078665271
0.631476283
0.047387756
0.063095599
0.132691562
0.212649807
0.187456727
0.18792066
0.124995582
0.243464142
0.068357319
0.046359342
0.06196218
0.22241582
0.201706603
0.700060368
0.574253142
0.680887222
0.517861962
0.445941687
0.681172848
0.524834037
0.571174741
0.303990781
0.315430641
0.259563118
0.242920682
0.036316957
0.210143477
0.133543253
0.078168593
0.084120058
0.081974216
0.027125919
0.103689894
0.091608323
0.101895191
0.109152496
0.101750061
0.105640098
0.023758952
0.086432725
0.090490967
0.118446045
0.199871495
0.174985141
0.176519573
0.14856635
0.238017663
0.122269243
0.15874663
0.035343159
0.024213199
0.140190631
0.045886211
0.302454233
0.279114515
0.151123077
0.207464054
0.285229564
0.085532062
0.192485958
0.301142752
0.163193718
0.146956652
0.223874316
0.208496645
0.028759792
0.127985686
0.259904593
0.186917767
0.092055812
0.229282454
0.182932839
0.652046144
0.799861908
0.239622116
0.788043261
0.829869568
0.272800446
0.543312788
0.851794302
0.815908313
0.776530325
0.554491222
0.663222551
0.399331391
0.33434242
0.544805884
0.348792642
0.604315162
0.321299791
0.138869181
0.362050235
0.079952419
0.091732964
0.135196164
0.070209041
0.125728682
0.157337546
0.084303133
0.417548329
0.208479136
0.71938926
0.505852938
0.440487981
0.653032541
0.70162648
0.544000089
0.730472505
0.480862975
0.69759059
0.49570021
0.568879843
0.570941091
0.166402578
0.249414802
0.350913912
0.158129007
0.092397697
0.054409295
0.100623973
0.192810863
0.058115963
0.080518544
0.06230434
0.062969223
0.037959412
0.075418107
0.063045226
0.041093789
0.077742592
0.085808836
0.094800904
0.066225104
0.074810155
0.1598887
0.067632608
0.044034086
0.059198223
0.071536139
0.062542006
0.04971385
0.037927978
0.073999994
0.048584796
0.081974767
0.126136661
0.109960556
0.169295698
0.254281491
0.287408233
0.192753822
0.32223469
0.273769587
0.12540704
0.065757856
0.403274387
0.228397712
0.053321164
0.132153288
0.664070845
0.208254099
0.079406083
0.70679307
0.131003231
0.304477543
0.209608033
0.127385363
0.161264792
0.232212707
0.089861356
0.072158396
0.100756809
0.095117822
0.144896299
0.073034607
0.353857487
0.145024762
0.587815106
0.276662529
0.190488219
0.499790847
0.641647518
0.761374056
0.863241792
0.800336123
0.781298578
0.84832859
0.763481796
0.5797925
0.450276583
0.240640134
0.339995295
0.135861084
0.154810607
0.590968072
0.725183606
0.617088616
0.490968347
0.748221815
0.832183123
0.467917144
0.651879072
0.809172571
0.756567121
0.523320436
0.533469796
0.453396529
0.748793364
0.362510324
0.613899469
0.364797175
0.436873227
0.310375452
0.630943716
0.53931433
0.18222262
0.68113035
0.197558507
0.148006409
0.182006627
0.375035644
0.247883141
0.288518965
0.374834418
0.380992442
0.237506732
0.20918192
0.396909773
0.219217941
0.258537769
0.19754909
0.285991609
0.166936323
0.61574465
0.420777798
0.308503598
0.372260779
0.341991037
0.612446189
0.55951345
0.420594394
0.715417981
0.798948824
0.670133054
0.48979336
0.781590998
0.816686928
0.573162675
0.562924862
0.787013471
0.670566916
0.733796775
0.49808234
0.592218578
0.138568565
0.125471085
0.108491592
0.116018988
0.021312449
0.150320962
0.182781011
0.161795884
0.129836828
0.151490852
0.181297824
0.299945772
0.316184521
0.397268146
0.456677973
0.410336226
0.498042136
0.447894335
0.457701534
0.515383363
0.495554149
0.588429213
0.610892892
0.316555053
0.370971382
0.320316821
0.334756851
0.081429064
0.104884267
0.263875991
0.165642396
0.232696444
0.311428666
0.575346529
0.519432425
0.584552646
0.139691204
0.580249846
0.343068451
0.503260672
0.491861492
0.529001951
0.337123871
0.508246541
0.50386256
0.519766033
0.073707163
0.340652347
0.039444048
0.254479647
0.031136686
0.12897253
0.102173455
0.053925741
0.067617059
0.071265824
0.023787249
0.099252924
0.114228822
0.02854993
0.13054882
0.046187151
0.203373984
0.151787788
0.603286028
0.577954292
0.100057565
0.260023862
0.208854899
0.067592546
0.285490066
0.044640742
0.354190767
0.11285948
0.179822564
0.076913595
0.093856052
0.132358655
0.248286054
0.326785505
0.346285224
0.311868787
0.377069354
0.18803823
0.23479417
0.120107688
0.085627176
0.252346039
0.080538288
0.126115188
0.069061883
0.162690684
0.429231197
0.336362481
0.534997642
0.500884831
0.137673587
0.16779992
0.057793368
0.108416766
0.064875044
0.097512715
0.078759655
0.081906296
0.090839401
0.065497905
0.033380687
0.125924349
0.172062516
0.027657334
0.426947325
0.04988791
0.384396404
0.11740946
0.382354081
0.326234758
0.215422541
0.345642328
0.434389919
0.57155776
0.659165859
0.417725176
0.490981668
0.087455571
0.492148757
0.180204943
0.032968689
0.136913568
0.016037369
0.128879845
0.099676065
0.095296577
0.118602306
0.0574724
0.089804105
0.071503229
0.036016718
0.045901056
0.183138594
0.104662791
0.039196048
0.345804155
0.391634554
0.352182031
0.186836585
0.326361567
0.160055965
0.059063587
0.116437234
0.161954507
0.047532752
0.07451193
0.088828392
0.034886684
0.086370192
0.148183078
0.126571909
0.091422319
0.158408105
0.278335661
0.472737074
0.109520681
0.388916045
0.518386185
0.630302548
0.611918986
0.613385797
0.425237149
0.583440423
0.570052207
0.072259806
0.180631891
0.091807425
0.17781882
0.09237171
0.070637658
0.070175953
0.321650714
0.210212469
0.222976014
0.398094475
0.306949824
0.386111349
0.16760397
0.183214396
0.300516039
0.168783039
0.078743376
0.112624101
0.117247745
0.121031806
0.081679761
0.039190967
0.134614319
0.11453265
0.128167346
0.100684509
0.097267836
0.173768401
0.331113905
0.432620585
0.314973831
0.316230953
0.415115684
0.508244157
0.460388631
0.625256419
0.503678203
0.518481851
0.418682367
0.45631215
0.439729363
0.371589631
0.224663213
0.40096283
0.099875137
0.138906345
0.25464204
0.350060254
0.273066342
0.358246118
0.387130827
0.453468889
0.154781967
0.081833228
0.458518684
0.430797666
0.16171889
0.340377718
0.502449155
0.552511513
0.298905224
0.436386287
0.556631982
0.635715902
0.160145268
0.508036435
0.612007618
0.654810548
0.589904845
0.492102593
0.616348028
0.643853426
0.187934548
0.500235498
0.602034688
0.524983764
0.47537443
0.297251344
0.220037833
0.348457783
0.221796438
0.156984434
0.274570525
0.231883496
0.264917374
0.488499016
0.129141122
0.105936855
0.240405127
0.413175821
0.051268592
0.082885131
0.147751436
0.116379514
0.060650319
0.1160165
0.030411262
0.039448436
0.114282012
0.102490976
0.02816857
0.100325085
0.135306627
0.094330519
0.034181789
0.108614169
0.115949586
0.02919744
0.096985489
0.13002561
0.083846278
0.024085118
0.098244883
0.094402827
0.08358416
0.104894549
0.095746711
0.095962204
0.1002094
0.099229306
0.184115171
0.09955392
0.05164222
0.165028885
0.184170023
0.085627228
0.06554646
0.216162652
0.131129324
0.035432741
0.063270584
0.191736728
0.115461506
0.042688902
0.125664666
0.104788415
0.109864309
0.036527835
0.130387381
0.096339978
0.131008968
0.043517895
0.065466598
0.038651768
0.058719404
0.170096308
0.250032485
0.189587802
0.150376916
0.38847065
0.466562927
0.173628405
0.086603351
0.441277027
0.496925861
0.070212841
0.090311907
0.47796768
0.141816869
0.058176141
0.065201148
0.357778907
0.212261319
0.103373587
0.307210267
0.25298509
0.211550653
0.055317309
0.172377184
0.202869818
0.118010707
0.20414573
0.13402763
0.11764013
0.16363354
0.178119346
0.235419333
0.218605608
0.304088652
0.144615591
0.271410525
0.211298779
0.130289853
0.28594625
0.282489717
0.283597469
0.164795801
0.322468758
0.281302631
0.175163984
0.318956435
0.234520465
0.181804553
0.301181316
0.222156078
0.300332397
0.327184051
0.41827023
0.517218351
0.216170222
0.341669649
0.117852628
0.198959038
0.254843265
0.257247984
0.159721807
0.263021022
0.431719422
0.096198104
0.34391579
0.45137158
0.41573146
0.244633764
0.386834592
0.477630049
0.067273512
0.301734954
0.408961803
0.452598512
0.062472038
0.326232195
0.412348807
0.051547881
0.270342797
0.370240986
0.461744934
0.417988837
0.412555903
0.064826146
0.485203505
0.465192944
0.078788057
0.122688621
0.467266411
0.31375584
0.069239303
0.46378082
0.534350395
0.059570592
0.187814787
0.496081233
0.464862764
0.086049661
0.462874234
0.421695352
0.151396453
0.2618469
0.46117115
0.347286999
0.206479579
0.345867783
0.299399555
0.459253013
0.532467306
0.486145586
0.592464209
0.688649535
0.657250822
0.490827739
0.34036693
0.637225747
0.565166235
0.086100265
0.121429518
0.430642635
0.242707133
0.084967792
0.090142339
0.150394872
0.334045649
0.319295496
0.256266415
0.108832106
0.284647316
0.254734099
0.062262934
0.319686711
0.067076817
0.054284699
0.305602938
0.32389462
0.06644246
0.092472643
0.435317546
0.234438851
0.050009381
0.106117398
0.12163756
0.291096687
0.322773457
0.42514649
0.447329938
0.531507671
0.531984031
0.490425915
0.453078687
0.424838692
0.53573817
0.634927034
0.454752177
0.437568426
0.647359252
0.635389388
0.119364917
0.529532433
0.676101506
0.212480932
0.418173313
0.591167867
0.594435036
0.167222217
0.414835542
0.514006317
0.35641712
0.443971455
0.194064781
0.368516535
0.509342968
0.386058092
0.487633884
0.389296591
0.288514435
0.314130217
0.2229449
0.2688438
0.290130675
0.268853158
0.284669966
0.273701668
0.270842761
0.313488275
0.350320905
0.402132064
0.347460747
0.335039467
0.312321424
0.141162455
0.056307025
0.078040749
0.130371884
0.156644568
0.189736798
0.275932461
0.235278845
0.208863601
0.228739917
0.270005018
0.288830727
0.140491128
0.168297067
0.056517508
0.063859537
0.070025951
0.052348629
0.142853051
0.184267014
0.137612849
0.157663047
0.112500608
0.135218531
0.091804519
0.053337153
0.235310346
0.151612774
0.207096949
0.283810049
0.101228878
0.035062458
0.065598696
0.060435668
0.223210052
0.275271356
0.052112408
0.165063336
0.34365353
0.220695764
0.344244599
0.355710596
0.454579085
0.278935522
0.440378308
0.124887258
0.382570773
0.282599807
0.323415488
0.089445055
0.175966248
0.072765544
0.207609802
0.042241499
0.218806922
0.185256362
0.209378913
0.26932627
0.26817596
0.274536341
0.271484673
0.21340473
0.178535715
0.204467431
0.117032632
0.223764151
0.287420452
0.15645431
0.469351381
0.245382622
0.540471494
0.316249609
0.556007743
0.319078684
0.443707496
0.102011584
0.302236795
0.508172333
0.426185071
0.578836977
0.287996888
0.5998891
0.453851908
0.522668421
0.285069883
0.476171792
0.278615564
0.112004384
0.20391047
0.202569976
0.193833962
0.051769271
0.090014398
0.193281233
0.101811185
0.028873861
0.275433004
0.052307531
0.020035896
0.192332879
0.037494015
0.047530677
0.075175665
0.073587492
0.021568876
0.168894604
0.058380298
0.018272009
0.025436884
0.076785177
0.04994864
0.33038348
0.11365895
0.20034191
0.112639725
0.091992944
0.10421785
0.076011889
0.031378083
0.010890636
0.036855575
0.048659306
0.034889925
0.081624612
0.071626209
0.106745191
0.240010589
0.092119209
0.253552765
0.057125587
0.251280695
0.130195141
0.281368732
0.057026122
0.26014775
0.071073264
0.280864656
0.267457128
0.20828104
0.237224966
0.216354966
0.254545897
0.064276248
0.239679217
0.056232907
0.252548784
0.037496287
0.248928353
0.064078584
0.295838565
0.248642042
0.308098078
0.348395318
0.354597986
0.388937324
0.332862765
0.350051522
0.106121086
0.2981188
0.106200196
0.264738351
0.054264836
0.208458751
0.02958153
0.223656729
0.169211656
0.207597405
0.032206554
0.181314945
0.253625154
0.161508203
0.223462015
0.237503991
0.220439196
0.146975175
0.27807793
0.175126061
0.381684273
0.124731392
0.261167526
0.279386342
0.106229089
0.141781613
0.096381254
0.19501102
0.060838949
0.259217352
0.22613737
0.242984653
0.235968128
0.204097509
0.253394336
0.095851958
0.274020761
0.185088485
0.263697773
0.174975395
0.230106562
0.133750334
0.156744391
0.06832175
0.150678664
0.155795082
0.285179019
0.221180618
0.194610581
0.26561442
0.222432658
0.224735469
0.2384215
0.182738036
0.240433872
0.231010184
0.174382105
0.220179781
0.18191357
0.196223497
0.206457704
0.061642732
0.257092059
0.063316271
0.270675153
0.134831145
0.249378279
0.08760938
0.269392073
0.179564238
0.227080852
0.144183755
0.111422017
0.183821663
0.164946958
0.05956975
0.169904083
0.094968252
0.116404422
0.110633455
0.184627131
0.083714977
0.134885743
0.218166336
0.196622014
0.042315055
0.129678205
0.036746159
0.177068651
0.087498374
0.388285398
0.528471231
0.294626564
0.587224603
0.416493148
0.546998501
0.296620339
0.474718988
0.215511158
0.408550888
0.553222299
0.347462505
0.540539861
0.192652658
0.596199155
0.286799341
0.553204775
0.156481236
0.507026732
0.084710628
0.299006611
0.030030478
0.055656344
0.114944898
0.157118782
0.137552157
0.673710287
0.6853441
0.148626938
0.580924153
0.076001376
0.44304508
0.059904564
0.226704836
0.088093735
0.1401366
0.275441289
0.106812909
0.381212682
0.240059853
0.053473085
0.143447086
0.381821632
0.039276578
0.044751327
0.186170369
0.224304736
0.441958845
0.520539224
0.607734442
0.541745007
0.714034975
0.444395721
0.562850356
0.252599716
0.206250504
0.075404972
0.097124174
0.108233631
0.145311907
0.559853733
0.125562623
0.691861749
0.443214744
0.6797809
0.51038456
0.668478668
0.640179455
0.60781306
0.568981409
0.391149342
0.351327062
0.496060073
0.108295456
0.604453385
0.166323528
0.648179114
0.145838097
0.700356603
0.284915864
0.642027497
0.423594147
0.569541216
0.626691341
0.594116092
0.290893376
0.180552959
0.429811984
0.496695131
0.274858415
0.503437102
0.585562408
0.662351727
0.471453995
0.572753847
0.679213762
0.591163695
0.623924375
0.275410116
0.596331537
0.714292586
0.543786049
0.167963475
0.091787361
0.067246124
0.09823595
0.124818958
0.023528935
0.033977393
0.046892587
0.043616816
0.069565348
0.111221597
0.098612331
0.040374544
0.070289701
0.137958422
0.025373515
0.029726254
0.085023783
0.091221452
0.11353673
0.084338665
0.145065397
0.271865875
0.279537022
0.133768797
0.16070126
0.108343408
0.089903735
0.150565371
0.162711158
0.232074201
0.048105393
0.102327429
0.037298061
0.293243974
0.115421772
0.592709482
0.088150717
0.631423354
0.647044063
0.089098968
0.196741164
0.15478234
0.466795772
0.294732571
0.203389511
0.189791292
0.205884129
0.16358909
0.045605302
0.164664194
0.217043281
0.043372821
0.039734755
0.24119699
0.290439814
0.311514378
0.231875777
0.240685076
0.219839036
0.142634064
0.21048604
0.159262896
0.481667936
0.379277706
0.588394046
0.524521947
0.69978416
0.697404563
0.58101511
0.401998997
0.416380942
0.326526344
0.401137233
0.651165366
0.543148518
0.462982863
0.592412055
0.604737937
0.656354368
0.28106007
0.535983264
0.091242954
0.390193135
0.07585644
0.2153835
0.154848695
0.187048808
0.190587759
0.240252107
0.026651345
0.16643694
0.257792294
0.03129366
0.026010215
0.128272682
0.284670204
0.040517099
0.0137511
0.031821549
0.03749672
0.037007369
0.026472859
0.056158725
0.07016065
0.166184738
0.35524115
0.432510972
0.244616568
0.276618958
0.365392327
0.269795954
0.171334252
0.186190292
0.194458276
0.094363496
0.048226167
0.092229173
0.112220533
0.058264796
0.023930283
0.088193491
0.075523861
0.057101216
0.068401091
0.174280375
0.265755087
0.320482016
0.090541013
0.172142535
0.343114823
0.297050923
0.34135589
0.263835043
0.204422608
0.214194506
0.177863955
0.056538314
0.106610268
0.181946322
0.219849914
0.090692461
0.429626882
0.483190924
0.402416676
0.578206539
0.447205573
0.428242713
0.44887507
0.727587581
0.461737394
0.258081973
0.673023045
0.747570217
0.340908468
0.346191317
0.635248184
0.795073867
0.463551223
0.49786213
0.479556322
0.492623568
0.473623365
0.445319355
0.655801237
0.416444957
0.608920693
0.768859923
0.788593352
0.524045229
0.708656073
0.496627599
0.34256503
0.164370954
0.73089546
0.405454457
0.146585107
0.571057141
0.699831307
0.447134197
0.324073344
0.577652156
0.611907601
0.506866813
0.416144639
0.197597742
0.463151425
0.179409191
0.129685864
0.399519682
0.346304059
0.123938784
0.086969376
0.443924695
0.223111019
0.142203018
0.115803383
0.300200373
0.138534158
0.248197302
0.145639688
0.242967322
0.18452543
0.093081795
0.167878345
0.068477213
0.046817388
0.068878733
0.058781177
0.029189155
0.052432347
0.051264584
0.096201673
0.104579948
0.080800064
0.141566783
0.192027554
0.066750422
0.080331534
0.248670578
0.244695127
0.434449464
0.396692842
0.491104603
0.517435074
0.560213685
0.688658059
0.519462824
0.362460673
0.374892622
0.47871995
0.4139314
0.287920773
0.274414212
0.579110742
0.284026355
0.20606254
0.443262637
0.092873931
0.197424918
0.471146286
0.500567734
0.312109977
0.307558715
0.112960525
0.095894173
0.150576502
0.102304444
0.222167358
0.257289648
0.414097577
0.363076091
0.388281494
0.486617625
0.524974048
0.480133206
0.513307631
0.413573146
0.298211336
0.27435866
0.164961532
0.462060779
0.088880554
0.130133435
0.443550646
0.499029547
0.276729196
0.085031316
0.156724811
0.078123383
0.205730453
0.446368963
0.077445537
0.267587721
0.498776108
0.299501985
0.093006827
0.29341501
0.468208253
0.15666905
0.245768592
0.122682177
0.282062262
0.497041672
0.288387626
0.505957603
0.527101338
0.334367663
0.50844425
0.512592494
0.588897884
0.428569824
0.612068057
0.535105824
0.35817948
0.280589581
0.331852227
0.651154876
0.555649757
0.567875326
0.236009777
0.323378175
0.213164911
0.128003791
0.190562859
0.123381726
0.052672062
0.074981838
0.082703963
0.171396315
0.026702913
0.057236359
0.194919989
0.166411236
0.041416813
0.067358747
0.038800523
0.035238698
0.077357993
0.057052441
0.0618264
0.058225289
0.455575049
0.534459591
0.440564036
0.420365185
0.366431057
0.238429815
0.434184283
0.34182471
0.426993668
0.242121369
0.229952589
0.175472572
0.149484992
0.210805625
0.184438244
0.104477584
0.080589727
0.323088765
0.114826463
0.063032568
0.291189313
0.326810211
0.150603846
0.088607408
0.168629751
0.164013177
0.25711748
0.343479365
0.460575521
0.43666622
0.361115873
0.412451088
0.424271643
0.337832302
0.395912766
0.359378546
0.069119312
0.067071736
0.179886073
0.135472536
0.057390839
0.11161986
0.19215776
0.226306185
0.341607541
0.303741604
0.080354616
0.231235102
0.061351545
0.295438319
0.233223498
0.300866306
0.064061172
0.229588985
0.277145326
0.188289672
0.067952245
0.151425615
0.185819507
0.118366659
0.03773874
0.10648413
0.044839304
0.028372237
0.017621081
0.044959389
0.073232561
0.120815665
0.193037897
0.089584641
0.036163215
0.021463165
0.028502267
0.017274838
0.037660796
0.089342244
0.186110467
0.258081585
0.260065824
0.22828953
0.107402407
0.088024572
0.220654011
0.06961818
0.066930577
0.191034093
0.195110738
0.120224223
0.060331684
0.182120025
0.065292239
0.121888377
0.11105404
0.076074235
0.156946987
0.154924378
0.196329802
0.225370094
0.088545308
0.250214368
0.227942929
0.316123337
0.259547979
0.248000637
0.147147402
0.163403481
0.251528442
0.100954682
0.071357273
0.245287597
0.198493034
0.054133307
0.097692601
0.180534407
0.0649397
0.050539549
0.11480765
0.054676909
0.096268915
0.095079988
0.15546824
0.160194814
0.082545511
0.023512768
0.048741926
0.052666944
0.028589221
0.201257274
0.227024302
0.260861963
0.123954408
0.038770743
0.182849631
0.202644989
0.116299264
0.077091314
0.053972866
0.028540054
0.048260279
0.045302749
0.030865362
0.02649832
0.093468703
0.045019038
0.039998103
0.217185259
0.157151327
0.136885598
0.213642806
0.134345844
0.068217091
0.121954195
0.156190112
0.141412646
0.01617223
0.040758025
0.050708231
0.06693203
0.029062932
0.051186021
0.158076406
0.053510021
0.189956278
0.283353925
0.312529027
0.23663272
0.200627074
0.257111073
0.238072097
0.249670789
0.249729797
0.25534603
0.072799161
0.175852627
0.132253528
0.046046775
0.17565152
0.124724895
0.054974016
0.237085074
0.216247633
0.139226437
0.122271985
0.287053555
0.256312281
0.23393482
0.262769461
0.239384592
0.043477051
0.029827427
0.032618653
0.026293425
0.047358792
0.046562452
0.083200872
0.199067041
0.283210725
0.234914556
0.136078283
0.253825635
0.2785272
0.211608455
0.075627051
0.348400533
0.309491545
0.224825382
0.093494937
0.281475365
0.266155452
0.360021532
0.397001386
0.337077886
0.340613753
0.372885704
0.175102726
0.395664573
0.367295325
0.304597676
0.225403547
0.297202289
0.214489728
0.333879292
0.262675554
0.058599979
0.286425382
0.059669573
0.247244626
0.268980801
0.260837346
0.296756446
0.090892807
0.27047959
0.13390024
0.137670219
0.210024565
0.07245332
0.077189043
0.233313397
0.236805141
0.066273361
0.241019383
0.320234329
0.244742349
0.180634648
0.310932189
0.375742763
0.32405597
0.327031493
0.443030149
0.444777936
0.33770448
0.206793472
0.038482942
0.035541404
0.027320545
0.103504419
0.055055365
0.258180708
0.324810326
0.384625673
0.244324058
0.121011071
0.180985987
0.205973208
0.130685732
0.039688133
0.153753236
0.183338135
0.101435192
0.049150251
0.210944891
0.227144226
0.218218133
0.23122865
0.222117126
0.252304524
0.14711152
0.182281196
0.152627826
0.227396354
0.178881496
0.384333104
0.267170757
0.183659106
0.239111081
0.410350591
0.241492555
0.198464274
0.34628579
0.356426746
0.232333422
0.120954171
0.277495444
0.2176449
0.21598275
0.059774645
0.152383953
0.180353984
0.259675354
0.241610974
0.218054116
0.164706051
0.234686077
0.034730278
0.054858353
0.024146032
0.095491469
0.312586844
0.277488858
0.350228935
0.358136535
0.227372542
0.255662024
0.246847957
0.242100775
0.049815845
0.057273291
0.071023569
0.161595136
0.046184301
0.262826294
0.124391228
0.024908038
0.039886821
0.041993361
0.040794656
0.110950567
0.072197504
0.058977492
0.282681108
0.230424494
0.218466312
0.191840574
0.202316076
0.033810746
0.041708291
0.06212429
0.229881987
0.023087585
0.032196239
0.086489744
0.033492249
0.118490778
0.077263124
0.124825589
0.27012679
0.340938956
0.298413247
0.2050706
0.260013193
0.029780589
0.165844724
0.062093042
0.164980665
0.378733099
0.304345876
0.39455685
0.240503997
0.072020754
0.146364942
0.164846644
0.150111556
0.239562556
0.154054165
0.235616133
0.298881501
0.317838281
0.266426802
0.260954708
0.288075596
0.187661916
0.324628145
0.240748063
0.148491696
0.321786821
0.391238451
0.100681446
0.365395278
0.565972745
0.158216998
0.280488223
0.534285605
0.558936834
0.490751565
0.582345009
0.578921258
0.357055902
0.214268461
0.097486392
0.460994691
0.416123688
0.073420219
0.18482776
0.472536623
0.335368127
0.12918061
0.278797328
0.366983145
0.412099361
0.468141228
0.417972177
0.47522831
0.528599501
0.407427698
0.32714355
0.124007426
0.316558778
0.358211666
0.344517946
0.305484563
0.34434247
0.253997296
0.200482935
0.140352324
0.28486082
0.329890609
0.419572145
0.310042292
0.357309371
0.447547525
0.27598092
0.300144941
0.378365189
0.379718035
0.501953185
0.340691924
0.270132899
0.222578898
0.126475021
0.162997141
0.164315775
0.078538962
0.082023561
0.079835907
0.073996954
0.058776397
0.09203022
0.082935058
0.182095781
0.127273887
0.111479566
0.178967416
0.336645186
0.251704007
0.514131665
0.603307545
0.577460647
0.495909125
0.169952244
0.35606724
0.40774563
0.174239606
0.070512578
0.276841432
0.232830539
0.300410658
0.325247079
0.389108777
0.241718724
0.442112625
0.170121297
0.182626888
0.10612803
0.075594373
0.044880088
0.151771992
0.123431191
0.110540174
0.155231893
0.227122322
0.251205415
0.227618992
0.273008168
0.422796071
0.537534952
0.288004816
0.208136901
0.572119415
0.591966808
0.243445992
0.173830763
0.644135296
0.622197211
0.285029978
0.602488041
0.644994378
0.60846144
0.553228021
0.264692605
0.232615918
0.510565102
0.59602499
0.406378329
0.555674314
0.317779362
0.34154433
0.381606907
0.316314191
0.359075665
0.458486974
0.54497087
0.548801541
0.574386895
0.586737573
0.292500764
0.205536246
0.272240013
0.174175188
0.154832155
0.336189896
0.493911177
0.137561709
0.12764442
0.25887391
0.1317067
0.064186998
0.104798682
0.138936818
0.2968539
0.493206173
0.396343589
0.49345085
0.529856861
0.556444943
0.528962433
0.349749595
0.467985123
0.357136697
0.496041954
0.530894697
0.383348584
0.304646581
0.336465895
0.335657418
0.382140487
0.349942476
0.350024879
0.420908809
0.401615173
0.451804459
0.456122488
0.330847472
0.408113569
0.288279921
0.184801951
0.293077677
0.433033139
0.367626041
0.250704825
0.334658533
0.347605288
0.346502095
0.151059434
0.271226615
0.302680731
0.299710423
0.073617212
0.277855217
0.360846996
0.173073187
0.069371223
0.264891267
0.248043686
0.106807031
0.137752429
0.225411013
0.151636779
0.125998408
0.180508554
0.143945456
0.18604131
0.186981216
0.058439933
0.060863338
0.054078277
0.074197367
0.149267823
0.204389945
0.233317643
0.127845585
0.113832653
0.363285929
0.29683578
0.093742475
0.24052766
0.346914232
0.25695315
0.217860118
0.192908287
0.049993504
0.111480504
0.077926964
0.144173697
0.213059515
0.082048394
0.133588627
0.302669019
0.26404056
0.262667447
0.124021173
0.089685276
0.063083164
0.092155218
0.087643921
0.065250069
0.03754757
0.082440443
0.086308695
0.046277653
0.042940047
0.081571221
0.09638001
0.043542258
0.057692274
0.106924005
0.190017238
0.062162865
0.066366754
0.152739912
0.248335227
0.071997941
0.11602442
0.130880013
0.164785966
0.22715348
0.130745307
0.131274283
0.166020945
0.149791032
0.106415458
0.181584388
0.160374001
0.198394954
0.20773609
0.102146775
0.201379403
0.291705906
0.209483102
0.165879846
0.147531182
0.091436394
0.155093446
0.054609984
0.03994536
0.061174627
0.058039896
0.051502537
0.055413093
0.057758726
0.095631011
0.19142881
0.14010419
0.133086339
0.116077356
0.033067681
0.027000438
0.047325052
0.026283989
0.037470449
0.030825241
0.11991211
0.135022834
0.254029959
0.172928035
0.134786099
0.124053396
0.101675436
0.114966162
0.106414095
0.081953011
0.020669874
0.013159678
0.008331176
0.026102426
0.011909247
0.031478744
0.047641475
0.219023153
0.202778831
0.085823223
0.123348288
0.016509553
0.014437679
0.012878494
0.062426891
0.121025831
0.032005779
0.056384679
0.34042418
0.183863372
0.127856478
0.281931579
0.100397386
0.30916971
0.478301734
0.195596665
0.383545458
0.440892875
0.348377526
0.20350495
0.284719199
0.273845732
0.497506678
0.443159252
0.425060958
0.441249937
0.458046854
0.124897763
0.0913454
0.095371269
0.253550977
0.210055903
0.022870608
0.028855683
0.020234384
0.01304912
0.01649997
0.015064822
0.019548515
0.025138015
0.062841944
0.25168097
0.321639299
0.114478007
0.156417146
0.047659926
0.04580484
0.23931776
0.293895394
0.331010222
0.282897562
0.331787378
0.316057414
0.27741912
0.399086475
0.280944645
0.089281142
0.262209207
0.258935124
0.027343445
0.047522873
0.2902596
0.119473465
0.018315451
0.116408013
0.125965759
0.017304206
0.019529393
0.071179084
0.061010595
0.027302887
0.031917959
0.071937047
0.108394817
0.105716214
0.091039196
0.120134212
0.090666823
0.049964637
0.063378595
0.080612324
0.065130159
0.063823529
0.085550122
0.029301513
0.028354522
0.014608049
0.010535785
0.009988733
0.073374666
0.09291146
0.129851475
0.011953561
0.016100071
0.053891256
0.022073925
0.01563997
0.039366569
0.221553072
0.033675712
0.026820237
0.236310601
0.248430982
0.056416325
0.11175102
0.248001456
0.227023259
0.16423282
0.104104541
0.083366513
0.048156392
0.049105454
0.074060671
0.045901515
0.083626404
0.028178418
0.01444543
0.012013818
0.013096337
0.026215367
0.033311538
0.039595354
0.115839645
0.020579234
0.124390297
0.058068998
0.168825313
0.150221631
0.056996845
0.10829509
0.202524871
0.179361209
0.167285085
0.099345259
0.160809532
0.05022246
0.097533852
0.081815757
0.24215731
0.208139256
0.237520486
0.321281403
0.391892672
0.355897576
0.231290951
0.202369779
0.215633258
0.237686381
0.15006274
0.314507008
0.469283253
0.093651362
0.266685426
0.509147525
0.315503597
0.171067595
0.447470784
0.507174432
0.137184769
0.295557261
0.538217902
0.210603908
0.16054979
0.301737964
0.518864393
0.081213199
0.22793521
0.422248483
0.140054986
0.14827098
0.270158589
0.328057319
0.286724329
0.382759422
0.503076196
0.536297083
0.423262984
0.156830698
0.525794208
0.56932801
0.359249324
0.518287241
0.597443342
0.56653285
0.217581555
0.547513723
0.576296389
0.534110963
0.160088018
0.456615716
0.553805351
0.507216513
0.143380314
0.486029088
0.530478835
0.286816478
0.313261718
0.296672076
0.321763039
0.357438862
0.209678203
0.357791662
0.161794022
0.49871406
0.45841378
0.319701284
0.36333558
0.392884463
0.23625493
0.262057722
0.376569152
0.240125626
0.304600954
0.356816024
0.406171441
0.435510725
0.130457446
0.223143637
0.280289739
0.073929414
0.175130263
0.196544245
0.065291554
0.037004057
0.154925406
0.184108242
0.173910111
0.171867684
0.095665202
0.132995144
0.164577678
0.145007774
0.04905479
0.078139447
0.088759996
0.123230606
0.254586935
0.222764656
0.292277783
0.074477904
0.357028723
0.102637522
0.116085149
0.369692087
0.415360332
0.45428887
0.319785535
0.481697381
0.546912313
0.448619246
0.232140958
0.55042088
0.573380232
0.437369794
0.306501955
0.206754223
0.466849416
0.090585038
0.303965926
0.15741232
0.20176889
0.163183779
0.199989229
0.208149418
0.039176911
0.157882348
0.208723679
0.072264493
0.035451505
0.161412403
0.13967137
0.120132864
0.08162757
0.083616257
0.021263987
0.01219777
0.01717836
0.031748164
0.018709905
0.043867026
0.306934357
0.443913698
0.065759212
0.078621112
0.346448958
0.103174932
0.053718142
0.240588292
0.195877045
0.064666741
0.025799805
0.201143682
0.185149148
0.033621144
0.042355139
0.18497093
0.184569657
0.1296276
0.194914624
0.082113214
0.143261254
0.120713659
0.168835148
0.177135661
0.115135312
0.06183055
0.200076088
0.159364611
0.088209495
0.191273749
0.218225136
0.074308045
0.135989204
0.055080138
0.107262515
0.106081784
0.168774903
0.27325657
0.379655033
0.284805477
0.431179821
0.292403609
0.196839169
0.071368746
0.237618282
0.0517607
0.143353954
0.059612516
0.074793898
0.088139534
0.075573869
0.022038307
0.034207907
0.03467394
0.025460817
0.222465545
0.043855444
0.390699446
0.497039139
0.317374855
0.16786015
0.097320102
0.199080169
0.080482937
0.29078573
0.42728588
0.393120855
0.429318219
0.427260339
0.501933396
0.400293142
0.220085666
0.155547544
0.131300539
0.029915756
0.038431451
0.13462007
0.093246132
0.022992769
0.061256699
0.124219067
0.10552334
0.083365694
0.090677679
0.081768699
0.052116428
0.302839607
0.215596497
0.141930506
0.234957188
0.161773011
0.1113692
0.135365978
0.125657946
0.083212554
0.158516228
0.115585722
0.095206507
0.176578239
0.149677485
0.15185222
0.095355034
0.093242094
0.087435462
0.10050004
0.182528928
0.207706615
0.310688913
0.332002282
0.239296496
0.285634786
0.243424043
0.135035038
0.211440966
0.267744035
0.324327439
0.135316804
0.53911972
0.524587333
0.506224215
0.541073084
0.681874037
0.575060427
0.517415106
0.649143517
0.747574806
0.586188018
0.459213823
0.716222107
0.68178159
0.513103902
0.215791419
0.572637677
0.477582932
0.29656899
0.155030161
0.251232982
0.181007415
0.090711288
0.112661891
0.085583284
0.102501236
0.06041339
0.130516067
0.096778467
0.428363442
0.133173108
0.219126508
0.396464378
0.107114986
0.304055899
0.347454339
0.564016819
0.543976545
0.296598285
0.383803666
0.103433311
0.119188286
0.252274007
0.107968636
0.15239577
0.107436933
0.195763946
0.062170509
0.04405598
0.130666673
0.07230144
0.147269472
0.094831921
0.206806675
0.441448212
0.347979635
0.23177205
0.148262307
0.179711223
0.091963112
0.131052211
0.177719414
0.108124517
0.149890855
0.162866592
0.03347753
0.100581758
0.170477048
0.171718493
0.055961832
0.116750471
0.223841429
0.112583995
0.065980829
0.129762888
0.177266553
0.052669417
0.107458748
0.149194986
0.091708571
0.106968753
0.090027072
0.030531785
0.140706629
0.085621022
0.073398687
0.09682782
0.133319736
0.118195534
0.089224331
0.049852286
0.069734402
0.115771241
0.114193425
0.055636045
0.054312576
0.149624377
0.059670776
0.239864528
0.082422964
0.136686146
0.130971611
0.126780063
0.160690337
0.05182923
0.169964507
0.064649336
0.111928672
0.179129153
0.414797485
0.503525615
0.273658127
0.625561774
0.693912089
0.401475966
0.374718726
0.709691107
0.669802487
0.370652169
0.343105167
0.646301746
0.169388697
0.214965209
0.262725264
0.308475912
0.122454502
0.095251434
0.130814016
0.146942437
0.610028982
0.503929734
0.669401348
0.696181357
0.68877387
0.514971793
0.604188859
0.534435213
0.638796866
0.404008329
0.304452837
0.659160137
0.493358612
0.162198812
0.060877491
0.274345577
0.209770918
0.109539382
0.097097546
0.197015792
0.198628962
0.132901013
0.137321591
0.107970387
0.114806011
0.090930507
0.212034866
0.068572327
0.109270744
0.156718597
0.111036383
0.199097082
0.220572188
0.338790506
0.240798697
0.480839193
0.270488381
0.507437468
0.380673468
0.448548973
0.463598967
0.273491859
0.226671785
0.310333997
0.174916074
0.19902505
0.341085285
0.167862549
0.141676947
0.192509353
0.269014686
0.387443751
0.379829735
0.315235972
0.24972263
0.209950984
0.263709873
0.194201067
0.163233876
0.236000881
0.248104781
0.226987362
0.163455278
0.267134249
0.412383169
0.393658072
0.416739672
0.297140449
0.481549084
0.190449476
0.450701743
0.373389691
0.027792506
0.100243442
0.022797335
0.030771209
0.020819193
0.077790163
0.029540595
0.035567258
0.046964865
0.046271466
0.270358503
0.082616121
0.217560783
0.408909261
0.464445174
0.334819824
0.363329142
0.265108556
0.297884136
0.28293708
0.289073199
0.27136302
0.269218326
0.030994283
0.036708534
0.046309903
0.065604955
0.02997903
0.025966274
0.057064645
0.130655795
0.167670175
0.162711754
0.281722814
0.433564216
0.365138918
0.166933507
0.441210121
0.515233934
0.304056972
0.258209765
0.517291427
0.502364337
0.516672611
0.539446115
0.444940209
0.470696032
0.549527764
0.054965258
0.0706928
0.386382401
0.188076302
0.092812136
0.323086351
0.283238113
0.237204418
0.163757578
0.035675105
0.072574474
0.261762828
0.151868224
0.210502774
0.27453801
0.237295449
0.288292855
0.292351097
0.350885153
0.291840672
0.245336846
0.072677352
0.068784796
0.121065989
0.078506015
0.082647182
0.069072329
0.092160769
0.289817214
0.383249938
0.328304291
0.402489275
0.415557772
0.355626792
0.288715303
0.207050771
0.28619495
0.313572645
0.156279862
0.28609857
0.38089931
0.262816191
0.467685431
0.457005501
0.238442257
0.278380036
0.265356272
0.108125061
0.186623409
0.169355556
0.13050434
0.147074968
0.108720563
0.084493898
0.194063991
0.168332204
0.226132631
0.312113255
0.273708016
0.288657308
0.11329633
0.100013256
0.179633707
0.220111117
0.21962212
0.152756914
0.186483741
0.256587267
0.26483798
0.441120356
0.422432244
0.37379095
0.474074632
0.453920662
0.397238523
0.391474664
0.311203122
0.235566854
0.119581155
0.16307205
0.380271018
0.114277951
0.103451483
0.410082966
0.458119035
0.138209492
0.421645373
0.484941244
0.478369117
0.321346641
0.065495513
0.054351654
0.060818646
0.085910559
0.446137458
0.179356024
0.384823382
0.444642186
0.270978898
0.376323938
0.384172916
0.234139904
0.430096239
0.384089172
0.330647469
0.380599588
0.36627081
0.326838642
0.333416939
0.373674899
0.319975883
0.267679662
0.3920542
0.369042456
0.296655983
0.411622018
0.388084024
0.462232828
0.490151942
0.514403164
0.455712885
0.45033884
0.067729101
0.056429427
0.029644068
0.079687856
0.034888357
0.107734419
0.128463611
0.155564517
0.219800964
0.340184838
0.260379374
0.310611337
0.206266239
0.145729348
0.03699201
0.173223168
0.04862592
0.086885348
0.28907761
0.211930737
0.474657446
0.284657359
0.281872898
0.365063667
0.353103518
0.269910842
0.233266398
0.245587826
0.146476865
0.217912197
0.070946589
0.181528658
0.056570601
0.277330101
0.099107958
0.161817953
0.278536022
0.249371484
0.236777365
0.203689829
0.266912818
0.051961847
0.124257334
0.358732343
0.480996251
0.174857602
0.403582007
0.136727706
0.176540211
0.50226593
0.274131447
0.410092264
0.392351598
0.208015591
0.319754481
0.089976974
0.152599916
0.109682374
0.068159707
0.154673681
0.183418378
0.091942973
0.108200319
0.322070926
0.246034354
0.080758512
0.362417638
0.46311298
0.408473164
0.35650903
0.256252557
0.228942707
0.026434869
0.034454696
0.129926905
0.115934238
0.026035897
0.061104644
0.089775078
0.082306229
0.078739837
0.059576586
0.046283014
0.10379459
0.064504996
0.090805896
0.09508273
0.096888728
0.095595554
0.018098297
0.03495355
0.103527986
0.031695232
0.018421223
0.101257384
0.084402099
0.077755652
0.120678954
0.154949173
0.065570243
0.410147578
0.128537953
0.483678728
0.393002212
0.052189466
0.10861434
0.499842435
0.043800168
0.023766417
0.129001915
0.370026559
0.429968655
0.220327228
0.174122497
0.061731964
0.074373677
0.304553896
0.146462485
0.016675483
0.14234814
0.223286867
0.088919237
0.029039342
0.051040661
0.108103737
0.087607212
0.087692238
0.134776667
0.0499934
0.1888493
0.208337367
0.164998293
0.146465138
0.051120311
0.088369794
0.155564979
0.081492335
0.085542619
0.151264623
0.139696792
0.094243191
0.240263984
0.184904933
0.073544353
0.087129936
0.566135406
0.530677855
0.448351324
0.579176664
0.513193488
0.6427356
0.5830369
0.418318838
0.565890193
0.575418115
0.403568834
0.096679799
0.193740875
0.528652072
0.133083388
0.102242939
0.058874846
0.252687335
0.098010652
0.11271406
0.13492389
0.123087801
0.084656671
0.136269748
0.199547261
0.189374521
0.164382696
0.143235922
0.285889596
0.308752179
0.277250379
0.629632592
0.325856209
0.05676537
0.645958602
0.68471998
0.194994614
0.083703935
0.681451857
0.561101496
0.14401795
0.504643798
0.710729361
0.093385346
0.510176539
0.661108673
0.581281185
0.193334863
0.37824747
0.634845734
0.497182965
0.613386691
0.647361159
0.473312378
0.457543999
0.338826358
0.570282757
0.203944936
0.077196918
0.213994846
0.568915308
0.184102729
0.186931342
0.511073232
0.718707144
0.569551408
0.646538079
0.657905042
0.646429062
0.220226467
0.561280072
0.538140178
0.272852808
0.295383424
0.160116494
0.206875488
0.168532342
0.177134603
0.145068422
0.17800808
0.130918711
0.134861752
0.067344725
0.08458481
0.108997598
0.111731403
0.099918194
0.168790773
0.182750151
0.1770228
0.367678046
0.318251759
0.269192129
0.552167714
0.242795393
0.29477188
0.27820766
0.454804182
0.19547601
0.110287182
0.352389842
0.254140824
0.436338902
0.228027716
0.44913885
0.46688506
0.521879733
0.418031394
0.538408756
0.533966184
0.518715262
0.536626339
0.475452125
0.217804953
0.156599596
0.188317329
0.564562142
0.727437437
0.657401025
0.561268091
0.578001142
0.668766499
0.617215574
0.41167599
0.211693019
0.504843235
0.500399351
0.212852687
0.281253427
0.114671506
0.099640384
0.198036581
0.190307945
0.132857129
0.16066739
0.226003125
0.156017482
0.117691308
0.083117798
0.079374291
0.104676381
0.116050206
0.107811168
0.16097118
0.061384089
0.164888456
0.36644876
0.523034692
0.192117959
0.168382853
0.168762937
0.056172729
0.056670621
0.062057976
0.071365185
0.092621185
0.142251968
0.106695041
0.2831375
0.203058586
0.10424605
0.552393198
0.554799497
0.095901743
0.606764495
0.671245039
0.37033546
0.093883626
0.601272285
0.598810911
0.168467134
0.180740401
0.598672092
0.604526341
0.378618926
0.328544289
0.206936151
0.390599698
0.514213681
0.515348613
0.459128082
0.257784992
0.113054298
0.202195317
0.200113431
0.081321076
0.299799234
0.546593189
0.62814784
0.669375896
0.385290772
0.544267535
0.421575427
0.356393129
0.211343497
0.166701421
0.425172865
0.18462047
0.516909301
0.137101188
0.108841933
0.06028581
0.067527391
0.23249428
0.196603417
0.247127324
0.281093031
0.274920076
0.195968956
0.155504584
0.040547788
0.227574065
0.219159931
0.275067002
0.134433612
0.262272
0.313925564
0.326597899
0.256505072
0.257377774
0.301093847
0.225251168
0.374996752
0.31289953
0.033915594
0.266638637
0.481860399
0.105129451
0.042509906
0.534595728
0.466814697
0.025014423
0.07358405
0.557421565
0.219629914
0.089085259
0.480463922
0.558439136
0.097299732
0.197502032
0.511598647
0.542240381
0.553100467
0.50863117
0.435686141
0.501956761
0.455287367
0.422173321
0.302551568
0.410356879
0.370643735
0.099592857
0.049809638
0.025090674
0.119846486
0.030872405
0.023355788
0.053401258
0.063672684
0.195200205
0.033869896
0.029287819
0.140054405
0.154019818
0.404557288
0.287591368
0.452940047
0.389417768
0.526802182
0.046516836
0.266404986
0.056655433
0.063133903
0.052974056
0.075783238
0.059099481
0.137555614
0.078902878
0.069150642
0.479117006
0.409278095
0.422799647
0.432427317
0.433805823
0.37961784
0.377947003
0.324827433
0.165775314
0.48808676
0.209682971
0.39448002
0.436290652
0.22103785
0.291507602
0.124851547
0.142678022
0.096414022
0.061241236
0.113949679
0.13626568
0.016939329
0.103305683
0.029626748
0.07898324
0.098242462
0.089244649
0.059206612
0.097593784
0.107515872
0.145036668
0.09659218
0.178685427
0.139644787
0.209602773
0.368207693
0.288671046
0.470107317
0.246817157
0.075186744
0.42535463
0.372077912
0.039362315
0.043224797
0.18146199
0.035768431
0.017788172
0.036171183
0.039790377
0.017952535
0.015586434
0.030042898
0.050702084
0.048546348
0.026888313
0.030412316
0.11491973
0.219655201
0.173666686
0.310334027
0.242430404
0.26675424
0.245764345
0.144137457
0.224628046
0.143366098
0.223361462
0.229278982
0.194595024
0.192610234
0.023216859
0.053648453
0.17231749
0.156127557
0.162348926
0.132900044
0.155408502
0.208431408
0.144884184
0.099225044
0.098245434
0.091041662
0.100132383
0.097034916
0.038349506
0.092262685
0.151637807
0.127628386
0.046990655
0.083643027
0.109496832
0.160538465
0.180505291
0.188099533
0.179936424
0.140085831
0.174817383
0.208132148
0.120822601
0.179101422
0.116461203
0.051554531
0.249532446
0.127122626
0.120894767
0.194849297
0.07593067
0.043596126
0.269409657
0.298757195
0.04496564
0.193102479
0.345901638
0.125332609
0.061820652
0.30456686
0.317255944
0.07773713
0.167436495
0.311436743
0.205727264
0.21922709
0.253938466
0.380744427
0.366732836
0.26161477
0.44191882
0.49667725
0.25183934
0.572613955
0.507730186
0.099678375
0.577852547
0.566802561
0.425358504
0.11104849
0.540679514
0.451571167
0.176424176
0.478819996
0.477138549
0.263695806
0.171998397
0.34783414
0.232718691
0.131540462
0.028959731
0.030369997
0.010101509
0.029219696
0.010566914
0.20211719
0.111341923
0.007985225
0.01199714
0.057889447
0.139126301
0.00805707
0.018969556
0.075604506
0.007294445
0.058108665
0.08440803
0.076464571
0.016479354
0.064667962
0.092012621
0.080948986
0.062062498
0.054831479
0.082431167
0.048329052
0.077644013
0.032175846
0.031617776
0.013876379
0.101084627
0.151610717
0.212660447
0.171951666
0.037786473
0.135552824
0.031179359
0.123370118
0.108749904
0.081306808
0.095754571
0.179837227
0.227732643
0.150425598
0.132222876
0.113840997
0.145738006
0.113846011
0.112656288
0.049397115
0.109830402
0.092936583
0.068438746
0.015268046
0.068834558
0.077353567
0.024008766
0.042405978
0.057855286
0.086415023
0.028726364
0.031996202
0.075837784
0.089822203
0.054113999
0.042704575
0.059839774
0.079411544
0.03668724
0.072137378
0.104402617
0.100648075
0.075718895
0.069012895
0.041371062
0.099132098
0.034856871
0.011994348
0.069059692
0.072240576
0.011879505
0.07908906
0.079711072
0.060027085
0.058511473
0.093186945
0.079546176
0.020274166
0.064623676
0.107607186
0.0439048
0.167305678
0.092940524
0.065295763
0.090949662
0.081410892
0.131478265
0.051258042
0.285387754
0.053668525
0.051974185
0.042686097
0.090877838
0.049563903
0.294999748
0.663132012
0.357084572
0.075411521
0.814433992
0.752122581
0.352686763
0.048187926
0.82086587
0.618472457
0.189001739
0.116750143
0.82208693
0.531948507
0.220310554
0.563676238
0.712731421
0.30565232
0.425647616
0.637583554
0.435238123
0.599234462
0.136704668
0.719296038
0.108312637
0.261735976
0.229435652
0.163011432
0.324120671
0.107993446
0.158263415
0.119794212
0.120747268
0.080876425
0.114226177
0.11291565
0.044558365
0.082036152
0.079941511
0.020892907
0.015492801
0.094725214
0.060945917
0.033170469
0.054984558
0.078390047
0.035927311
0.029271314
0.067766875
0.050784077
0.053889528
0.13696073
0.091862425
0.152384102
0.287853986
0.562372565
0.420046657
0.669224024
0.677355349
0.35816434
0.608720243
0.794939578
0.544403732
0.200322896
0.701773882
0.743947506
0.233933523
0.066540882
0.710362554
0.283540636
0.118924081
0.136879921
0.218309462
0.182697386
0.613900781
0.344261348
0.802118719
0.812666476
0.837834179
0.81855154
0.682211101
0.80711174
0.21562387
0.135951743
0.200345978
0.223256141
0.426021695
0.100348026
0.093145542
0.256863832
0.427385956
0.115155324
0.088888474
0.326947391
0.105016366
0.139298812
0.194983125
0.265304327
0.188296303
0.198936388
0.126808524
0.193290398
0.346271098
0.231005341
0.10770151
0.579818845
0.471504927
0.139383629
0.119475171
0.658143103
0.513299644
0.113083154
0.635914683
0.546302676
0.165988624
0.090154231
0.612276256
0.528043509
0.153258085
0.043080378
0.083748452
0.098706603
0.05477431
0.102549933
0.12305446
0.150623232
0.157438055
0.126233041
0.115599461
0.254159302
0.168155342
0.139686301
0.362941355
0.361609638
0.198090434
0.100546643
0.402363598
0.278171271
0.271689236
0.258359343
0.328311324
0.275837392
0.384005964
0.314643264
0.362345129
0.203882024
0.283932865
0.237734646
0.319330722
0.211002916
0.253918499
0.356873214
0.334868342
0.322972327
0.440123647
0.591099679
0.456396163
0.373987108
0.677302718
0.644565225
0.158786744
0.662453532
0.726713359
0.705088139
0.116063118
0.718345821
0.749592423
0.089332908
0.1601156
0.691485882
0.695936024
0.087560117
0.139170557
0.641357124
0.592387378
0.236920729
0.21218738
0.098487526
0.17762439
0.213399366
0.206504345
0.221528262
0.339033216
0.287385702
0.140124947
0.563531816
0.568281591
0.681162119
0.53763175
0.377978504
0.643507063
0.542152226
0.286234617
0.390589863
0.566013515
0.49921757
0.495475262
0.399973303
0.279274881
0.400160611
0.198828205
0.153426751
0.120625198
0.114361644
0.161713243
0.14654623
0.093117826
0.105470151
0.188828006
0.146578759
0.034188174
0.036331531
0.051901259
0.220748469
0.045583103
0.047620904
0.049199183
0.330002666
0.314380318
0.091230214
0.384138912
0.184778497
0.540002882
0.499661356
0.497044444
0.556085169
0.416035265
0.495015144
0.403057396
0.286979824
0.483335227
0.121379264
0.192170158
0.369781077
0.410467178
0.089788981
0.207474992
0.173382103
0.030549129
0.143359274
0.186521798
0.128451705
0.125594303
0.137445793
0.156835988
0.197865695
0.036672026
0.379683495
0.043884724
0.061606225
0.469369978
0.481903195
0.121385537
0.069362149
0.479192406
0.14586775
0.150454298
0.439316452
0.505270422
0.289799333
0.272353858
0.193369433
0.252427727
0.171837717
0.165458694
0.228468984
0.0280819
0.127400622
0.173060313
0.371200442
0.018738214
0.046882655
0.034926668
0.173440397
0.10229665
0.054094654
0.156609297
0.216450259
0.16821669
0.456179082
0.408423662
0.552174091
0.150164172
0.317612827
0.480844468
0.496490836
0.037751012
0.327668548
0.523232818
0.310192436
0.056619406
0.300401062
0.280954152
0.138881117
0.15998742
0.213086218
0.126931593
0.093652964
0.049799301
0.056952696
0.071485668
0.084680803
0.07453578
0.17274271
0.154301494
0.169976339
0.152719826
0.054843616
0.025552174
0.040513687
0.062606864
0.013420714
0.017355395
0.036014132
0.118802138
0.031337224
0.184462398
0.248090133
0.178535327
0.166629508
0.119063511
0.031224633
0.080235451
0.040540814
0.035917025
0.046918489
0.05462892
0.037926584
0.028393881
0.05271969
0.081326142
0.014664138
0.043120027
0.117963701
0.176796734
0.040115148
0.10762281
0.194570541
0.17335774
0.164265066
0.171307206
0.097343668
0.028194154
0.013233178
0.016306372
0.01506198
0.014839391
0.05489492
0.046634458
0.063947506
0.105816983
0.179628313
0.109135628
0.097872838
0.131107271
0.094759718
0.17183128
0.121352889
0.17071563
0.162805438
0.074526705
0.093951099
0.058388375
0.056964073
0.057029787
0.050219674
0.027405046
0.049158867
0.050701853
0.009978797
0.010622777
0.04588658
0.039684523
0.023567704
0.013734381
0.055510625
0.109994948
0.032665972
0.025094653
0.062130071
0.127886295
0.06873586
0.068112418
0.096051522
0.135174915
0.110589609
0.087059222
0.11655169
0.15645428
0.134812176
0.122082233
0.100941911
0.108828314
0.160106853
0.112247445
0.163994119
0.197048515
0.146275848
0.035210814
0.055774767
0.142770708
0.024356134
0.014445517
0.02183301
0.016502425
0.039132066
0.056822717
0.049816299
0.089489914
0.074795716
0.040515654
0.019469079
0.097413376
0.063272238
0.043447647
0.084071524
0.163447484
0.075651921
0.045145921
0.198639408
0.14419198
0.042726234
0.10850469
0.245573908
0.138030648
0.049274985
0.196830407
0.230658442
0.140697002
0.078095257
0.224441692
0.234918326
0.16553241
0.142007574
0.178729266
0.235118181
0.140162617
0.044399254
0.195734128
0.165999934
0.189228967
0.176496536
0.127299532
0.051559217
0.127592534
0.173525885
0.035339478
0.12434154
0.069597438
0.078796335
0.100240521
0.102628134
0.101887129
0.169968635
0.148718491
0.204049379
0.030005757
0.154195622
0.218021706
0.219887227
0.154274732
0.024334688
0.175619885
0.23111546
0.122698732
0.041570578
0.235427782
0.181314111
0.085176811
0.172212288
0.243319318
0.160332873
0.163865224
0.403983027
0.552513957
0.192342117
0.336516887
0.713170111
0.6607005
0.204394713
0.676012099
0.734542429
0.342341334
0.429948837
0.753506899
0.613392532
0.743056655
0.73783046
0.691108167
0.543764353
0.420410782
0.698036075
0.484476805
0.26428327
0.416401058
0.246645808
0.262519568
0.189058766
0.370160133
0.147553712
0.158527181
0.143823594
0.115960978
0.100774437
0.10811983
0.13949956
0.127772078
0.121264048
0.182175919
0.210106343
0.124804564
0.210603297
0.305439502
0.504510522
0.272714943
0.319327086
0.524780869
0.633798957
0.463963449
0.415193975
0.618957222
0.732988179
0.490243971
0.50869447
0.706202328
0.565726876
0.451143354
0.580504119
0.704046071
0.564319611
0.561547101
0.535126507
0.601424456
0.46739307
0.38052243
0.373369008
0.569048643
0.507542074
0.235987872
0.400978476
0.570376098
0.497378349
0.250050038
0.450657785
0.478848577
0.388967276
0.200568184
0.107821211
0.156949461
0.352109909
0.306813985
0.082959242
0.340683222
0.312221944
0.090649486
0.297216535
0.576914907
0.375627846
0.216465488
0.385269701
0.365508199
0.214680895
0.23598747
0.341637552
0.072128318
0.133829266
0.26765126
0.072322942
0.014126073
0.191165373
0.294150084
0.034407951
0.016405554
0.200132117
0.145251453
0.01304074
0.121057592
0.173556373
0.123586431
0.032029241
0.191045329
0.277998269
0.381826371
0.262261093
0.398664743
0.196966618
0.119190045
0.029428892
0.133047536
0.103561625
0.024257051
0.047636822
0.107524343
0.168816
0.045571961
0.132839322
0.086724214
0.074054934
0.035955396
0.054205131
0.063591406
0.065839306
0.074436165
0.066413306
0.075138211
0.143090338
0.053514566
0.131829008
0.149913803
0.05752768
0.043151133
0.020457137
0.044877287
0.051804397
0.012196673
0.021097671
0.051648032
0.016432291
0.008232052
0.056858145
0.039041352
0.049038377
0.038300522
0.072921731
0.020866005
0.325192928
0.115192845
0.06711024
0.414392769
0.432308853
0.132360533
0.26852262
0.447694242
0.342251182
0.164460897
0.327827036
0.474317819
0.244946033
0.345903784
0.218783036
0.31073302
0.252465785
0.15401043
0.161095753
0.157752186
0.158613205
0.159007043
0.262634367
0.204122782
0.214945406
0.258927852
0.229206204
0.148516998
0.203411236
0.27981782
0.231226161
0.129429519
0.199906066
0.240135804
0.182478338
0.16422011
0.219435483
0.210802183
0.215680078
0.196204647
0.219990477
0.199185744
0.209450155
0.161451921
0.17400369
0.288167
0.183067679
0.154319808
0.135143191
0.182329237
0.14324607
0.12871322
0.096430749
0.046868533
0.096320868
0.081007116
0.029296007
0.060447335
0.065573044
0.056635458
0.035297677
0.162190378
0.059361514
0.018797321
0.054954994
0.193950877
0.049409267
0.075088128
0.08029554
0.107815064
0.101653092
0.025254255
0.024475897
0.141707361
0.092468783
0.077311926
0.06231663
0.098117791
0.075771883
0.0677123
0.161352485
0.1254697
0.147914618
0.157736495
0.150574967
0.053450737
0.110683359
0.178288892
0.133993402
0.080033205
0.189499632
0.200019032
0.045458265
0.177707896
0.33532542
0.290459454
0.106136911
0.06281241
0.294292241
0.387666702
0.046956822
0.132941306
0.402507395
0.397937328
0.053013843
0.282875448
0.46861735
0.095379375
0.084301844
0.315010965
0.357563674
0.206143737
0.21993883
0.114258215
0.205005661
0.267452598
0.155818418
0.137414336
0.798297405
0.50595063
0.19268471
0.817896664
0.679336607
0.213213533
0.726768911
0.843457758
0.539459884
0.583561361
0.241357595
0.231491968
0.379873335
0.136317924
0.733458877
0.505472422
0.284889698
0.462434769
0.382630467
0.559767485
0.355754435
0.363709778
0.785402119
0.635724962
0.420763731
0.680362582
0.849524975
0.60020715
0.473506421
0.784385979
0.742571294
0.48673448
0.331536323
0.789044678
0.586541772
0.318659395
0.126721039
0.63630116
0.447400093
0.235805854
0.293466091
0.17995429
0.645008445
0.799847841
0.82981509
0.200994924
0.522946715
0.270514965
0.563058734
0.48715511
0.141226903
0.044150151
0.095174551
0.242757618
0.228691638
0.093990333
0.308642268
0.052363023
0.302902043
0.387747854
0.326850325
0.058779243
0.329005271
0.495281011
0.141273335
0.221523613
0.352941602
0.322265089
0.100090362
0.191847593
0.388000935
0.311087638
0.09633185
0.079026088
0.159965694
0.21051462
0.17937763
0.232887372
0.296945691
0.299617231
0.325248659
0.240440384
0.101116955
0.070054613
0.156375557
0.051366337
0.23058778
0.058506839
0.278798372
0.277419537
0.183684602
0.235630244
0.14857246
0.133123174
0.08928781
0.113007329
0.039577205
0.10322015
0.055560388
0.090616271
0.043529034
0.056212872
0.079389833
0.279807806
0.111057669
0.064988047
0.082251951
0.046518527
0.049944449
0.093704201
0.049710773
0.069443859
0.038502507
0.062516786
0.133896902
0.092261076
0.218946144
0.206120551
0.313690782
0.202899083
0.244311437
0.106253959
0.289160252
0.110992551
0.248875812
0.230001807
0.276951194
0.230490431
0.054548644
0.31894201
0.302406192
0.102398127
0.101831935
0.405234218
0.314371139
0.41078487
0.278362721
0.400099099
0.355733305
0.656844378
0.503035426
0.180923864
0.694523215
0.735016704
0.426216543
0.487045646
0.321136355
0.289011449
0.538591206
0.532123566
0.514673412
0.494511575
0.593339622
0.705765665
0.673446059
0.492307305
0.227786854
0.615143716
0.578334987
0.08477506
0.460662425
0.405923873
0.101701349
0.279881477
0.391501814
0.409269601
0.506412148
0.494093031
0.478924543
0.518354774
0.512222171
0.486728579
0.487196594
0.454290897
0.453423381
0.543726265
0.312861741
0.342615128
0.32235679
0.180127829
0.023497164
0.045509931
0.124504022
0.067408741
0.172538698
0.361584395
0.418659836
0.381587237
0.360319525
0.188978076
0.172654405
0.151738614
0.0221812
0.167871967
0.187676206
0.051039483
0.055240586
0.185713127
0.267855793
0.299507767
0.325677395
0.058052223
0.286934018
0.116394766
0.033170532
0.024601003
0.030378651
0.181191862
0.252749383
0.169172406
0.300394952
0.277437985
0.08093185
0.158143967
0.200445771
0.246671468
0.248251066
0.317667842
0.240779683
0.273685098
0.225151077
0.320740104
0.189564526
0.384532183
0.307973415
0.135017857
0.223750189
0.241445705
0.20558244
0.177859291
0.153839871
0.169166431
0.195818454
0.139431804
0.104036383
0.211708173
0.151033655
0.063641675
0.246109515
0.192946345
0.231892362
0.186649323
0.213379562
0.212243319
0.020656101
0.021401057
0.045179166
0.027529491
0.022778213
0.077640399
0.129925892
0.383277506
0.342110157
0.294407248
0.236823931
0.139043033
0.210280046
0.042081211
0.205963403
0.183616355
0.245770514
0.159353554
0.096751519
0.047316819
0.198769361
0.171737209
0.046755299
0.126135483
0.186147124
0.226968929
0.049795829
0.286276162
0.189215481
0.216066733
0.155663058
0.060792703
0.288301796
0.330529273
0.311651558
0.235147968
0.323529065
0.287794113
0.266554594
0.293135613
0.25392434
0.256360203
0.24088861
0.255542874
0.235696793
0.15639022
0.24397859
0.052050348
0.260678679
0.015762441
0.012765582
0.024923392
0.017935444
0.191452667
0.042730283
0.318604112
0.320290685
0.234726056
0.243765011
0.306291431
0.261299878
0.160854444
0.266832322
0.036240086
0.244993925
0.251456827
0.023548694
0.067353509
0.260543317
0.208120272
0.026962301
0.232310906
0.251816064
0.270961583
0.21110937
0.302649617
0.241375729
0.258641839
0.309497476
0.379699439
0.302801996
0.246882528
0.278198034
0.084829055
0.219451725
0.048210509
0.026907584
0.01388476
0.035864156
0.040958717
0.325065106
0.160721391
0.251062512
0.309950262
0.286387771
0.25703454
0.267825723
0.295783877
0.178177044
0.102763638
0.27956605
0.275575608
0.101514108
0.158663437
0.276430041
0.251282394
0.241776183
0.232002109
0.045292724
0.151528031
0.139189795
0.02302869
0.035405524
0.038543019
0.177665666
0.087104365
0.338681132
0.416863054
0.523200154
0.374896049
0.52479589
0.451817572
0.261459082
0.511237144
0.490558237
0.557803571
0.556620538
0.470275223
0.531238317
0.532747209
0.391049683
0.251587987
0.075292431
0.385416776
0.345763415
0.045814175
0.148078859
0.258009225
0.25368467
0.249956951
0.247780636
0.199897155
0.148977816
0.176094368
0.043493174
0.054799482
0.042171899
0.059296232
0.091836154
0.378422946
0.134880111
0.531778634
0.48558268
0.545475006
0.536427915
0.558774352
0.524166107
0.518050015
0.498287141
0.518680155
0.472220629
0.569957495
0.533958316
0.232041925
0.579703629
0.567380071
0.5268628
0.376606911
0.437418073
0.522151828
0.497797459
0.111088812
0.476576209
0.491953492
0.307890445
0.267083764
0.171051651
0.169738978
0.082145452
0.03787769
0.096414939
0.113137141
0.074275829
0.404214591
0.333022892
0.109106839
0.451942503
0.513868034
0.12731868
0.283483744
0.41795814
0.38017112
0.358119369
0.178471357
0.145052627
0.412610173
0.506539047
0.142692253
0.420008719
0.498716503
0.529058695
0.374314606
0.3484689
0.351101398
0.352186173
0.264157563
0.394588798
0.123565845
0.716047585
0.094594255
0.60103935
0.600440025
0.05939566
0.34009099
0.535096526
0.243002504
0.378934145
0.12554428
0.176380947
0.191797882
0.205686271
0.206242487
0.16217503
0.113953583
0.214084715
0.08227475
0.272472471
0.514891744
0.462015003
0.291562468
0.376684129
0.276125431
0.178742602
0.22412093
0.28006345
0.04194599
0.310442179
0.060752362
0.140835002
0.09916494
0.661824286
0.110610582
0.50230366
0.336639613
0.247916996
0.302370101
0.190233409
0.278403103
0.208153248
0.211712569
0.229095265
0.098136537
0.210067257
0.078283802
0.246530935
0.043577183
0.624180198
0.293470204
0.726998448
0.673595846
0.499361187
0.456723541
0.150637463
0.260632485
0.029801069
0.172458157
0.056623634
0.18940419
0.169792727
0.17654784
0.210593566
0.118198171
0.181129932
0.139260173
0.099309541
0.185358748
0.232566133
0.155415699
0.209901497
0.262079716
0.210324749
0.174802125
0.323483586
0.321313351
0.17663376
0.140329167
0.472252369
0.51841104
0.548691869
0.479647726
0.395855635
0.067373775
0.334419221
0.035032626
0.344274729
0.061172742
0.140859395
0.044631582
0.171889022
0.149360016
0.206644446
0.248464361
0.215393662
0.262176245
0.174284786
0.176237941
0.033094127
0.181738749
0.079336591
0.138289422
0.218697011
0.11566034
0.268535852
0.304953784
0.288285047
0.464736253
0.464053601
0.557623446
0.654038489
0.744091511
0.530870438
0.373984933
0.582402945
0.758824468
0.535269618
0.291815966
0.762387276
0.742093623
0.478685439
0.403011233
0.765593529
0.592786908
0.432605028
0.574053347
0.681149721
0.493042916
0.402878702
0.339735836
0.655240357
0.518232644
0.307599694
0.367482066
0.428955555
0.379941493
0.650452554
0.291430593
0.456883699
0.647786677
0.474820942
0.693417847
0.394172341
0.310394466
0.611655951
0.516318619
0.463820696
0.636535048
0.525040865
0.517533541
0.682550788
0.64779222
0.766609073
0.70501411
0.61748755
0.429935575
0.327951372
0.229227915
0.583209693
0.635515511
0.751531363
0.20225741
0.728323042
0.292573631
0.356686741
0.353345543
0.412309736
0.587174237
0.361695975
0.559236348
0.68738389
0.405321002
0.489868611
0.531728089
0.542531073
0.738337517
0.734245181
0.774213433
0.767733514
0.770639002
0.745793819
0.719461679
0.733464181
0.445151538
0.59791857
0.333348125
0.43757543
0.463870049
0.267235994
0.339169562
0.087730289
0.056891616
0.109873287
0.223418429
0.159202963
0.288056582
0.122428335
0.210676283
0.383868754
0.400297165
0.324010313
0.384051204
0.248282999
0.333719552
0.330427796
0.085456491
0.144179389
0.259293735
0.026385605
0.042184319
0.17650196
0.141581729
0.018713398
0.070630305
0.082057193
0.064912781
0.061692022
0.069876112
0.094032615
0.059388824
0.045048609
0.075244889
0.10512878
0.075840704
0.100531377
0.055438183
0.087812573
0.146472529
0.085230447
0.164141059
0.209518611
0.168132886
0.276290834
0.180899993
0.027019812
0.156048045
0.018321417
0.018118571
0.077348024
0.011272247
0.063168369
0.075971112
0.079327926
0.072134733
0.078685716
0.069193237
0.058159795
0.054107554
0.01674114
0.007362326
0.008093861
0.007720181
0.027736321
0.04704516
0.090511069
0.087349191
0.426369697
0.098484926
0.621409833
0.360381991
0.436773747
0.085786991
0.07036747
0.08126267
0.105270833
0.024387136
0.017753106
0.04145781
0.096966527
0.011559882
0.006940386
0.094043523
0.101033606
0.011712964
0.063657843
0.094255999
0.093603842
0.074460842
0.082094982
0.112840593
0.121222883
0.099164121
0.115142792
0.033872932
0.056889866
0.053678021
0.018822102
0.0221112
0.07130383
0.056155741
0.016462715
0.05509302
0.009339548
0.049343947
0.005057164
0.014292693
0.020928675
0.044473857
0.024715545
0.052332286
0.025972383
0.106338628
0.115471549
0.130993918
0.331205457
0.357428938
0.27136308
0.432932615
0.363485157
0.432858437
0.511841297
0.493509173
0.619743526
0.442152083
0.583690524
0.366416037
0.036513112
0.261781663
0.115072876
0.178839892
0.107150383
0.160994485
0.219375625
0.205878526
0.277772069
0.503560066
0.27817148
0.106037706
0.046599783
0.34251982
0.060176231
0.174530059
0.516051233
0.050133213
0.039046969
0.124486558
0.092417613
0.128382653
0.132512912
0.224819601
0.294526815
0.597708642
0.594896674
0.449664235
0.552064478
0.470192075
0.508830488
0.186398536
0.511535287
0.568181813
0.606774628
0.598104835
0.110559985
0.182634145
0.089441605
0.156870186
0.129261196
0.088306025
0.092514284
0.07648582
0.068558529
0.118020095
0.036341734
0.023708597
0.124352299
0.082559198
0.016094882
0.076980449
0.118391819
0.064490236
0.035048202
0.118123718
0.101174295
0.046572059
0.076022111
0.056845862
0.02640005
0.087450415
0.009796218
0.011483716
0.0078154
0.072602458
0.103990741
0.380111784
0.19826296
0.657492638
0.593270242
0.373663485
0.521714628
0.085971691
0.405865014
0.157749102
0.038070396
0.10948579
0.428511053
0.195322961
0.256799042
0.522119403
0.214294553
0.258290976
0.055036429
0.10522943
0.077611208
0.205987617
0.155970767
0.075785004
0.027183915
0.272666842
0.127618492
0.047247592
0.078669816
0.172695085
0.095560215
0.021373186
0.148539066
0.123016655
0.096058726
0.037374981
0.118542477
0.12067987
0.109802827
0.130549818
0.136287898
0.171182692
0.313542306
0.191482842
0.504468799
0.371248931
0.316327363
0.399003297
0.292446047
0.566813767
0.502554476
0.508135736
0.603038609
0.656196535
0.609272778
0.523448825
0.323208779
0.103596419
0.207024246
0.079801448
0.055912204
0.064901724
0.099016838
0.01463637
0.08083313
0.10263893
0.105667271
0.075433768
0.054993149
0.077765442
0.068182245
0.020797003
0.018517829
0.228630692
0.077420048
0.520319343
0.115461692
0.164109379
0.357631058
0.529665887
0.59326601
0.489190191
0.550355077
0.523726761
0.642918169
0.574888945
0.231489852
0.408373982
0.375769585
0.291872352
0.171534106
0.100413851
0.138443694
0.135366812
0.043253448
0.019241573
0.129157573
0.055461794
0.029193074
0.055893362
0.126502082
0.017722398
0.016670166
0.105695389
0.1106828
0.01025892
0.010532465
0.108231656
0.078425914
0.023222893
0.052468382
0.088470742
0.073284738
0.072568923
0.299968272
0.283056706
0.326484561
0.316616684
0.280535668
0.324618995
0.274253637
0.296795964
0.338364333
0.318269312
0.303459525
0.253706396
0.370507598
0.396679014
0.362133205
0.322775811
0.445280224
0.39056772
0.302401304
0.167039439
0.405197412
0.365553617
0.267623186
0.276379734
0.383385152
0.305541605
0.253896266
0.265220404
0.117309451
0.348978281
0.417415947
0.381378204
0.116689846
0.045994595
0.217389435
0.10175015
0.154781461
0.12806657
0.30093208
0.52611798
0.530554593
0.456369847
0.520803869
0.387067616
0.270112514
0.404126734
0.487694919
0.473944932
0.497083902
0.27670002
0.353009075
0.312200636
0.188622594
0.299749076
0.198452607
0.32032755
0.096042417
0.475532591
0.51843816
0.380382657
0.350595087
0.376972169
0.389908999
0.329313129
0.34542495
0.320391953
0.308025301
0.287239552
0.247363538
0.346183509
0.435840964
0.45823428
0.508915484
0.404620349
0.485137045
0.276267886
0.235195786
0.147541508
0.347098917
0.321698099
0.281269431
0.317951798
0.322269797
0.133241266
0.071157582
0.314205706
0.163517207
0.145810217
0.296771616
0.397592247
0.468608975
0.433958441
0.297779769
0.377213061
0.336407036
0.145184711
0.30322057
0.197814882
0.21900478
0.369769275
0.318045557
0.305823445
0.180283144
0.073786974
0.159399167
0.201470122
0.184970796
0.162881836
0.298358232
0.330289751
0.374485642
0.410425216
0.43537721
0.545739949
0.522334933
0.467808127
0.394959807
0.472225636
0.305330873
0.309497684
0.378757983
0.463678449
0.183659494
0.27532506
0.496629059
0.360096246
0.211085573
0.345331252
0.438118309
0.130514905
0.367443621
0.292736173
0.220605597
0.387814969
0.340693116
0.333744109
0.348156929
0.371649742
0.30088982
0.202734813
0.471972138
0.597017586
0.08021307
0.352361113
0.55157578
0.372012556
0.072510175
0.466458738
0.686686933
0.097550966
0.164933532
0.626805961
0.674054146
0.116883561
0.284295291
0.690355182
0.312602282
0.169082567
0.469475955
0.540437818
0.233541176
0.206908911
0.141662374
0.126943186
0.0818251
0.124196388
0.171615288
0.133188173
0.199270353
0.21500811
0.24791798
0.060670137
0.187024564
0.278698176
0.217642516
0.198323637
0.264344364
0.26469332
0.116202541
0.211177766
0.221690506
0.310377419
0.111886531
0.198588282
0.434331745
0.264604151
0.087365158
0.353939742
0.488305718
0.193338826
0.062995642
0.554133356
0.557389915
0.278922528
0.181082174
0.667351186
0.538568854
0.139772952
0.694219649
0.700810492
0.524196208
0.161997274
0.687319934
0.61262095
0.477025002
0.589194596
0.727095664
0.567041278
0.271870196
0.530518234
0.589601994
0.388082713
0.463214099
0.252266288
0.23773329
0.23428677
0.454556167
0.299833238
0.218211219
0.442774653
0.259830832
0.165373355
0.295406491
0.426107883
0.093236476
0.160764784
0.312445849
0.330527782
0.065850385
0.211245507
0.295094162
0.146773741
0.158842966
0.25439775
0.218359485
0.065385886
0.286063552
0.199389607
0.103834838
0.219244927
0.295904338
0.117654175
0.146130443
0.283162504
0.243506759
0.083979264
0.204262137
0.333489329
0.133347362
0.190338939
0.050215643
0.065694459
0.043014463
0.03065783
0.04258405
0.052703872
0.03386464
0.010700777
0.05784471
0.047572162
0.02077103
0.034201022
0.065825611
0.077125154
0.042788062
0.081525981
0.076726057
0.027404081
0.023083951
0.107759222
0.05330858
0.042113226
0.09280996
0.091403171
0.061283011
0.055171814
0.06740652
0.063800529
0.113691553
0.022712931
0.00853018
0.008863669
0.049432013
0.046420597
0.119889408
0.089695506
0.096545331
0.04927979
0.033514995
0.040969264
0.040017251
0.030185161
0.009120078
0.0557307
0.015115216
0.020898787
0.042457085
0.013964518
0.017444741
0.017373972
0.010625959
0.013048592
0.017614139
0.063464992
0.028647868
0.047252763
0.059489582
0.083199874
0.213388503
0.316706836
0.213511154
0.167045012
0.104869992
0.40877378
0.479620129
0.506397009
0.497658104
0.599196732
0.54852128
0.731432438
0.529396594
0.294311643
0.122512668
0.054020423
0.074295573
0.231406167
0.029011954
0.035193339
0.155486748
0.081942052
0.05853878
0.03729748
0.163845643
0.109901622
0.12114197
0.075948752
0.030411612
0.114442341
0.093340501
0.043879665
0.116479136
0.101195529
0.048611563
0.04520252
0.062866472
0.106681503
0.549520612
0.393006086
0.592829406
0.774125636
0.535707414
0.27590996
0.684163153
0.681960642
0.083767444
0.189339817
0.572360098
0.566027939
0.069137603
0.476898551
0.461821496
0.248428464
0.148855358
0.304771751
0.191475764
0.132050991
0.249284148
0.330621392
0.205300435
0.520465612
0.176865533
0.622176528
0.257961065
0.52369833
0.744533002
0.651105106
0.245405346
0.405040354
0.548525751
0.336805642
0.586194217
0.558946371
0.187120214
0.366154045
0.673027635
0.057276126
0.189080968
0.495682627
0.567849815
0.043566611
0.270330518
0.346023113
0.068833143
0.134470463
0.357259691
0.272758842
0.021850571
0.127724469
0.234787717
0.13781549
0.060011353
0.111833282
0.06633196
0.136591196
0.035398193
0.080510855
0.10497652
0.105747595
0.062970556
0.020355998
0.114909641
0.086363859
0.032937054
0.074201785
0.158351451
0.070941657
0.051143494
0.166483089
0.144680426
0.067580611
0.102389082
0.257397473
0.166708946
0.083168432
0.254956067
0.255282462
0.046237998
0.200303629
0.266451597
0.205431119
0.032807335
0.224608988
0.271655977
0.117514223
0.033589303
0.071089506
0.050932545
0.029800408
0.056663565
0.016446125
0.044673566
0.040157821
0.034589034
0.018167038
0.032571997
0.023282111
0.05019331
0.026822543
0.008009599
0.031808987
0.04218002
0.02498403
0.035107985
0.045480471
0.035877869
0.0682633
0.054955766
0.024078449
0.08782845
0.104493789
0.047331717
0.031849641
0.171051219
0.09505754
0.016120939
0.199210957
0.149575308
0.04773451
0.020520551
0.223875225
0.112509646
0.071893036
0.110127404
0.188171417
0.070497327
0.109081917
0.067722246
0.084430657
0.091380633
0.087829538
0.072211623
0.018851625
0.06959597
0.019657152
0.055740278
0.077664614
0.09639094
0.044064686
0.027754933
0.028185388
0.043456253
0.076394595
0.106559195
0.025924237
0.024378527
0.091216631
0.086490683
0.019924231
0.073927641
0.131304145
0.162562862
0.111377239
0.02356936
0.015270584
0.013573859
0.021915002
0.153578758
0.108032264
0.089862131
0.040071379
0.071223028
0.021500209
0.03397923
0.184375197
0.084800959
0.094079688
0.15338783
0.281456411
0.203495681
0.190215245
0.055079892
0.170128062
0.193608552
0.145256132
0.145003304
0.144506574
0.056315962
0.094355844
0.158503115
0.124399699
0.031491891
0.046048626
0.201575413
0.060697366
0.157831118
0.210881814
0.204380438
0.122748166
0.319353968
0.165235102
0.196634933
0.51787585
0.567675352
0.456733227
0.698822975
0.500014424
0.637561738
0.583083749
0.642247677
0.451797605
0.163346052
0.171951517
0.429275393
0.306235313
0.074959405
0.277883708
0.353504777
0.25934574
0.057961199
0.324715286
0.371553451
0.304866374
0.199808657
0.057119992
0.066951498
0.053307574
0.054045554
0.052685071
0.231691957
0.050734177
0.451944739
0.135840163
0.521560609
0.643779099
0.442303866
0.741758406
0.682927966
0.225992203
0.686646163
0.797566772
0.575272202
0.558060288
0.703946054
0.639541566
0.301969051
0.574590921
0.579463005
0.463896871
0.102732696
0.527020335
0.501951218
0.369066864
0.22832489
0.098085314
0.23710306
0.489850193
0.498257995
0.573115289
0.245256364
0.500868022
0.137582079
0.373108059
0.034531754
0.267157346
0.34630543
0.225413889
0.367678583
0.148767501
0.327426553
0.55389744
0.23139894
0.337216973
0.485062629
0.572762311
0.061434098
0.33409524
0.520445883
0.442466378
0.165839583
0.372484088
0.523774028
0.104259849
0.255035222
0.281096756
0.446402997
0.345523387
0.205950692
0.33465445
0.434760779
0.282179087
0.144386485
0.384522855
0.317716271
0.186978787
0.094049424
0.304367959
0.290463656
0.151154444
0.199047372
0.243178591
0.259903163
0.279036045
0.171093449
0.252296269
0.17047134
0.063464396
0.082076661
0.098688327
0.102551699
0.083469316
0.077070937
0.132786006
0.120957069
0.200156853
0.260190219
0.416085601
0.289199412
0.454711944
0.558272958
0.492433429
0.202580363
0.201202035
0.069621652
0.100111127
0.069808893
0.029254584
0.057274502
0.053583778
0.110462852
0.150767535
0.253225714
0.185112193
0.238447145
0.172955155
0.148520276
0.235502675
0.17383486
0.056094687
0.274277389
0.258468807
0.078394592
0.045558892
0.323007822
0.24919787
0.129732519
0.379190326
0.436465442
0.53126651
0.571330607
0.507778406
0.579351127
0.529449046
0.311157584
0.103939056
0.109825894
0.326024473
0.063525446
0.085125297
0.310697198
0.045028906
0.112538755
0.070288673
0.255148292
0.181283191
0.207554877
0.179823011
0.161447495
0.227557063
0.132114023
0.255614817
0.287338287
0.061297681
0.269775122
0.328912139
0.25325647
0.060617387
0.326841325
0.36696282
0.076777376
0.351237059
0.433329403
0.516965449
0.288122088
0.563599765
0.440623015
0.464748412
0.362256438
0.359008372
0.526975811
0.384560525
0.503297389
0.381413639
0.517422438
0.586493492
0.309712201
0.160208836
0.303033352
0.189307407
0.298387408
0.083250903
0.270826489
0.252310991
0.112256758
0.137078434
0.064308137
0.266000092
0.154696569
0.12576519
0.221828744
0.054640941
0.161270693
0.051297527
0.289361298
0.054328594
0.128429338
0.208077073
0.12384595
0.227840975
0.088804223
0.183111429
0.322355926
0.065486118
0.245831177
0.340370238
0.324024647
0.058827408
0.324442238
0.354379624
0.072889835
0.285908699
0.332396537
0.33847326
0.265876293
0.271779686
0.27999106
0.271473944
0.195118666
0.199470058
0.200588226
0.172674477
0.111527152
0.243457049
0.144585162
0.11480315
0.255569428
0.143812299
0.153717145
0.063071586
0.241692305
0.131509244
0.088556916
0.147366732
0.153038189
0.142097518
0.202316076
0.166237369
0.163129747
0.200350299
0.144659817
0.22426419
0.244463339
0.221925512
0.237099797
0.098523162
0.294687927
0.290081054
0.374138832
0.444716632
0.139742911
0.182297915
0.155669779
0.171987981
0.157666132
0.183941305
0.271588683
0.187455565
0.238906771
0.304109752
0.301323056
0.157677606
0.087393083
0.240367323
0.222653195
0.165211409
0.009931485
0.025976459
0.161054149
0.078159586
0.014694655
0.031433389
0.094313622
0.050005935
0.065743707
0.120103307
0.060490541
0.13875176
0.119342171
0.257329285
0.239056394
0.557713151
0.562279522
0.355615377
0.433540314
0.343358278
0.691141009
0.737138689
0.732338905
0.716738701
0.642329812
0.480791122
0.524572968
0.21515052
0.161016032
0.090008989
0.153932363
0.104090258
0.094204247
0.179193452
0.230426535
0.225566283
0.421003044
0.463068038
0.367758065
0.154671133
0.115868606
0.115564674
0.109793901
0.044397987
0.278635472
0.130831257
0.047040153
0.216140524
0.681550026
0.115548894
0.06622687
0.739869595
0.652857304
0.033289988
0.538541079
0.743710876
0.315680534
0.083387792
0.680250168
0.586879194
0.061925381
0.489270121
0.673649848
0.096204333
0.175454229
0.645053148
0.555764496
0.065719485
0.129751295
0.514221489
0.169355437
0.03326482
0.237824887
0.245696723
0.083847038
0.061319824
0.070154272
0.23463501
0.127780214
0.060381994
0.068419732
0.027993172
0.073290668
0.028949864
0.063188165
0.074089602
0.053815618
0.07894554
0.053847384
0.052340873
0.023726197
0.009040181
0.003810083
0.027277702
0.068680763
0.011836629
0.029121844
0.129119337
0.120487556
0.168104827
0.088937558
0.075308628
0.094831973
0.079982094
0.031680521
0.173814625
0.122178145
0.038694102
0.378134876
0.306041002
0.135386035
0.461782634
0.534166694
0.29124698
0.272287965
0.658161998
0.532898843
0.32821244
0.656560183
0.755077124
0.54337281
0.119453169
0.774066031
0.659900784
0.358944625
0.718878448
0.753123701
0.66549319
0.532960713
0.546862304
0.290142119
0.310111165
0.201959178
0.057706174
0.134200156
0.199684218
0.096638605
0.025448522
0.053128675
0.182642356
0.027445562
0.018037006
0.085118249
0.055102233
0.0179372
0.028881881
0.040254958
0.094038121
0.007251818
0.042843778
0.056255378
0.045554865
0.008699919
0.116163835
0.089458682
0.006451436
0.010310022
0.028156642
0.014088714
0.016476024
0.03764962
0.043409042
0.029999075
0.085973158
0.011933933
0.025449686
0.062494636
0.038671367
0.060286243
0.06964045
0.067842878
0.032061137
0.053257477
0.049961623
0.030191733
0.058676291
0.008851513
0.012572334
0.015149101
0.027999587
0.033527352
0.015978117
0.041819692
0.020824155
0.03579234
0.039443478
0.028132269
0.0067345
0.003115129
0.018692212
0.010792622
0.09973225
0.072600223
0.260361195
0.102078564
0.011483316
0.08314833
0.014513923
0.010168334
0.037953127
0.065210335
0.005832986
0.022295693
0.062414519
0.035284102
0.022432867
0.065758087
0.065711655
0.050714407
0.063535057
0.033130292
0.053631917
0.063976265
0.049186401
0.016322862
0.0344081
0.010701762
0.010169595
0.005671959
0.023520796
0.167914405
0.062925912
0.023394462
0.005692699
0.003937219
0.007773155
0.005407756
0.011143703
0.008439986
0.043355603
0.063635826
0.04358273
0.057873249
0.080564216
0.066904813
0.067384064
0.065094657
0.047307622
0.0476734
0.027617395
0.050259478
0.004785535
0.007974301
0.010578231
0.022911586
0.402519912
0.118675433
0.035902169
0.241959825
0.117529869
0.044952147
0.015568065
0.060338371
0.095162913
0.014920199
0.013141267
0.00952419
0.012908425
0.016940299
0.004551873
0.039788906
0.012565197
0.12092904
0.136794388
0.417611599
0.433460742
0.416178674
0.33834824
0.330607682
0.377099514
0.322930992
0.1649912
0.171107322
0.229889408
0.134049624
0.031541552
0.115617611
0.128623888
0.065841533
0.060907096
0.020814808
0.008473656
0.039328359
0.011022379
0.157259852
0.076143235
0.298743248
0.45616731
0.613575876
0.452946454
0.337673187
0.327404678
0.26273331
0.171384364
0.139764622
0.151350141
0.097860709
0.175682694
0.156521156
0.094758324
0.060096081
0.039401367
0.031524822
0.060432933
0.035260987
0.021122381
0.031822957
0.071325354
0.015278666
0.02428882
0.039822362
0.051464643
0.104433112
0.099144347
0.144370794
0.040034674
0.013178638
0.185360476
0.042121463
0.238432497
0.104185112
0.123263977
0.088123001
0.078097008
0.011773281
0.020753795
0.056957681
0.010145418
0.004540429
0.024287893
0.040276982
0.006238113
0.004977568
0.0456586
0.029726462
0.012396154
0.023070715
0.037992757
0.024975298
0.017351151
0.02681705
0.037926592
0.032507356
0.027454892
0.039467704
0.042168297
0.023915164
0.017819323
0.065897077
0.039859902
0.03332825
0.032290351
0.05821342
0.02083768
0.030095242
0.052440062
0.076082185
0.015359458
0.031633597
0.085593887
0.024101445
0.114594564
0.114484727
0.226050094
0.184797406
0.304381013
0.058105152
0.207766891
0.359211475
0.368834645
0.223742068
0.355565965
0.282693923
0.385125548
0.154030189
0.17537649
0.037811153
0.125779212
0.145540506
0.063310996
0.018041614
0.03815366
0.105283506
0.017105341
0.02945558
0.068757862
0.036676675
0.054021303
0.030469455
0.06030548
0.100838274
0.033644926
0.048758537
0.094963208
0.078616597
0.028167943
0.070094973
0.093629993
0.032792538
0.266833663
0.156807423
0.314873904
0.281408608
0.436645299
0.057162125
0.140099153
0.3980169
0.354373634
0.165987685
0.291053683
0.138269871
0.219584182
0.12261878
0.131800219
0.054822728
0.035147205
0.079756707
0.027185598
0.023045734
0.016335599
0.019951114
0.024166947
0.019711075
0.016092815
0.046638697
0.047860898
0.011307057
0.030216977
0.055150907
0.02829789
0.042386211
0.027937407
0.053197563
0.00802023
0.049176097
0.025654184
0.011038301
0.018703228
0.007360591
0.010535129
0.006870174
0.066060156
0.057632502
0.081624568
0.056165207
0.032383848
0.128637612
0.110806987
0.090526447
0.087081999
0.16567564
0.133802801
0.017192841
0.123580664
0.149335533
0.041027125
0.137611106
0.110412784
0.047091376
0.009767872
0.00558602
0.005448298
0.001916092
0.004664587
0.010306885
0.024531143
0.18908605
0.129804134
0.352680415
0.023061918
0.210373759
0.129439667
0.065273322
0.039704498
0.085893303
0.085212827
0.009079213
0.060892344
0.097362071
0.013905367
0.007914683
0.078628398
0.063031122
0.008315362
0.03747841
0.070344254
0.053572603
0.088822916
0.016773626
0.01175599
0.009110671
0.001698187
0.003095873
0.002580273
0.014457878
0.04567536
0.006008692
0.004440353
0.010496107
0.01326413
0.005405692
0.014208481
0.019298716
0.04749186
0.049006004
0.069194123
0.091454484
0.099919163
0.053915497
0.07851848
0.032137148
0.020960582
0.013543739
0.051373854
0.05268041
0.058994882
0.061366964
0.037852891
0.055004172
0.01196147
0.084004462
0.10685391
0.063683286
0.04352935
0.015094984
0.008873364
0.00626445
0.003788726
0.0021506
0.014071875
0.063247032
0.046665821
0.005191353
0.007174704
0.004336339
0.003961341
0.002106638
0.002148079
0.00496089
0.003380876
0.005529692
0.003556347
0.010659996
0.015074597
0.027515657
0.067787245
0.079836078
0.149576113
0.136743695
0.125964686
0.129762977
0.118241712
0.041213334
0.088202357
0.100978918
0.125033602
0.0122486
0.035590623
0.141723886
0.016718078
0.008263407
0.034116656
0.134211615
0.007886258
0.012400394
0.026011277
0.156536013
0.029017836
0.010365197
0.005393316
0.011111325
0.007586825
0.004859912
0.018062869
0.029270474
0.058726016
0.090587087
0.505332172
0.365888387
0.615157068
0.322987705
0.116666131
0.200855806
0.122074723
0.023016198
0.008665472
0.041070368
0.006689276
0.004921115
0.038178749
0.012433466
0.006411101
0.006539832
0.00656354
0.014468324
0.01612209
0.039669037
0.053413574
0.085386604
0.192140222
0.337748796
0.095751084
0.247575715
0.517887235
0.359313548
0.525686443
0.05636391
0.120771088
0.035442226
0.127926573
0.11884743
0.168350339
0.195954084
0.273370504
0.163812459
0.127768233
0.100071348
0.081599697
0.110207506
0.048167411
0.017886987
0.061678022
0.056023635
0.114384472
0.211547464
0.098066628
0.038620114
0.075564638
0.039881222
0.043503672
0.053691998
0.021298174
0.023541462
0.099184908
0.027481325
0.024588648
0.170403332
0.152443528
0.025621632
0.048608832
0.15892376
0.181569844
0.153736338
0.246849298
0.194814056
0.111053951
0.17959106
0.217344999
0.05563198
0.036525462
0.195630789
0.19656609
0.011155328
0.039768282
0.189503178
0.025385942
0.006836719
0.012495847
0.013989788
0.023205614
0.078695223
0.019090563
0.134569213
0.153954029
0.176016018
0.049272303
0.012387594
0.091396876
0.098452836
0.010199258
0.012428174
0.049178302
0.049793143
0.085582279
0.042494792
0.047840606
0.029604906
0.195041835
0.083757564
0.118427105
0.148546353
0.281612486
0.265428305
0.16395551
0.281123519
0.100813851
0.146320626
0.21414113
0.164938271
0.081820108
0.141908169
0.153677225
0.032434791
0.021717053
0.031898413
0.107230291
0.118093863
0.143569827
0.024401985
0.013569334
0.021207267
0.140858471
0.059354089
0.039287675
0.076801851
0.048848405
0.030406745
0.014043521
0.024669552
0.028984996
0.078599893
0.041330669
0.03064945
0.062944621
0.165806681
0.153790027
0.064346343
0.074987583
0.048631832
0.019307591
0.055262934
0.03654803
0.080939375
0.152986497
0.082287647
0.12470147
0.060592793
0.094923668
0.062855832
0.058304042
0.053568061
0.105215877
0.045783862
0.088164896
0.163501754
0.133251205
0.188463151
0.215087742
0.058160763
0.157698497
0.044364754
0.094104744
0.022140259
0.07809186
0.119980246
0.154285327
0.132689878
0.148597464
0.244303405
0.172804251
0.183775783
0.195343912
0.118294671
0.181433707
0.260963887
0.107534595
0.0565258
0.452045113
0.381884784
0.288144141
0.249748275
0.285768509
0.241503194
0.119300328
0.052235126
0.272461146
0.220948562
0.156502619
0.303667516
0.322558939
0.253991753
0.331246406
0.304105401
0.237580582
0.331272393
0.358118594
0.318271786
0.3525365
0.307435632
0.29719007
0.363506913
0.52598238
0.33283931
0.557614565
0.161043584
0.071882218
0.059011906
0.153586745
0.518632531
0.066104747
0.048196692
0.5508461
0.519329786
0.367610902
0.409281909
0.331908166
0.285999566
0.071515009
0.056595244
0.317726731
0.301101238
0.07594151
0.289750993
0.33013615
0.375965983
0.355758935
0.318772823
0.32597807
0.278828084
0.278117061
0.333120972
0.34455198
0.479263574
0.515672684
0.511688769
0.400511235
0.588750601
0.149439543
0.100080498
0.028761506
0.180961326
0.558017194
0.053584125
0.062981106
0.572257578
0.570124924
0.468957901
0.479681939
0.363755912
0.332857668
0.102496557
0.051668115
0.129401565
0.163899004
0.034122705
0.122310989
0.222180992
0.331180483
0.219689593
0.130129725
0.194547057
0.12749204
0.129097238
0.186036229
0.242117897
0.485114604
0.560337722
0.58525759
0.164743647
0.593104601
0.077018201
0.050682086
0.037665471
0.19140783
0.626112044
0.065167338
0.173202097
0.625440836
0.603288591
0.517397165
0.525221109
0.455617785
0.393411398
0.204361469
0.080124244
0.178409308
0.115615427
0.032290131
0.036485448
0.096416436
0.121012479
0.100440376
0.054820951
0.124875084
0.122955829
0.203720003
0.142923012
0.473686725
0.542636693
0.553623974
0.603280365
0.570252001
0.602794707
0.51447022
0.049635071
0.206028253
0.520328641
0.580698848
0.505088389
0.535671651
0.496413469
0.365157098
0.217208207
0.515566885
0.368330032
0.136896357
0.058185007
0.406861901
0.211855158
0.10221114
0.067986786
0.22762318
0.138134897
0.095103391
0.121881559
0.116341129
0.214844927
0.343738288
0.430735052
0.547553718
0.223072231
0.485361069
0.278956383
0.342354894
0.399462283
0.374742866
0.477371693
0.573762
0.484831631
0.303720713
0.275483012
0.311475962
0.322377563
0.19161354
0.295282781
0.314237863
0.315243155
0.183897167
0.323015779
0.261898875
0.238458619
0.342363358
0.326590568
0.281739324
0.319180697
0.226175919
0.173092633
0.052105658
0.201912835
0.220081493
0.076120421
0.249552116
0.246885389
0.115598217
0.237753138
0.275913596
0.188975081
0.19547525
0.16940555
0.160858035
0.17630066
0.143017605
0.049314875
0.059971545
0.111375734
0.310155809
0.049234569
0.083346032
0.290960938
0.316031605
0.143551737
0.154556021
0.301832199
0.314067811
0.261066586
0.19511655
0.252337068
0.277984917
0.252873957
0.30151844
0.195882037
0.077523664
0.167119071
0.237028867
0.075337902
0.035119116
0.049732059
0.057298619
0.083123609
0.138614833
0.382852823
0.252771765
0.353982359
0.26062578
0.234584674
0.115922779
0.221357778
0.214006931
0.242682919
0.229384691
0.224876285
0.287947237
0.272384405
0.310287595
0.272822589
0.368296921
0.337521553
0.33754611
0.323040456
0.147873819
0.210497305
0.091953598
0.286300749
0.21249561
0.108219594
0.241385326
0.078513972
0.039015796
0.036482465
0.067098118
0.054759413
0.043295618
0.071057782
0.040519383
0.031419106
0.03520513
0.059784874
0.062975138
0.041351799
0.060847744
0.268232793
0.207904175
0.058996655
0.296999812
0.326723725
0.288485765
0.055801861
0.250392348
0.299003094
0.273541957
0.179069594
0.251653314
0.300222188
0.120325483
0.224142313
0.130701363
0.177721679
0.168596283
0.197392479
0.180319607
0.180456713
0.080817133
0.203623593
0.208488032
0.173896551
0.195325986
0.282083958
0.199262053
0.057879873
0.104846731
0.041824143
0.05329679
0.08492969
0.05812357
0.183444992
0.057198666
0.074397251
0.226619408
0.139999032
0.218414322
0.181077212
0.211951613
0.164301366
0.228039563
0.250533015
0.220236003
0.189024091
0.060737155
0.245937631
0.270440787
0.236131206
0.054569244
0.120196909
0.241292864
0.254449546
0.194669574
0.193094656
0.232685283
0.25028339
0.129845381
0.160157189
0.279519022
0.281596243
0.227646798
0.151603505
0.185803473
0.219078183
0.276258171
0.238441288
0.280627489
0.246697217
0.115298733
0.141261831
0.076381169
0.124090634
0.143146649
0.078690827
0.174637362
0.097180814
0.202410519
0.20758687
0.157562941
0.230312601
0.241802424
0.292020321
0.170329154
0.395782262
0.362406403
0.357495248
0.340313166
0.210943699
0.186158672
0.137706965
0.158846006
0.129724264
0.07185071
0.151817635
0.051297743
0.217248887
0.130234733
0.128007799
0.192370296
0.157178402
0.230754673
0.156168982
0.118026838
0.091774069
0.138532907
0.17930378
0.158020288
0.057740133
0.211511225
0.215272039
0.262389302
0.100174919
0.177156433
0.272309929
0.310711443
0.150740951
0.214094341
0.260312796
0.258794516
0.196840644
0.278364033
0.287881196
0.057655256
0.272927821
0.293052942
0.065629937
0.087119013
0.319547713
0.349146396
0.31308797
0.396598905
0.333436787
0.279603571
0.309818625
0.304434657
0.144779995
0.103015043
0.187128782
0.283195555
0.206662834
0.258603036
0.238466486
0.338346809
0.219464988
0.238873467
0.267573625
0.260033697
0.280275822
0.164232671
0.042194705
0.131542817
0.321847528
0.181430265
0.186487719
0.362466276
0.395880699
0.109751374
0.271460176
0.429972917
0.305134803
0.086897075
0.116711408
0.410683304
0.290052831
0.437361389
0.348629743
0.262340337
0.411441535
0.415249825
0.46054551
0.401556015
0.416524738
0.149893254
0.067734621
0.07625962
0.382067144
0.446950704
0.398891568
0.414805591
0.375544637
0.133162707
0.038263623
0.047897946
0.049097631
0.042943772
0.027264636
0.059303876
0.029996496
0.039418731
0.07295759
0.053570878
0.034652703
0.027921082
0.032672275
0.037062496
0.068094291
0.036469609
0.053970642
0.104552217
0.103459857
0.269865274
0.17565763
0.210756943
0.284843087
0.322984219
0.315961987
0.298990637
0.334398508
0.240552813
0.301939934
0.351877362
0.381131887
0.30178827
0.327788264
0.248603642
0.287328839
0.327916741
0.327647328
0.198451445
0.235068962
0.354111463
0.315940887
0.387621999
0.37279278
0.335302711
0.382936597
0.396139026
0.153619602
0.386787355
0.344272256
0.404370636
0.402867436
0.387076378
0.114383109
0.35454765
0.097439319
0.072585851
0.3019934
0.31964606
0.335697174
0.298746586
0.300753534
0.344371676
0.391145855
0.28339842
0.352622569
0.061693471
0.310250908
0.313238561
0.139817476
0.294050694
0.294201374
0.232115999
0.29769364
0.35731855
0.301785499
0.280988067
0.080905288
0.20910041
0.054117661
0.167047277
0.187387526
0.153932258
0.152129441
0.141833261
0.15140301
0.289064974
0.25641191
0.158271462
0.233281627
0.279921889
0.259434491
0.165834725
0.241910845
0.299604326
0.248519003
0.118198149
0.142955855
0.303552508
0.246084556
0.190153256
0.122865535
0.304300845
0.211241558
0.207242981
0.094679825
0.210314274
0.032845397
0.08200153
0.015837807
0.104657076
0.035950288
0.105833091
0.115861669
0.042052962
0.059885826
0.420473963
0.130567148
0.640020192
0.610774517
0.299723685
0.174231812
0.384478241
0.231257021
0.462721318
0.272236854
0.589850426
0.180472776
0.529670238
0.126039118
0.165494174
0.117127366
0.093551524
0.122243099
0.039271813
0.111519657
0.017707221
0.097452372
0.057532798
0.039798684
0.074616536
0.049964588
0.03051397
0.074360617
0.051418688
0.458222717
0.505716622
0.704502285
0.686115801
0.633538246
0.49376139
0.422717661
0.419145286
0.575337768
0.624947309
0.066467784
0.035701346
0.600472391
0.177885965
0.046239004
0.224021167
0.402932405
0.539651453
0.609877765
0.499033391
0.260923445
0.341789186
0.121142901
0.084629558
0.119505696
0.036259875
0.07499779
0.088863626
0.045587998
0.0579147
0.070532799
0.144400686
0.093003042
0.341891497
0.424570531
0.490674108
0.120732173
0.145875648
0.475621045
0.147126347
0.086602263
0.113102555
0.218601748
0.313219458
0.095411673
0.547270715
0.603144825
0.653023422
0.447283626
0.553720891
0.592162192
0.481596082
0.450624168
0.52387166
0.487317622
0.543638587
0.342357844
0.064303868
0.265181929
0.388300657
0.386419863
0.054899313
0.205612987
0.535230994
0.399299026
0.079953261
0.396549702
0.541315436
0.418904811
0.141888201
0.431456387
0.256054103
0.106064558
0.188503519
0.236629188
0.201779649
0.076248735
0.053481869
0.037432749
0.084306948
0.053320348
0.027080532
0.037327658
0.09089049
0.044590987
0.024032071
0.1138108
0.097721122
0.16360338
0.103042059
0.201375857
0.234894812
0.250331372
0.253451079
0.348783433
0.415853202
0.482774943
0.371683121
0.564047635
0.518761933
0.360220104
0.5279181
0.546948791
0.408961803
0.403585106
0.536157906
0.312703341
0.15776138
0.052390676
0.124545179
0.050666884
0.027259948
0.254216641
0.302516162
0.031962529
0.046693478
0.218068019
0.101737812
0.081479996
0.083553627
0.020047257
0.024068682
0.045251243
0.106188454
0.377515584
0.615852058
0.199022353
0.466290623
0.671638191
0.619985819
0.561666548
0.598495126
0.617960334
0.302297562
0.208242044
0.650774002
0.309744239
0.158565149
0.077396899
0.130595982
0.134879902
0.047260273
0.050525054
0.110141754
0.076165795
0.026834927
0.063278161
0.069761552
0.050366338
0.047102936
0.05486507
0.015512602
0.018245641
0.026281994
0.112740643
0.11755804
0.516050339
0.723399758
0.687706828
0.565393269
0.650123119
0.563665748
0.194527641
0.073114246
0.183599502
0.178443059
0.06040084
0.061587118
0.121355049
0.093246147
0.06269297
0.319205344
0.122073978
0.488050908
0.570296526
0.163692564
0.298168689
0.230635703
0.366463631
0.352306873
0.220703244
0.135417596
0.11171864
0.053983435
0.087132275
0.180763125
0.152327225
0.117648579
0.26012677
0.351157665
0.515498221
0.531832814
0.37180841
0.581387579
0.707676291
0.502948284
0.707025826
0.625952899
0.535524487
0.640048027
0.530622125
0.362785667
0.130839437
0.29380253
0.374478221
0.097475611
0.131541654
0.244696006
0.173829108
0.09300977
0.072284319
0.062670335
0.054603051
0.051917128
0.139426425
0.128743395
0.292459965
0.56481576
0.487503231
0.162910596
0.294903487
0.531690061
0.31353268
0.101458766
0.262054235
0.403606236
0.250805885
0.301694572
0.2408555
0.284868538
0.202016413
0.150299475
0.241890684
0.212076157
0.157085121
0.094292022
0.169436157
0.140508652
0.104812592
0.063025862
0.152314603
0.133208379
0.197505936
0.111240402
0.178390577
0.22162953
0.309759498
0.372456968
0.355844289
0.312403172
0.199210495
0.279924273
0.214021221
0.108802922
0.272866756
0.257645369
0.463891327
0.281417489
0.493371755
0.291420281
0.426622301
0.29305622
0.319957793
0.358868867
0.393673927
0.32522127
0.295252889
0.22211878
0.357769996
0.120457992
0.501367033
0.080162644
0.549681485
0.147372797
0.50433296
0.333340883
0.42220965
0.597908854
0.421022862
0.611081541
0.085926287
0.674741447
0.102702856
0.567093611
0.25073424
0.325796127
0.09651269
0.20880954
0.130572528
0.187653214
0.255011559
0.153613076
0.155417919
0.303237021
0.498255163
0.534081995
0.371359169
0.255975932
0.664977133
0.487943113
0.382771045
0.699388146
0.688670397
0.387425989
0.705488384
0.689660549
0.521770656
0.42692554
0.560395777
0.405734211
0.261847138
0.586853683
0.358819872
0.622370839
0.562434316
0.641027391
0.597493052
0.576515615
0.409732461
0.315572798
0.327643633
0.310020179
0.611035466
0.15820989
0.711089849
0.53407532
0.568516135
0.267191768
0.55714488
0.200759277
0.31738764
0.416960865
0.137364089
0.189342871
0.143514976
0.225684375
0.2663441
0.09840025
0.310688078
0.321865201
0.316598952
0.268273145
0.331412166
0.292603463
0.083911724
0.317583203
0.296852589
0.294871449
0.064706303
0.292129904
0.285345882
0.323115706
0.205595151
0.301306427
0.319185376
0.140630528
0.197844744
0.094064087
0.166897684
0.135092571
0.084359027
0.306090474
0.172241211
0.363258332
0.267752498
0.426493049
0.511682928
0.38820973
0.591740727
0.468267113
0.574069619
0.545087397
0.172777563
0.155821249
0.673082292
0.64866668
0.623577833
0.622391939
0.408501059
0.639758289
0.080952942
0.404752344
0.326521814
0.201761127
0.315051377
0.267624706
0.222865105
0.215191543
0.263031602
0.235801011
0.169854492
0.180464327
0.180903077
0.195414588
0.054148033
0.131220028
0.237106234
0.217977822
0.268707961
0.225446224
0.312299848
0.268435985
0.204189166
0.135286033
0.261761367
0.215441525
0.179663464
0.225932807
0.165621057
0.180825636
0.070500918
0.135060579
0.210913047
0.242991745
0.307971418
0.463273197
0.1250377
0.592920661
0.082696021
0.539996445
0.085720524
0.081737287
0.118583918
0.254135668
0.18535465
0.206417903
0.20135583
0.103490412
0.200934708
0.160867751
0.220792562
0.091145478
0.083199561
0.058857713
0.21139057
0.051545359
0.227906898
0.101948701
0.221275046
0.176082313
0.143981561
0.206580848
0.180745542
0.22081694
0.114189602
0.140486836
0.070574261
0.175816372
0.178452462
0.422293752
0.237672254
0.112486884
0.266728371
0.195981055
0.478966445
0.305822968
0.370040059
0.266929924
0.295175731
0.207031712
0.536715508
0.359923482
0.695595622
0.616466343
0.120839357
0.663660467
0.385134071
0.661833048
0.522635639
0.5670259
0.116149984
0.432931542
0.284380645
0.209269196
0.230270907
0.145229369
0.197329059
0.104325734
0.135027066
0.197149172
0.202353165
0.172424033
0.211023599
0.093436912
0.174270183
0.079728156
0.09494812
0.096962579
0.681292474
0.418414563
0.167192906
0.175801009
0.157919556
0.063098975
0.264773071
0.194620326
0.263755172
0.172445729
0.32994172
0.263492316
0.320014685
0.377527237
0.263077557
0.358192801
0.307464242
0.22629334
0.285686284
0.250566512
0.264445573
0.29419136
0.265161097
0.221884012
0.218588576
0.227881938
0.195176929
0.115309529
0.137383655
0.177075654
0.202482566
0.06195109
0.203992531
0.156123757
0.056130972
0.145014733
0.122116014
0.202629983
0.152026683
0.122897141
0.087400235
0.236501351
0.077213302
0.28868854
0.108909853
0.297852814
0.090026684
0.217324212
0.113772519
0.235566363
0.497704118
0.276346743
0.312640011
0.477291942
0.364084035
0.328547001
0.301493287
0.20501402
0.181287989
0.037101563
0.130606249
0.072780482
0.160875425
0.096529804
0.230170012
0.192139119
0.518576026
0.548673391
0.545271695
0.403216928
0.110297851
0.257313848
0.493210346
0.183043584
0.065188833
0.355263501
0.290981948
0.105655633
0.093464173
0.257916629
0.277498305
0.359555244
0.06736929
0.048086938
0.146817967
0.158954531
0.432618797
0.228475451
0.383964211
0.197049156
0.253503323
0.291026026
0.3072716
0.488711238
0.544825435
0.543574512
0.533612192
0.532989562
0.532166839
0.504691482
0.504325867
0.506290138
0.493579447
0.438818723
0.165700704
0.115055516
0.04758998
0.086993985
0.206184328
0.032329161
0.031195538
0.090305403
0.031085573
0.026615448
0.033755757
0.033314981
0.023088146
0.046465378
0.047121067
0.08888337
0.123534761
0.20672451
0.115223378
0.105997033
0.157820463
0.132826269
0.219706357
0.188324958
0.176340595
0.292589158
0.306487143
0.214833617
0.20873189
0.161829561
0.17984654
0.142693236
0.23869814
0.48489967
0.393540174
0.310908467
0.514647901
0.443241149
0.539543748
0.54929781
0.51164341
0.535434902
0.511286378
0.404730797
0.557753921
0.539251983
0.500696063
0.333031774
0.258673459
0.262131423
0.135337427
0.179326847
0.325610846
0.110753924
0.335073858
0.427726626
0.086390823
0.036541346
0.442859262
0.424230605
0.050821308
0.085892208
0.425406218
0.524609923
0.405014098
0.417561769
0.429407954
0.416022211
0.088613823
0.03998974
0.269871682
0.170262575
0.044486448
0.142042667
0.278273374
0.191001713
0.201151922
0.263309658
0.236876503
0.286721736
0.336031079
0.249397159
0.037194405
0.331042528
0.331410527
0.099185675
0.118794799
0.383237362
0.231801152
0.208680063
0.29976669
0.290882617
0.437528521
0.430648804
0.080085106
0.36863327
0.088795528
0.331745803
0.271150142
0.297091097
0.150265321
0.448026717
0.322963655
0.098422654
0.325967163
0.335105032
0.140121862
0.298100233
0.323042005
0.338098317
0.328214288
0.365006089
0.320872307
0.114904851
0.181108579
0.035288688
0.391075045
0.113472745
0.407491624
0.403599799
0.022017464
0.114010587
0.339986801
0.04770099
0.023100561
0.25248602
0.27385208
0.044064824
0.099696517
0.194013104
0.208755583
0.229348108
0.230661377
0.11160481
0.131857857
0.233853355
0.286319822
0.099527121
0.197642192
0.285387933
0.335924834
0.06798654
0.216785342
0.323164493
0.341018587
0.071709722
0.358011216
0.456330419
0.364730358
0.538948119
0.540590286
0.436520189
0.458374113
0.484888971
0.155833334
0.060658209
0.400417686
0.351053059
0.236678332
0.307408363
0.24620153
0.273601323
0.247152001
0.284606725
0.251164228
0.274166197
0.126570374
0.198251143
0.079138115
0.355899751
0.178249255
0.476480812
0.461607784
0.481680989
0.365693271
0.321987391
0.155808881
0.413973063
0.056531068
0.046406161
0.02018987
0.043555666
0.07885512
0.04890715
0.169045493
0.327026457
0.305919498
0.295459509
0.267009586
0.190734267
0.321373314
0.465344191
0.067415506
0.060665328
0.024120189
0.040299542
0.045402337
0.082221754
0.253691554
0.294768184
0.26437974
0.338893712
0.30810076
0.442388386
0.454109788
0.435891539
0.205737591
0.390040934
0.440593123
0.293871343
0.101166949
0.059632152
0.204950199
0.11651548
0.051904265
0.07059893
0.160988003
0.152069762
0.138647765
0.193827108
0.292389095
0.463329136
0.450055391
0.506637454
0.537622511
0.397577584
0.363411635
0.296143293
0.280395508
0.206640333
0.236210212
0.284590244
0.254055321
0.309240639
0.252479106
0.243393347
0.329214394
0.320089877
0.289363891
0.304150343
0.114529982
0.242926955
0.176781669
0.284042686
0.326508462
0.276874661
0.309786469
0.197079793
0.26602453
0.224744588
0.28846699
0.197910145
0.340199381
0.457342267
0.124542579
0.545366228
0.136257872
0.5492872
0.155999333
0.435825229
0.203754902
0.208993942
0.516841769
0.537184656
0.509866118
0.200555444
0.113282435
0.428886026
0.204954654
0.484567523
0.252001464
0.226470217
0.442234546
0.352314204
0.196812049
0.38231796
0.209113628
0.290831655
0.159787789
0.139694363
0.114513129
0.128991321
0.246903419
0.140974402
0.267591327
0.261615902
0.22772491
0.123259239
0.202739865
0.116383784
0.289315104
0.113749884
0.267873228
0.280946165
0.197419882
0.188226581
0.181479961
0.129552916
0.1276602
0.126735076
0.135340795
0.307304353
0.12197607
0.488483459
0.172344118
0.525805056
0.158655688
0.55758673
0.387911797
0.293088466
0.338406712
0.481463641
0.467910886
0.534238219
0.365129024
0.394634366
0.496142685
0.413994849
0.43673867
0.130524665
0.203619316
0.102403633
0.108276576
0.118220642
0.267311066
0.218802437
0.380011529
0.19813779
0.208269298
0.185445085
0.189849585
0.041525502
0.203367308
0.115462415
0.233676374
0.328178704
0.310385734
0.338003725
0.381096244
0.260279804
0.252083778
0.248432338
0.300584197
0.215183675
0.160270363
0.187210262
0.072454222
0.332122982
0.229956567
0.362846226
0.424691916
0.399516791
0.032488018
0.355873555
0.453948975
0.235782832
0.186704248
0.550557852
0.461491644
0.292654842
0.329230577
0.310875982
0.467933595
0.385615021
0.527721882
0.590815306
0.552812338
0.57496351
0.562802494
0.436193347
0.22468476
0.446921825
0.566270709
0.540698707
0.565655828
0.103430107
0.088532709
0.066826783
0.253129005
0.264338553
0.256827563
0.270549089
0.222648874
0.250659436
0.12193574
0.169937581
0.141591936
0.211031273
0.302847832
0.16207765
0.286849082
0.473748356
0.190980926
0.32995683
0.264048636
0.264674038
0.296142191
0.199691787
0.327937186
0.292772204
0.24091512
0.201775104
0.056602839
0.075478353
0.058653302
0.299016654
0.316158026
0.063632593
0.292123675
0.071449846
0.200626522
0.218410313
0.20431307
0.081471391
0.204324991
0.067479737
0.243093997
0.30347982
0.546890497
0.314034641
0.576571286
0.562969863
0.290047109
0.250281513
0.543775678
0.175440624
0.214230925
0.219727084
0.250401258
0.22468619
0.266808957
0.215753689
0.246735141
0.306365222
0.293659002
0.260901928
0.289919734
0.260559499
0.305296719
0.101999067
0.301103473
0.106100373
0.197820649
0.208348796
0.243645027
0.131718621
0.205820456
0.112198964
0.215811372
0.370842606
0.20363231
0.472579628
0.137303919
0.365857214
0.280912608
0.292807043
0.379844487
0.431243539
0.466353744
0.188684016
0.233665898
0.393992394
0.274353951
0.473058611
0.274315298
0.23432076
0.34219408
0.30829978
0.418685555
0.367840022
0.442579657
0.331175208
0.272996724
0.212349385
0.392774165
0.376628637
0.322410345
0.338697135
0.372325987
0.258534729
0.313918501
0.296168834
0.28505227
0.256334513
0.124857724
0.315360695
0.152274162
0.321477234
0.198482275
0.355004817
0.328859419
0.189522997
0.256524473
0.267920285
0.248959586
0.176871955
0.280739844
0.258834749
0.291214913
0.12557742
0.320036858
0.127013221
0.3576774
0.219206557
0.313065618
0.151342809
0.213455498
0.131889835
0.175417796
0.234479487
0.101095036
0.261765242
0.097499982
0.294386834
0.151116431
0.281649113
0.236954093
0.215051755
0.280129403
0.286288142
0.057434469
0.04120487
0.120857321
0.05973617
0.042500257
0.25148958
0.163918972
0.135362759
0.220946148
0.287559181
0.298656672
0.272324115
0.093900457
0.343015611
0.193359122
0.279910654
0.140872076
0.3938995
0.497208804
0.579892814
0.459213823
0.530398607
0.397947043
0.404068351
0.236951455
0.277480155
0.173284292
0.132357776
0.099631257
0.437749356
0.193581581
0.569318891
0.270417958
0.697484612
0.146130696
0.656237781
0.393458575
0.14983502
0.090001702
0.114641257
0.756000936
0.181906134
0.606274247
0.230865642
0.440236121
0.117364816
0.223043755
0.469132423
0.794742107
0.484148979
0.630654037
0.588306963
0.654979467
0.488019645
0.626777947
0.320960045
0.250326872
0.815984488
0.639046073
0.365736932
0.719546676
0.825443685
0.579024553
0.35236153
0.791365445
0.591519594
0.576586783
0.456750095
0.372508883
0.23697786
0.115248881
0.300287962
0.341933548
0.263915449
0.71164614
0.697647214
0.796338022
0.800640643
0.776629031
0.799267173
0.535710931
0.66658771
0.526191294
0.589872777
0.674788296
0.208678797
0.81009084
0.393960059
0.621772408
0.10481891
0.395440102
0.076382376
0.066554308
0.186918169
0.203583181
0.090233125
0.050978206
0.092650406
0.108482599
0.033116151
0.108706743
0.123265445
0.134923264
0.092685446
0.102701701
0.115649499
0.198184028
0.124311902
0.109467268
0.039542817
0.123967074
0.096806981
0.178771257
0.096293665
0.139094561
0.149696171
0.201541007
0.148484886
0.317479044
0.177719444
0.129644886
0.179420292
0.109447286
0.027554575
0.150528237
0.107865587
0.0698587
0.037205663
0.030077757
0.187812939
0.071085438
0.038512815
0.533345878
0.581274509
0.600756764
0.339460433
0.429939389
0.401022464
0.561811864
0.579685152
0.187543944
0.283863783
0.566698253
0.565099657
0.228531718
0.344845176
0.523608983
0.555357575
0.386358202
0.498868197
0.399191141
0.389084518
0.397980899
0.185642019
0.43072623
0.236813724
0.18558827
0.124978706
0.071472786
0.335739911
0.077702142
0.16084522
0.049892183
0.208465248
0.148146003
0.088856459
0.243546039
0.078477629
0.221832067
0.203119799
0.203914359
0.142735407
0.209710792
0.31399551
0.270343572
0.442500174
0.185115606
0.214462042
0.302666426
0.539632082
0.547453165
0.583433568
0.309672922
0.550532401
0.545045853
0.431615323
0.526286423
0.275951803
0.349078119
0.159192458
0.17827031
0.176845983
0.162545711
0.14320004
0.192304105
0.037358858
0.079608373
0.067655042
0.043971304
0.349428147
0.399739534
0.548442602
0.477589577
0.475345254
0.421166211
0.374794781
0.162465766
0.079485789
0.201008677
0.072893731
0.040630706
0.046357214
0.03292378
0.149868548
0.203766271
0.193824738
0.156002045
0.077571511
0.180123657
0.082225986
0.02201673
0.065247208
0.030487183
0.094850242
0.052436706
0.299275875
0.17488493
0.549965918
0.539080918
0.476961702
0.077137403
0.143016934
0.532695234
0.511018813
0.556061625
0.067924656
0.145459518
0.083818182
0.076377809
0.073638417
0.111170419
0.048008595
0.047575861
0.19548893
0.161858857
0.183873594
0.204142705
0.172256336
0.224389344
0.195738181
0.073806137
0.053781979
0.041394219
0.066847116
0.224833742
0.240999743
0.533652961
0.407794476
0.537959993
0.566549599
0.477160662
0.491483986
0.453418732
0.308155388
0.492850304
0.375726044
0.386635363
0.21824199
0.119757898
0.351569921
0.263455629
0.181002632
0.055979673
0.255336642
0.132553667
0.080948837
0.101395212
0.195323527
0.151437923
0.113652945
0.176808342
0.093255542
0.225346982
0.222624093
0.139123186
0.24755244
0.263400882
0.303307891
0.355501086
0.076197021
0.415918767
0.394751906
0.614752054
0.580062389
0.519407749
0.519536316
0.440810114
0.323889107
0.355456412
0.303774685
0.080120564
0.14071098
0.289261162
0.213406608
0.042136259
0.146372959
0.229790658
0.200082898
0.125236422
0.196629271
0.157163739
0.185361132
0.201237097
0.177620798
0.177571535
0.149860784
0.13519381
0.212388039
0.157447875
0.064292684
0.160183877
0.015551632
0.109778747
0.021747217
0.027722964
0.157338008
0.085070975
0.114011511
0.103009209
0.110340402
0.11790242
0.132153034
0.183107942
0.112112299
0.184980363
0.111060299
0.153943107
0.157023206
0.115385354
0.105941378
0.072242133
0.07521715
0.040231794
0.092863604
0.017303988
0.112206765
0.012764775
0.05123993
0.054803643
0.18360199
0.192130089
0.111454248
0.106783152
0.023689892
0.092735268
0.071425922
0.068627559
0.06883046
0.058940403
0.010675577
0.041663274
0.016681466
0.047893919
0.055540998
0.08886718
0.097654372
0.132859096
0.139393836
0.210357264
0.23074919
0.144011766
0.103307642
0.171892479
0.155035123
0.100284226
0.122982316
0.083595932
0.055353098
0.083398335
0.079902045
0.069872953
0.074326232
0.026917087
0.079786107
0.074129768
0.044078425
0.142095581
0.0699756
0.187225506
0.23137629
0.193908483
0.144949198
0.089129157
0.117039539
0.110071585
0.020760812
0.12138167
0.165082201
0.032737862
0.034345228
0.102440104
0.023617975
0.079123937
0.014335036
0.041670628
0.045600321
0.092099547
0.08451087
0.101639949
0.097432949
0.151963934
0.09494631
0.062849946
0.128661245
0.118739225
0.132934749
0.148137867
0.056651738
0.10876409
0.062192589
0.08300925
0.05067189
0.010202638
0.016293328
0.071179926
0.049371354
0.064459525
0.112253457
0.056136161
0.076460533
0.07637424
0.044089962
0.059674218
0.071308501
0.056798253
0.024312492
0.065180913
0.027061621
0.165508717
0.059777174
0.155810803
0.086717188
0.103539705
0.153294787
0.113089919
0.247067571
0.482857406
0.472815067
0.448792517
0.290087938
0.109664984
0.287811875
0.183620691
0.106289513
0.052272156
0.051270157
0.046222121
0.022857962
0.034256447
0.045547146
0.059866574
0.048755966
0.098592632
0.033873361
0.175951421
0.040306393
0.133343294
0.028083678
0.023702292
0.031183083
0.05308754
0.189690888
0.115588538
0.149094641
0.076322928
0.095275454
0.03146562
0.042158876
0.027482567
0.028126907
0.033834551
0.091730043
0.106056087
0.049438961
0.029502889
0.030026423
0.034533601
0.105888382
0.051805425
0.143435389
0.141674697
0.081227861
0.045391217
0.026393482
0.043854706
0.18940486
0.204002142
0.170510009
0.174938336
0.194667488
0.022089539
0.023197612
0.028465241
0.14679645
0.044973858
0.151476488
0.123738259
0.115823328
0.24181585
0.358638644
0.229659781
0.236183181
0.094752029
0.038643174
0.038285032
0.156588212
0.060500089
0.178890496
0.060669344
0.14769569
0.110566169
0.052261509
