0.849878192
0.847316504
0.701854587
0.618481338
0.106941395
0.369664729
0.323794127
0.410976678
0.495719731
0.688232422
0.790183246
0.670580924
0.806273222
0.542901516
0.533166111
0.311212242
0.117997959
0.456622213
0.402322084
0.117489815
0.112191275
0.228753105
0.498460025
0.361277848
0.587313354
0.73452425
0.716172934
0.843019009
0.876581311
0.826447248
0.730163097
0.854887366
0.591481626
0.692499995
0.431675166
0.68875891
0.530760944
0.651672661
0.508707941
0.513695955
0.575732529
0.841935635
0.79477483
0.719145119
0.838422835
0.673612356
0.501535177
0.748420715
0.640580237
0.333669454
0.403814614
0.487849355
0.222405598
0.15470989
0.147262469
0.288030297
0.031541355
0.017038008
0.01068213
0.003381426
0.011002343
0.033519294
0.342202187
0.133730471
0.319276005
0.270133436
0.037196118
0.317664623
0.289505452
0.188948587
0.116203383
0.237690747
0.198141366
0.02692553
0.177647963
0.221945748
0.075249009
0.026791716
0.252721906
0.208469048
0.063647039
0.134770587
0.29652375
0.219914973
0.071928993
0.342042804
0.284908205
0.464083642
0.421004474
0.194244981
0.421807349
0.074348904
0.030515481
0.022263899
0.015457681
0.204793498
0.109331422
0.434120804
0.52042681
0.541820347
0.417539805
0.425570518
0.344322354
0.287400067
0.263641417
0.397128373
0.363419175
0.420619398
0.435839832
0.489096105
0.383184642
0.381327718
0.442402631
0.232125983
0.345262259
0.371751726
0.169044316
0.175021842
0.294076234
0.298397094
0.075700685
0.25591895
0.31837824
0.297337025
0.377427548
0.318418384
0.454324394
0.432122678
0.508924067
0.398755014
0.599348187
0.031018475
0.550630629
0.57285893
0.044821613
0.036117416
0.533000112
0.408919066
0.011971992
0.122868575
0.404143989
0.323487937
0.06283728
0.360977262
0.439691693
0.380033672
0.176572382
0.080015123
0.157736689
0.280129999
0.123176202
0.148496941
0.036913201
0.034069415
0.006484096
0.00497574
0.005129839
0.007613795
0.020777313
0.165544063
0.153303936
0.359969437
0.286053419
0.505237281
0.530164838
0.584293544
0.53567028
0.445954233
0.515010655
0.594589531
0.084640712
0.363696843
0.502733707
0.40127179
0.096556515
0.295012206
0.341176033
0.052620996
0.145134404
0.219317168
0.166807204
0.097465418
0.057281245
0.086185291
0.016407181
0.041453216
0.010203014
0.015788132
0.05191813
0.026607271
0.217556804
0.257678628
0.131401792
0.324567884
0.181235984
0.259079635
0.32219097
0.047060061
0.205027968
0.323594987
0.029615853
0.059374016
0.111550614
0.157791838
0.187991068
0.130168214
0.095690481
0.058182735
0.097090311
0.14845328
0.152537435
0.245609879
0.19758524
0.126429394
0.209703848
0.230915397
0.114822276
0.025318123
0.095391192
0.082731582
0.088278368
0.072723418
0.125518844
0.050703254
0.148947924
0.221628591
0.134718016
0.258074433
0.14090611
0.056568425
0.19554548
0.357765406
0.309919417
0.387129307
0.274836183
0.40720728
0.467536837
0.370176136
0.39611572
0.385948986
0.289409131
0.456475824
0.357880592
0.358221412
0.419119567
0.459269702
0.422395229
0.07475213
0.052038155
0.074621454
0.049318869
0.065160014
0.227393359
0.318837315
0.07713528
0.12964803
0.068470597
0.080091231
0.012485884
0.025651051
0.352700561
0.128837317
0.486213028
0.279996812
0.471747041
0.57445091
0.550159037
0.583519638
0.547567785
0.379551798
0.051297914
0.403456956
0.537705064
0.481707156
0.523313582
0.289769858
0.475680768
0.38200891
0.380286187
0.429060102
0.045252878
0.450078875
0.253695339
0.518826008
0.602081597
0.597396731
0.533658326
0.429375231
0.503987432
0.055351276
0.269379646
0.026910318
0.294277102
0.163682446
0.029213512
0.309084654
0.363594085
0.454345345
0.479868472
0.533020675
0.567091405
0.332033843
0.52821368
0.543318927
0.365134507
0.085597053
0.369006574
0.046051286
0.083120704
0.081754491
0.054810435
0.071005605
0.078041621
0.077711038
0.0535414
0.063819401
0.073280729
0.042617805
0.071004391
0.008622136
0.03736002
0.089603141
0.318583578
0.23153697
0.177117512
0.359022439
0.392118812
0.188854694
0.482752055
0.526029825
0.199690163
0.212999731
0.458764941
0.173421338
0.338144809
0.081795685
0.144671783
0.098626271
0.024446329
0.01325587
0.043070074
0.018811263
0.29275018
0.08850015
0.505101085
0.141473159
0.421537161
0.399855077
0.660547256
0.611019969
0.477413446
0.165866479
0.714294016
0.658795953
0.475683242
0.16266048
0.487951845
0.702728271
0.54102236
0.332201809
0.697110891
0.754549623
0.517827868
0.068168774
0.681825459
0.655404627
0.470884949
0.045439582
0.592400968
0.542306602
0.324026912
0.033552304
0.459758013
0.345849216
0.077193223
0.109267727
0.11619544
0.135120139
0.048928842
0.05540885
0.015167238
0.159945935
0.458616078
0.280084342
0.589539766
0.617793024
0.746730685
0.688925505
0.642524838
0.548208833
0.344698101
0.199805349
0.032328662
0.01969553
0.026934186
0.005081662
0.030047446
0.069129653
0.069291748
0.053487446
0.055219732
0.111753792
0.067822523
0.02486225
0.009423392
0.049515285
0.052645843
0.011762895
0.004413957
0.045056015
0.01217988
0.007771883
0.042246334
0.068011895
0.018892698
0.044592835
0.096811563
0.067351229
0.0217693
0.120569728
0.200728044
0.215775952
0.21315515
0.059935566
0.118165649
0.188067243
0.118425556
0.258241504
0.127709717
0.032695837
0.342364013
0.036572579
0.449888915
0.014659516
0.012756522
0.002975438
0.027056076
0.016011031
0.052259292
0.319226444
0.157926902
0.64791584
0.424515605
0.494659752
0.083890349
0.442999333
0.202066213
0.201024309
0.381407082
0.158770069
0.48349154
0.097033396
0.626803339
0.491632432
0.730035126
0.632842958
0.6156528
0.277187794
0.626684189
0.693538964
0.43632561
0.091900423
0.603592515
0.586247981
0.041327082
0.399908125
0.520005405
0.452331513
0.185201272
0.381834358
0.397434741
0.309464455
0.268409342
0.012371404
0.080993198
0.005871108
0.005311152
0.016268758
0.073314123
0.005060779
0.032378651
0.110095054
0.046936374
0.01267814
0.071495399
0.147313282
0.102360733
0.162007481
0.061869908
0.04322543
0.084360413
0.025543969
0.200161025
0.187467888
0.308631182
0.263793617
0.270205736
0.356382608
0.399291396
0.245367348
0.348251045
0.495166928
0.537965715
0.193773791
0.440655887
0.447726458
0.436528057
0.26048097
0.208794028
0.074012332
0.112696782
0.040874347
0.028141908
0.222864702
0.027075984
0.151952699
0.107159816
0.100563787
0.158358723
0.070452802
0.218050182
0.329800487
0.210539192
0.328095168
0.345101804
0.082400925
0.027079616
0.284258664
0.20956926
0.085235208
0.165997088
0.2254107
0.129722074
0.055890605
0.07832972
0.012461032
0.01191368
0.067164712
0.006705867
0.034212224
0.109353118
0.029808598
0.022794791
0.172439605
0.12595357
0.03429649
0.183649778
0.236648858
0.283215433
0.386372864
0.334531784
0.432182282
0.392992824
0.404619098
0.403783023
0.073113225
0.202191472
0.308074147
0.303712547
0.043688394
0.007451758
0.049186856
0.008274144
0.061658051
0.030214168
0.05088241
0.013676619
0.343449801
0.257511824
0.361015528
0.351391435
0.224805892
0.022644212
0.224604905
0.235834584
0.081951909
0.011619027
0.256348372
0.264017522
0.049894854
0.162870973
0.324373692
0.408921778
0.37039873
0.363822103
0.384828269
0.357454062
0.362035006
0.286203355
0.039850451
0.064005911
0.054282632
0.031879216
0.087258212
0.010141731
0.067767709
0.079121992
0.24048236
0.363991946
0.453824461
0.413279265
0.452429622
0.372236162
0.389612168
0.345387131
0.30129391
0.089404419
0.020129258
0.22641027
0.056873929
0.012262066
0.124543346
0.198371589
0.063261226
0.018817408
0.265388161
0.311565876
0.278290451
0.36144954
0.279905379
0.181735441
0.235227138
0.150864765
0.067641504
0.105657719
0.267184407
0.380925357
0.27135691
0.230195746
0.330149591
0.39444676
0.237765491
0.26116088
0.360606015
0.355337799
0.346990108
0.370951444
0.277279377
0.062835775
0.240776122
0.223357484
0.077329352
0.009814505
0.086220935
0.133398354
0.037731912
0.007266856
0.098136581
0.068500601
0.012211648
0.109870091
0.111333452
0.125259131
0.185134783
0.19893527
0.224907488
0.245367348
0.181876734
0.251788795
0.263244212
0.264149487
0.019760041
0.072331481
0.030878721
0.002455976
0.024142958
0.030517343
0.035237096
0.016252313
0.059859626
0.4109267
0.41300571
0.398454934
0.436274588
0.301234752
0.510973871
0.266339302
0.123210408
0.058278441
0.125234067
0.147281557
0.048366044
0.034545839
0.111727074
0.119129255
0.016495839
0.058127522
0.177763119
0.237969324
0.244828552
0.219341338
0.223678872
0.186680868
0.138850763
0.093489252
0.06982059
0.084497184
0.102772385
0.078784309
0.043793939
0.016300641
0.341047913
0.177931219
0.060908213
0.462238014
0.528380215
0.47919026
0.504056454
0.321535319
0.426139653
0.270849019
0.140501618
0.073855184
0.036850549
0.068730161
0.029525407
0.033772491
0.090538718
0.099397048
0.021288734
0.042458095
0.077084921
0.116966069
0.082411848
0.067548826
0.030453939
0.033033598
0.015564983
0.276943952
0.036450822
0.031911138
0.468671441
0.441850483
0.026775595
0.061095558
0.586910725
0.363192916
0.021281999
0.522269189
0.584737599
0.368264169
0.393152177
0.217023611
0.375502795
0.179048434
0.082355693
0.041297998
0.020438842
0.057007406
0.030898791
0.084193029
0.017789736
0.036927383
0.011614855
0.051159646
0.050166924
0.026881697
0.02809814
0.163598374
0.092055179
0.039462976
0.123129338
0.051193487
0.012466908
0.129717231
0.116539329
0.217130527
0.169475436
0.169205025
0.22996752
0.179962143
0.160243437
0.365740091
0.496806353
0.057480086
0.173774958
0.499576002
0.535789132
0.054833647
0.493458807
0.606717229
0.180642352
0.10030283
0.514958084
0.529174268
0.241885886
0.320472658
0.248389214
0.353236347
0.305375129
0.179851651
0.41223529
0.31000784
0.283521622
0.183266938
0.376714736
0.306081682
0.282053858
0.269208282
0.057087839
0.247124463
0.276558399
0.027750244
0.049586471
0.273100913
0.280372381
0.122995347
0.176493555
0.061866067
0.099087752
0.23284021
0.479296625
0.25105831
0.185499668
0.13937144
0.055574495
0.078736305
0.020560576
0.055319622
0.024820097
0.084857635
0.023896793
0.048333101
0.093183734
0.052603241
0.169407353
0.209429651
0.350965291
0.052563094
0.114688538
0.35742262
0.30880478
0.114531673
0.095345758
0.068738431
0.071584098
0.13794288
0.022947993
0.017225819
0.016978607
0.014847132
0.017128615
0.096518554
0.117017806
0.041002207
0.034184616
0.128362015
0.210722208
0.099793099
0.103856318
0.117075741
0.236178249
0.193952397
0.235712513
0.408369064
0.38687095
0.264269948
0.53520155
0.394599497
0.057934579
0.480572909
0.556277037
0.273186058
0.039797574
0.101557016
0.420849472
0.18755573
0.048124515
0.347550184
0.371507794
0.192737043
0.352519482
0.232111573
0.095194384
0.364072025
0.469028533
0.408792645
0.385855824
0.562288463
0.584454417
0.731864095
0.52681005
0.432154566
0.680828393
0.674406171
0.126625732
0.553308785
0.666951537
0.502201736
0.72865063
0.512291133
0.134293348
0.700892746
0.366110057
0.53691566
0.619718254
0.467827559
0.268453985
0.545047402
0.434434056
0.552876294
0.643779933
0.537645459
0.723583281
0.586601675
0.161246881
0.455833077
0.132716238
0.141170785
0.224962816
0.059319172
0.068982959
0.127483308
0.164695993
0.197579622
0.143201366
0.092845909
0.049877498
0.043454982
0.03945516
0.041638169
0.043827083
0.011230202
0.039631717
0.031374667
0.027494263
0.021309305
0.043450534
0.079951398
0.135447294
0.231029615
0.330440551
0.07632982
0.335277021
0.280519396
0.172121033
0.066448256
0.270561248
0.195188031
0.109288245
0.005817036
0.056626845
0.015263837
0.155265287
0.007608004
0.260688066
0.318602949
0.285665661
0.418785602
0.340444982
0.263850003
0.293507874
0.157144904
0.029492307
0.113403358
0.004418955
0.142991513
0.016578153
0.062641881
0.154792398
0.164914459
0.121123552
0.142743438
0.002359025
0.004760926
0.002192103
0.00813478
0.005161342
0.062125653
0.003544775
0.011403198
0.007731773
0.001024169
0.003080646
0.025124691
0.124692418
0.083355077
0.127138391
0.142289862
0.077236943
0.032601219
0.056200899
0.089659728
0.112408087
0.099238776
0.194050416
0.123035885
0.048726387
0.195235342
0.187731549
0.055139348
0.05613609
0.194173977
0.210261792
0.159121096
0.060566358
0.188937604
0.182216927
0.145865113
0.163621619
0.113612667
0.121173091
0.112576976
0.03236907
0.073183864
0.004509395
0.079676665
0.00458857
0.112302884
0.101386406
0.042375222
0.212111712
0.237667963
0.206104144
0.199000448
0.120534688
0.093257897
0.097335041
0.044413831
0.072377764
0.013967198
0.052172992
0.092406116
0.033748232
0.096308567
0.005018442
0.078241698
0.028212953
0.14440982
0.09530443
0.084684789
0.290829331
0.281926274
0.403816372
0.456261009
0.270705462
0.216016263
0.151188359
0.110672489
0.083339013
0.118664108
0.054946203
0.088155471
0.016436918
0.06790939
0.004777063
0.002457267
0.059852034
0.024245903
0.097623743
0.157652467
0.172818929
0.044202548
0.148051217
0.231646687
0.264093757
0.089676
0.162915871
0.28124103
0.167183101
0.115773968
0.115174912
0.000911283
0.001286736
0.00049307
0.000206257
0.000598127
0.007201809
0.172295973
0.149863198
0.163474083
0.057679161
0.010885075
0.000867932
0.005537835
0.158753335
0.047147579
0.008689234
0.168273196
0.205874711
0.09917827
0.126462653
0.199529082
0.148834363
0.17772533
0.189231306
0.169275895
0.009855121
0.01268374
0.006857854
0.044049237
0.021604264
0.055300888
0.495536745
0.439233541
0.381001294
0.33532989
0.021168962
0.019872878
0.002722129
0.008357699
0.00203783
0.015105637
0.062993601
0.200453714
0.355507314
0.30811581
0.272625566
0.358966798
0.528232098
0.570388973
0.585659802
0.408793122
0.571064949
0.573419034
0.338512927
0.476443648
0.337134808
0.105259553
0.186691642
0.040473964
0.128779858
0.182286039
0.145543322
0.202939704
0.190693453
0.12781705
0.100948907
0.06347885
0.01369289
0.072721049
0.008903007
0.107189342
0.010469407
0.184136882
0.187170401
0.020196186
0.367172003
0.061158024
0.445870548
0.47885713
0.223774016
0.249604568
0.031360384
0.065395713
0.020024562
0.047158398
0.162583753
0.117932804
0.039018072
0.015740134
0.133322924
0.180830374
0.035217196
0.015435027
0.0073862
0.116741583
0.012969842
0.048314579
0.011991262
0.111017749
0.206174433
0.254386336
0.241081908
0.016560514
0.201887295
0.011147042
0.030923802
0.101971492
0.011068292
0.006977975
0.109842889
0.079162896
0.011598466
0.008073593
0.032217599
0.051797848
0.020313043
0.013139586
0.030262507
0.057729747
0.257583976
0.04546579
0.09429571
0.35797593
0.479170799
0.431232423
0.480212301
0.471635222
0.18934615
0.062457405
0.155428991
0.062677659
0.068668552
0.163821384
0.145200565
0.24299264
0.36095506
0.292257279
0.266247749
0.095383815
0.019257538
0.032742593
0.023704506
0.21697928
0.477966607
0.478639394
0.263802409
0.242252812
0.499678552
0.580691814
0.546005487
0.659469664
0.535912931
0.508179367
0.497900784
0.515783012
0.088070624
0.361194283
0.514996827
0.101358049
0.476726204
0.030702488
0.14561528
0.083335519
0.210083604
0.261239558
0.378576308
0.465286791
0.480725944
0.185817361
0.499343365
0.098726332
0.48238346
0.215714291
0.495558769
0.156771168
0.054790515
0.079907492
0.31905371
0.481391191
0.360483915
0.361862093
0.47916168
0.41993165
0.149587184
0.283587784
0.044473227
0.01396299
0.048497781
0.021562139
0.156419113
0.19442527
0.225159794
0.351446539
0.285866588
0.234757006
0.149369925
0.049771927
0.078042336
0.16977936
0.158660963
0.251234055
0.19889304
0.14157787
0.009847169
0.005774361
0.112792179
0.02462304
0.013032058
0.029671973
0.241959825
0.028289605
0.027946057
0.275911003
0.431560576
0.275420249
0.132226273
0.048263311
0.05066175
0.010952374
0.141136169
0.085645884
0.233665362
0.255436838
0.191702873
0.266866475
0.027177004
0.04128566
0.377043813
0.472050995
0.488576889
0.457173109
0.602067173
0.657018304
0.633312821
0.526439846
0.448419839
0.060209166
0.391947001
0.447463602
0.455812067
0.451025158
0.415864825
0.512883186
0.478137702
0.616529167
0.594460428
0.477662712
0.513928473
0.425525129
0.336710334
0.153078243
0.182785481
0.379319996
0.238736093
0.228370413
0.431977868
0.34769401
0.48892349
0.43560034
0.436724722
0.370504588
0.363617241
0.477607012
0.526344717
0.641705811
0.481858194
0.56289494
0.162086114
0.507336497
0.024690984
0.404124707
0.145831928
0.257276297
0.124930836
0.466843992
0.521154046
0.411074191
0.316357076
0.396975905
0.212649211
0.208085671
0.027442602
0.239988193
0.076355539
0.177051842
0.260707945
0.221298829
0.154362679
0.052585401
0.156457752
0.095771462
0.497968942
0.455834121
0.147537693
0.215668634
0.432510853
0.472771138
0.474701613
0.411982566
0.120056801
0.590653241
0.209969416
0.611612618
0.535486281
0.478301674
0.212886214
0.467378497
0.045319356
0.60867995
0.089757383
0.642854691
0.508554995
0.089006707
0.323920041
0.101783797
0.227866754
0.233363092
0.235709354
0.216330186
0.134067714
0.112009555
0.065963879
0.08347737
0.056774616
0.172452047
0.043843988
0.239441618
0.028191449
0.266289026
0.1160101
0.410829157
0.444505602
0.602993608
0.586289585
0.489622027
0.466630965
0.350782365
0.356992424
0.163988605
0.289726973
0.260298043
0.166384861
0.170926958
0.047632977
0.18818371
0.068486847
0.271785378
0.307177931
0.310100198
0.139115393
0.464424044
0.490071744
0.706074059
0.377914429
0.177986473
0.486090124
0.625490487
0.068956733
0.340553731
0.549775958
0.608296573
0.178729728
0.114016242
0.165355161
0.112481989
0.122897714
0.1354011
0.03458317
0.262446791
0.124731183
0.053766347
0.252227992
0.271728963
0.150846362
0.193003476
0.245956689
0.087478705
0.07153181
0.319220304
0.519695878
0.574693799
0.583948791
0.626951635
0.612368822
0.52652806
0.488755912
0.483249158
0.648880243
0.549296856
0.557683647
0.417579025
0.398221165
0.421978116
0.50611639
0.441542029
0.330932975
0.539137661
0.467650592
0.479784936
0.224126473
0.262163043
0.059197851
0.272763193
0.058511835
0.127041593
0.24281013
0.07512705
0.169301435
0.382610559
0.039091006
0.430729181
0.244443119
0.249872044
0.375449806
0.457995802
0.326686889
0.256504864
0.234728888
0.082342215
0.61386323
0.689079881
0.289246142
0.258063465
0.580507934
0.156863913
0.365348101
0.577592313
0.393226594
0.459470123
0.674274445
0.605858982
0.457414061
0.646603465
0.584551215
0.554401815
0.433367491
0.516350985
0.368882835
0.218893826
0.431093961
0.179207757
0.309011489
0.09251152
0.291325837
0.260711193
0.257473141
0.182183176
0.111042187
0.161221743
0.207472876
0.122210309
0.308652222
0.461957335
0.108821556
0.233643338
0.01881393
0.069798246
0.095592335
0.0484876
0.023515228
0.042996816
0.086882025
0.201262251
0.082573831
0.027814277
0.124086589
0.033324435
0.076326691
0.235442057
0.021561449
0.140456349
0.285133988
0.174334049
0.072826572
0.223315075
0.406125039
0.687418759
0.646696687
0.506102085
0.508870065
0.724349439
0.110360354
0.353338361
0.720247209
0.691640317
0.312487662
0.465934366
0.054976862
0.256920964
0.067476735
0.133302972
0.476587296
0.590605855
0.515227079
0.561543465
0.647270262
0.706740379
0.537174761
0.571625769
0.45361793
0.137614831
0.285728842
0.220936865
0.152242973
0.027009489
0.35857299
0.467547327
0.466929704
0.286107153
0.040340085
0.044615153
0.371420592
0.125128493
0.024479952
0.088476896
0.218945727
0.153611988
0.097022317
0.36571908
0.188652903
0.599939942
0.326044053
0.320492357
0.518320501
0.510879159
0.601349354
0.614599228
0.725910246
0.388205558
0.710216582
0.511755705
0.516768456
0.160299286
0.461674452
0.426243275
0.476989955
0.561238348
0.756446838
0.748868346
0.738448322
0.735121369
0.633427083
0.603717029
0.719334841
0.805482388
0.611417472
0.655784428
0.541039765
0.584264815
0.634571314
0.531255901
0.492889047
0.482545137
0.597775817
0.621724844
0.490450352
0.681057036
0.358424217
0.379740626
0.077683233
0.134936348
0.413584709
0.139475197
0.016093666
0.148690954
0.084702417
0.036225181
0.016585087
0.021457102
0.079695977
0.050455485
0.037219089
0.02619407
0.082497828
0.084862009
0.302394539
0.275676817
0.307641447
0.342030972
0.333324283
0.314558059
0.665162802
0.541278362
0.722327232
0.823213577
0.759860218
0.83826071
0.828674495
0.654669046
0.660106659
0.199897557
0.449064672
0.115879104
0.338012189
0.273688942
0.19401224
0.435628414
0.381232232
0.769868731
0.607956946
0.417241991
0.445690215
0.255347461
0.819957972
0.132649973
0.497362018
0.298986077
0.426907092
0.62951529
0.571999609
0.737933338
0.657152295
0.529609501
0.818540871
0.745206058
0.841341734
0.782851219
0.784215629
0.820536911
0.176591903
0.378821969
0.786991596
0.336110204
0.527074397
0.682610989
0.844083548
0.645430267
0.422213554
0.611579716
0.335287064
0.628614426
0.294481575
0.506233811
0.471779168
0.54811275
0.216531783
0.087404095
0.243824929
0.296729892
0.013200815
0.052029975
0.164411217
0.069829546
0.005093933
0.046408162
0.139944464
0.13702251
0.240146607
0.303122044
0.271725059
0.136504591
0.254888296
0.303147793
0.136639833
0.062348019
0.248482019
0.143488422
0.110480085
0.138107717
0.309699088
0.125326559
0.132007152
0.179508999
0.13222748
0.221304566
0.165475279
0.082839251
0.003131823
0.145339713
0.009666326
0.006835437
0.063397706
0.063601494
0.007752661
0.026056534
0.057847206
0.120403796
0.097899958
0.084270269
0.140394464
0.248177588
0.206767663
0.093052372
0.239605516
0.273586094
0.223852873
0.161692098
0.180211693
0.265944421
0.150084645
0.025891792
0.157711178
0.285776049
0.022516683
0.060355198
0.425039321
0.349239796
0.031826064
0.203724846
0.381370902
0.336506248
0.043720998
0.407132119
0.509775221
0.361341178
0.348253727
0.568010688
0.392941326
0.557899714
0.482914507
0.213694304
0.145890012
0.035321575
0.118667223
0.019663911
0.071694426
0.009907073
0.0232975
0.038726237
0.018847765
0.010418103
0.028753357
0.043029677
0.356648177
0.153767571
0.270337343
0.149984315
0.163573325
0.194579914
0.185328409
0.239587963
0.251206189
0.216853857
0.160119936
0.224725083
0.259392977
0.200058237
0.026277637
0.250054359
0.251453966
0.036387455
0.178512245
0.270723045
0.212520704
0.212032869
0.331876993
0.343496799
0.380577117
0.285339385
0.307469636
0.387278706
0.282508641
0.364281267
0.528783381
0.63885504
0.205707788
0.402251095
0.594948053
0.569838285
0.577117622
0.624436319
0.515973687
0.63703531
0.58729583
0.542490304
0.493858546
0.242800906
0.215288952
0.458535045
0.325025707
0.493099451
0.588668346
0.450517386
0.344250858
0.280443877
0.506329775
0.591864169
0.263081104
0.114040866
0.052763287
0.21808821
0.328557968
0.274506271
0.281068444
0.456964463
0.472489655
0.550292552
0.575383961
0.46866709
0.407666802
0.294415176
0.532332778
0.093196936
0.147786409
0.213210985
0.286311775
0.398052007
0.290889263
0.339946568
0.295401901
0.145702556
0.182948574
0.084164344
0.073686503
0.324655682
0.292883426
0.398787618
0.598648489
0.602902591
0.499021798
0.340729743
0.393296003
0.228755489
0.120939367
0.055690687
0.176497415
0.277021766
0.263812721
0.249981552
0.126771569
0.077525549
0.075457022
0.122387752
0.042824786
0.038432132
0.090490051
0.102333307
0.0625045
0.061503753
0.042106859
0.069608346
0.022010336
0.047838029
0.059650101
0.049272291
0.096498303
0.275306493
0.327035278
0.175241366
0.399345607
0.712773681
0.113449082
0.288899094
0.598199189
0.642053068
0.078449205
0.378696501
0.409181356
0.336067319
0.334296674
0.323329151
0.231001586
0.138875574
0.227687731
0.382629931
0.289025128
0.241077021
0.319054276
0.117962271
0.609419703
0.288629055
0.518407226
0.714429438
0.771975458
0.678935945
0.645092547
0.516092062
0.443232715
0.427140504
0.550760448
0.36821112
0.483930588
0.221918851
0.681696355
0.538557231
0.194153324
0.190826654
0.674554467
0.16248697
0.147930488
0.081236012
0.537789166
0.130292282
0.105262645
0.132325858
0.138507441
0.194382459
0.161924362
0.20845218
0.311818451
0.173748583
0.078759104
0.050113037
0.054275312
0.55144912
0.060727857
0.138138771
0.118391238
0.631733358
0.052287877
0.100347906
0.629702449
0.045120005
0.243964985
0.104792863
0.054714341
0.125385985
0.230290845
0.135235205
0.116651103
0.260605961
0.105040483
0.141122952
0.139086097
0.518473387
0.144700035
0.114876725
0.534310937
0.65375638
0.091918781
0.128465801
0.200123876
0.113470614
0.084001526
0.083750829
0.104265593
0.385187775
0.078804798
0.14708887
0.178896114
0.060838323
0.626778722
0.270173579
0.209692508
0.624722779
0.729571462
0.362891018
0.249826401
0.823055267
0.700964034
0.419144809
0.712623954
0.769494832
0.580630243
0.740514278
0.499792039
0.668582976
0.463508844
0.332127482
0.214961052
0.628832102
0.309780151
0.17780602
0.505563378
0.791813135
0.33845827
0.188555554
0.634483039
0.709016681
0.147428587
0.217163622
0.470872819
0.364865571
0.133061484
0.171299219
0.122657515
0.159394145
0.088469394
0.062149275
0.112942368
0.390785307
0.119713627
0.093194142
0.127795815
0.126245454
0.485448271
0.125065461
0.140934289
0.530170918
0.231017083
0.206336066
0.293858469
0.481637329
0.32082215
0.55924356
0.673085928
0.380809218
0.671028495
0.760980129
0.561503291
0.423982531
0.714276493
0.542940319
0.744691551
0.486885369
0.194592565
0.289199889
0.383367866
0.141401172
0.326313525
0.603863716
0.344038308
0.301425278
0.278208911
0.321170032
0.378130615
0.262625426
0.304727644
0.336302966
0.31296435
0.141711563
0.315388978
0.369573027
0.27361998
0.268132508
0.382965416
0.327646315
0.153824896
0.349566191
0.297482938
0.393050253
0.450579464
0.44189766
0.506454825
0.472449422
0.434876889
0.408271909
0.125418976
0.200354785
0.320624501
0.33523646
0.365663826
0.293830723
0.346948832
0.377548754
0.384232461
0.415579557
0.417549878
0.310937524
0.326510459
0.364785671
0.427817613
0.282485485
0.410918772
0.323096037
0.415574074
0.31419763
0.256742179
0.334383041
0.262817621
0.354398221
0.127383664
0.367857844
0.103560202
0.246674001
0.119820319
0.336098641
0.323921323
0.351534843
0.389695674
0.150443017
0.310542285
0.060063422
0.161395848
0.037738208
0.065383948
0.386021882
0.134016082
0.274586678
0.253227204
0.212412775
0.193457782
0.210964054
0.153655604
0.119936593
0.415781558
0.432176441
0.382613063
0.413195342
0.370951861
0.361389518
0.098710254
0.332601726
0.40422368
0.388901561
0.352142155
0.378982216
0.442799449
0.401106715
0.362026036
0.340736479
0.340057373
0.318936378
0.324050158
0.21673654
0.327615708
0.239174917
0.416482925
0.3012366
0.435579568
0.296465188
0.426976919
0.407664955
0.158992678
0.385137647
0.428302526
0.216619968
0.064129107
0.193228319
0.175607085
0.360396177
0.371187717
0.347205937
0.241568118
0.069126137
0.215360999
0.031696178
0.056794271
0.27450332
0.234851956
0.08847864
0.277057946
0.256035924
0.167639837
0.055147223
0.278348118
0.141184568
0.124601319
0.072413273
0.224610299
0.240684256
0.259340644
0.270739168
0.240570083
0.135421455
0.090457097
0.139418334
0.054953385
0.075026318
0.052237842
0.048956767
0.140397549
0.129107833
0.081722312
0.122297123
0.209144652
0.132281885
0.154424474
0.06418021
0.072498322
0.159307688
0.116150692
0.44010058
0.351924866
0.052402128
0.248186141
0.351015002
0.285866708
0.059293095
0.259526461
0.347579509
0.210391924
0.240974516
0.360788822
0.410375357
0.330743045
0.308241695
0.259365201
0.284634262
0.285100132
0.085608058
0.316096246
0.286480963
0.322262049
0.109009728
0.313440323
0.273795366
0.09636531
0.172264114
0.405749172
0.349004477
0.283072948
0.424194664
0.428571403
0.093537733
0.21341531
0.415355623
0.322871476
0.075965784
0.224838644
0.234671503
0.140300184
0.421552092
0.353163123
0.394495934
0.510307789
0.458385944
0.370888352
0.123464972
0.327744752
0.378485769
0.328849763
0.339124471
0.351431817
0.088179
0.294345975
0.474298418
0.461518824
0.473487586
0.349044085
0.470964283
0.350888759
0.47334981
0.419381917
0.349748701
0.412028819
0.437962204
0.479376167
0.528839111
0.502607286
0.508179128
0.442386329
0.176355183
0.531877995
0.463152826
0.234284297
0.099053897
0.235941708
0.106014952
0.104051888
0.436618209
0.366326541
0.448268205
0.338194072
0.341445237
0.02304543
0.02251594
0.000444616
0.000323886
0.000477443
0.00101104
0.013767567
0.007870143
0.023867832
0.045494083
0.179741919
0.114895076
0.015759639
0.068084635
0.002127539
0.018321579
0.002437531
0.00312689
0.042882059
0.03509593
0.020442849
0.010211112
0.061900485
0.067038842
0.048470642
0.050458621
0.090549015
0.0285546
0.142231062
0.154495776
0.267831862
0.176227823
0.402326167
0.312669426
0.349509776
0.498185515
0.425002724
0.451876611
0.550544083
0.474310994
0.361510545
0.300732702
0.19454582
0.049744278
0.200921133
0.04172226
0.105427645
0.21097146
0.007570424
0.020150242
0.075884655
0.10710787
0.003433015
0.025487643
0.030077731
0.011713107
0.003181661
0.015569411
0.041286036
0.002795924
0.002029944
0.016911559
0.060249195
0.051522482
0.067758217
0.015423836
0.01245638
0.013632198
0.027273379
0.018932803
0.001689565
0.020317707
0.008248103
0.000230946
0.000166748
0.00028134
0.000728084
0.000569016
0.013538904
0.002515225
0.005442397
0.009446073
0.004152781
0.002022732
0.00322972
0.005682851
0.099837422
0.021642659
0.052815609
0.107852876
0.041091066
0.175777018
0.144729584
0.152440608
0.181348071
0.192439735
0.005765814
0.012628326
0.053971522
0.068308413
0.193548039
0.2303624
0.141420424
0.166988492
0.021615509
0.133711204
0.215333551
0.046724234
0.006745044
0.179054752
0.111436971
0.007439843
0.16171968
0.185687914
0.05836824
0.075397298
0.045665443
0.080247678
0.119392544
0.12469276
0.004714582
0.06478034
0.141300395
0.13496615
0.00647895
0.008497074
0.004653603
0.029342405
0.029832838
0.015740221
0.030161383
0.037033252
0.001985898
0.000791364
0.000462625
0.002734008
0.015666177
0.001580866
0.040449541
0.156707034
0.043993115
0.011778315
0.088068701
0.17387861
0.157332316
0.166575894
0.086884372
0.044188496
0.048755106
0.063025087
0.072783329
0.005334986
0.022367466
0.030135149
0.018716075
0.021761887
0.005220747
0.00805235
0.000777223
0.001386414
0.001285206
0.002015857
0.000244764
0.000717929
0.003767142
8.41959E-05
0.000642783
0.012652148
0.018907936
0.003549401
0.008168405
0.028206544
0.018316822
0.026567532
0.026011882
0.005205364
0.012563682
0.005013404
0.003127015
0.129003003
0.000684168
0.000295045
0.00371227
0.002980377
0.001047943
0.00064646
0.001184578
0.0008265
0.033083647
0.148463205
0.052614458
0.157176271
0.183310658
0.129151449
0.132173568
0.018416075
0.100856528
0.153799847
0.10958498
0.002749509
0.011446906
0.05441298
0.018423457
0.004256729
0.022641793
0.001368959
0.008487987
0.064194314
0.023579946
0.005319643
0.007943261
0.006760271
0.062690139
0.06384483
0.113830149
0.128538892
0.008455048
0.060577363
0.120519027
0.072855234
0.025086682
0.025215151
0.042560615
0.013622732
0.024722902
0.008148811
0.021832487
0.03247977
0.000790177
0.010207406
0.000274847
0.000431657
3.57016E-05
0.00013952
0.006241434
0.006217903
0.000108036
0.000108111
0.000349203
0.001676783
0.002937882
0.000431192
0.002747629
0.012801024
0.012994729
0.022271525
0.087988108
0.112318918
0.036773011
0.043535199
0.006577606
0.000755067
0.000344013
0.003195175
0.001290939
0.033800032
0.057330307
0.012871762
0.002060486
0.015401281
0.000379437
0.000314618
0.018978886
0.019932657
0.033052754
0.073378831
0.194981426
0.142755389
0.095444262
0.069874682
0.085149549
0.034700703
0.125833735
0.099832438
0.037768465
0.008318413
0.005046608
0.02151194
0.002481075
0.037457742
0.001325606
0.001468769
0.028952839
0.109981023
0.145408183
0.061401725
0.143586397
0.10620299
0.082463227
0.098759517
0.001621676
0.010603105
0.001010848
0.000603111
0.003442078
0.006226041
0.169290707
0.307608217
0.004694652
0.03772305
0.171069741
0.115901485
0.08119382
0.279028565
0.611649096
0.464717329
0.392010063
0.474195868
0.567018151
0.690499246
0.582862437
0.650730789
0.362978101
0.479273021
0.2662507
0.118724331
0.166485921
0.312260836
0.035961807
0.114620596
0.345404088
0.400966138
0.023107115
0.213979378
0.44274956
0.269096226
0.291826695
0.146065667
0.038559087
0.308883458
0.320188016
0.46400404
0.13672407
0.463038325
0.084996134
0.188335836
0.339102238
0.576187372
0.370014369
0.164275333
0.041833147
0.014381558
0.00762214
0.058350958
0.124068983
0.032400914
0.170506567
0.08952678
0.232665583
0.287737042
0.513516665
0.615514934
0.642972827
0.704704762
0.665826082
0.591835201
0.720877767
0.503313005
0.600023508
0.531868041
0.620845377
0.516930938
0.602422953
0.457363605
0.323004782
0.690873682
0.17462872
0.040709861
0.039477099
0.107519723
0.014612031
0.010264701
0.022249037
0.02070846
0.001292828
0.020373853
0.016845845
0.000646802
0.012976554
0.014016418
0.001944193
0.002670777
0.035236355
0.035463043
0.00409086
0.030603934
0.072126023
0.040498249
0.040355869
0.06597393
0.067981862
0.081491813
0.020987963
0.071009159
0.024495402
0.001156768
0.017529979
0.000943206
0.001414013
0.018283561
0.056788176
0.025066756
0.006083712
0.088107526
0.045232803
0.102187186
0.035313036
0.007438244
0.008196282
0.102556743
0.010719385
0.001285964
0.029785095
0.068849958
0.003273855
0.002129301
0.032768816
0.023292365
0.101521604
0.003206363
0.021620976
0.081653625
0.017971057
0.118950747
0.069384098
0.065476164
0.108215824
0.002999317
0.006736548
0.004921894
0.003628902
0.000199468
7.64152E-05
0.000131641
0.000706599
0.000256244
0.000129585
0.008956288
0.065552473
0.080015868
0.058725547
0.094598398
0.011091882
0.005042193
0.097502246
0.108836018
0.019037304
0.119630866
0.022136273
0.002848713
0.049879909
0.030549295
0.019601271
0.020001298
0.063548028
0.039430421
0.145053878
0.170911893
0.068858705
0.076940991
0.14658995
0.084170111
0.169469088
0.235474214
0.132078171
0.07117071
0.146467909
0.086205162
0.049330954
0.070738174
0.218912154
0.027031604
0.02888028
0.174700454
0.180589989
0.015664324
0.115881756
0.47545296
0.202035114
0.088028066
0.476567507
0.670319855
0.481373966
0.352465898
0.479728431
0.689230442
0.5150581
0.481498241
0.412655056
0.425386369
0.446329385
0.451338649
0.37807706
0.432099611
0.361806124
0.350134134
0.156514049
0.042766184
0.312116385
0.191995621
0.013845539
0.40763253
0.275651425
0.177811608
0.19232823
0.120679438
0.118245311
0.192692772
0.015064695
0.079902992
0.169436157
0.224700525
0.049110033
0.108902931
0.208398089
0.257437974
0.221831128
0.259613127
0.261586249
0.125868231
0.26239711
0.364612579
0.343783885
0.317888588
0.483689278
0.48565641
0.391833484
0.436216772
0.110042118
0.013318104
0.014399211
0.086242691
0.460444927
0.016578484
0.034404702
0.495517194
0.411818951
0.318310797
0.324943721
0.186492398
0.183899686
0.02577428
0.007591899
0.144542411
0.074240468
0.012201086
0.114686027
0.176078081
0.155162707
0.220183864
0.191548467
0.266135961
0.252049416
0.256515205
0.300743401
0.298039615
0.322057277
0.48194471
0.492456824
0.269939065
0.529901147
0.052574653
0.024435785
0.018523904
0.080127619
0.334046185
0.037769083
0.052443113
0.507499099
0.475390255
0.37612322
0.433222026
0.366703779
0.271088302
0.041638419
0.023346191
0.256696999
0.140117347
0.018189326
0.242595807
0.303218931
0.271329492
0.269820601
0.21266219
0.307579428
0.279702485
0.257764518
0.240127861
0.30968976
0.420143664
0.512758136
0.508332253
0.239432842
0.522478163
0.067665979
0.017593704
0.01340595
0.121881641
0.561983943
0.088262036
0.078648955
0.538981974
0.512404621
0.423656821
0.441154182
0.357411653
0.291502267
0.133486316
0.067249455
0.277208358
0.244469643
0.025133213
0.248838037
0.331402689
0.317773491
0.276600212
0.189474031
0.276480347
0.270175129
0.223328143
0.22640346
0.276059538
0.476959825
0.468967855
0.52548492
0.342515349
0.523714721
0.069352262
0.038011286
0.014755764
0.331086338
0.570243955
0.084242679
0.121272802
0.526801348
0.520535827
0.42182374
0.449737787
0.392460883
0.381628484
0.091826588
0.046119448
0.327600688
0.2557621
0.018858161
0.166289806
0.311957717
0.290260106
0.278506577
0.14908281
0.206287369
0.100132838
0.113945536
0.163231477
0.182874843
0.484045535
0.502000034
0.515041173
0.119218215
0.485627979
0.038202312
0.024962284
0.01096091
0.19175072
0.522212744
0.098332278
0.216830879
0.493599236
0.494412631
0.461554796
0.478800595
0.442486614
0.436335981
0.390201062
0.078186214
0.391717583
0.317599297
0.01500108
0.045769047
0.31829688
0.258743376
0.087012373
0.027157009
0.129424497
0.16144827
0.221246466
0.143037155
0.29065612
0.358802885
0.425280064
0.47884807
0.393753946
0.423496574
0.303751111
0.049616925
0.297546089
0.387392223
0.409360081
0.349170983
0.446709752
0.400796175
0.399170518
0.337830037
0.29519704
0.394436389
0.365661353
0.077854395
0.358755827
0.405449539
0.349448442
0.104407407
0.314777642
0.274096549
0.232736126
0.213287041
0.240388498
0.267845958
0.230170012
0.420574397
0.366153359
0.176513165
0.202236384
0.1229048
0.328916103
0.368889719
0.333930463
0.354582012
0.150558546
0.339834303
0.196873531
0.435604841
0.40538165
0.066018134
0.443211824
0.568857551
0.59658128
0.469691038
0.645275772
0.640047193
0.292935282
0.441596806
0.573530555
0.07137987
0.136979938
0.052105762
0.299711496
0.189287245
0.349703461
0.338995695
0.48051995
0.184981793
0.090187922
0.084221624
0.13604109
0.104194365
0.092091896
0.077856019
0.081212968
0.167927876
0.114073269
0.058366936
0.041630041
0.310263246
0.144273534
0.094150834
0.313460529
0.362793475
0.202007174
0.335730135
0.249562547
0.315618783
0.334829807
0.356076539
0.28506279
0.186689466
0.1999235
0.622452736
0.456126332
0.65258795
0.520037293
0.461272269
0.214199618
0.267703176
0.342028707
0.108095959
0.34961769
0.216390178
0.115053698
0.26450026
0.177332819
0.13519074
0.169577673
0.161684602
0.388280183
0.091112658
0.362569749
0.389846295
0.445930839
0.338113219
0.374147117
0.351378411
0.409646958
0.127172008
0.547894537
0.559396148
0.433014929
0.693827808
0.451817453
0.565683603
0.567311645
0.25640583
0.369865775
0.589657903
0.529830694
0.728901744
0.566107631
0.348346472
0.564658046
0.266304165
0.289350092
0.38919276
0.367092729
0.261044621
0.486066669
0.636938572
0.311494559
0.28264448
0.254505962
0.34989959
0.336227566
0.323230714
0.263044983
0.271729499
0.275716901
0.344939023
0.405178875
0.179189652
0.240017414
0.326289028
0.274061799
0.774982989
0.410333931
0.721258104
0.352760166
0.787339807
0.698786736
0.430536687
0.678304195
0.520325243
0.78388679
0.713514626
0.836690426
0.593240976
0.838296115
0.70479846
0.829196036
0.747448325
0.659760058
0.512785196
0.370812207
0.709643543
0.315445274
0.33473435
0.597597003
0.764141917
0.423041523
0.559925199
0.822806537
0.328160912
0.298526257
0.482751399
0.398575932
0.73394376
0.794720054
0.614084959
0.372354805
0.463231057
0.747990251
0.630740404
0.677635849
0.280472577
0.66139096
0.814192235
0.340309501
0.220380142
0.319222689
0.110484086
0.252028495
0.274327397
0.226720512
0.280831873
0.047584221
0.211512655
0.333736956
0.232545078
0.470364779
0.429242909
0.265268177
0.118910946
0.147737861
0.155791044
0.167400718
0.470581263
0.464166045
0.560676336
0.599156499
0.686713517
0.69294399
0.724696577
0.626945078
0.700518012
0.599165738
0.573208153
0.669643283
0.661650836
0.539922893
0.498830467
0.616415799
0.479255646
0.544054985
0.485737264
0.472896099
0.5453403
0.477376461
0.493585169
0.485142678
0.478150368
0.478699744
0.472525656
0.436765492
0.461399883
0.476686627
0.469834059
0.47636655
0.475411355
0.473392338
0.462077379
0.330757648
0.240470827
0.232477173
0.188670263
0.046868071
0.110618792
0.053008143
0.02073608
0.110384114
0.057299741
0.063232355
0.083428569
0.088145114
0.04130723
0.050476354
0.052756853
0.004143586
0.0018355
0.004474984
0.005531743
0.001567548
0.001865153
0.111680768
0.024099244
0.004372192
0.00944473
0.117682941
0.020251879
0.014076116
0.115390122
0.088955373
0.034106519
0.096263252
0.171746179
0.098732635
0.083011955
0.185986146
0.234273896
0.219496816
0.09771698
0.029161541
0.015554143
0.003213597
0.003300053
0.001925572
0.000723065
0.007270565
0.003815458
0.001074733
0.002396543
0.032745887
0.002921737
0.002074765
0.010387785
0.070187315
0.003988605
0.014340887
0.040568646
0.034275632
0.004553186
0.111229144
0.032418918
0.092597954
0.004312024
0.045832328
0.060781837
0.084731527
0.004776145
0.015475348
0.106514797
0.080242552
0.011820526
0.078284003
0.006098978
0.068243757
0.107027404
0.007048958
0.035424206
0.064668909
0.016825246
0.042225841
0.068617173
0.125343397
0.050277531
0.098596193
0.071370006
0.1065633
0.065933533
0.01268494
0.044170536
0.106828146
0.041380566
0.024945591
0.121380121
0.107130125
0.017261574
0.068077743
0.102288127
0.059027757
0.030629424
0.105690159
0.262459487
0.115269125
0.070360638
0.052917834
0.020460812
0.025265684
0.056058019
0.04788442
0.244181275
0.116294295
0.176593646
0.057652302
0.242993072
0.008454815
0.182086095
0.028298926
0.05111992
0.221157044
0.086398013
0.055055529
0.136877671
0.132543609
0.080920644
0.154640496
0.109298736
0.040228292
0.208664015
0.146212369
0.082178354
0.064349823
0.231084302
0.143924922
0.085652068
0.049567349
0.143681824
0.165123582
0.307079762
0.058248919
0.337459981
0.317908555
0.140650168
0.154655248
0.038464751
0.074570946
0.185316101
0.063732892
0.219806433
0.268159151
0.022509834
0.091838084
0.411429018
0.334997505
0.02066859
0.21309559
0.438856781
0.305228353
0.049186982
0.319236398
0.40795368
0.290946871
0.284821332
0.021478405
0.065586835
0.065606594
0.073332816
0.064708665
0.023255017
0.026987385
0.068614095
0.077678017
0.040457837
0.069387726
0.056646548
0.061075456
0.041038133
0.058533255
0.005336833
0.006359782
0.002397239
0.0079557
0.006372716
0.006293283
0.014799877
0.038421493
0.004278609
0.028952383
0.009156527
0.021864131
0.008039775
0.030489724
0.042399682
0.074741811
0.046984881
0.232105881
0.206482887
0.407093078
0.477500677
0.274551153
0.4893125
0.366443038
0.570545971
0.5177598
0.232648015
0.651069045
0.265623182
0.325121254
0.530442953
0.511917889
0.441963077
0.45739606
0.195026115
0.351966798
0.043804366
0.109113142
0.252197772
0.033231709
0.524686575
0.093725264
0.470145762
0.063225724
0.257371664
0.064112648
0.136629373
0.466693491
0.353826225
0.556552112
0.207552537
0.472839475
0.251802802
0.163554996
0.461170584
0.173657238
0.603268683
0.020223731
0.074359171
0.043529198
0.016049054
0.03834001
0.001940344
0.01913796
0.017635491
0.022183474
0.006957458
0.015715277
0.002271113
0.006167446
0.014077904
0.016128739
0.417301714
0.322096884
0.58040297
0.619374335
0.502878785
0.474145323
0.310880035
0.072711937
0.330571324
0.324758947
0.023584805
0.052130014
0.207848102
0.258884221
0.021465009
0.087564148
0.016775608
0.117205098
0.035419963
0.008394803
0.057121586
0.124168605
0.014691758
0.028358255
0.109720215
0.250219464
0.090985946
0.447546214
0.234075859
0.553839147
0.48546347
0.489923298
0.537363172
0.19966583
0.535365641
0.025456592
0.04784213
0.053471424
0.007532137
0.044436269
0.012845155
0.046865635
0.044129487
0.05213758
0.046290811
0.051660366
0.025415778
0.031313509
0.107093558
0.045432474
0.01957543
0.077708364
0.153657585
0.082980067
0.068274453
0.025313912
0.155594379
0.053162914
0.001531629
0.014780991
0.082747348
0.080877289
0.071357116
0.008271351
0.022817347
0.007047116
0.029844239
0.048529781
0.009447793
0.025999328
0.070277676
0.073332153
0.05258102
0.021603106
0.056136411
0.004427623
0.060294442
0.035736162
0.002858451
0.025294445
0.007050994
0.022213355
0.010135357
0.019279627
0.003598735
0.024627645
0.006825885
0.039673958
0.06476254
0.06838873
0.023336632
0.024943201
0.103051886
0.107453324
0.07375899
0.321929723
0.452907503
0.471275717
0.493315816
0.482109845
0.503486037
0.530672133
0.596551001
0.601433873
0.571195126
0.634716272
0.677336752
0.616871715
0.63888371
0.631131053
0.520156384
0.626593053
0.217572689
0.595169842
0.628851295
0.183556184
0.050165605
0.008905289
0.000581735
0.000873698
0.000701607
0.002669746
0.025158292
0.069445997
0.089643449
0.028822184
0.023597771
0.001048276
0.000278112
0.002490911
0.001604685
0.001405834
0.001519358
0.025696158
0.013609737
0.045661956
0.108844228
0.016718272
0.106507488
0.187950984
0.071699791
0.405794561
0.390398085
0.257713974
0.40058139
0.21554938
0.423456192
0.202656731
0.325973183
0.187412471
0.077392496
0.277744383
0.226718754
0.369232357
0.371551514
0.060098421
0.195914745
0.404385477
0.070289887
0.166327134
0.033664238
0.237625673
0.386370778
0.22791861
0.234863073
0.382214934
0.343813449
0.307323396
0.136232525
0.277032703
0.229803413
0.05654325
0.054609936
0.031274471
0.051306989
0.011381978
0.033337869
0.089047506
0.070916422
0.129741564
0.219936192
0.083884895
0.065028258
0.067146234
0.011152713
0.012058119
0.0069997
0.030449657
0.250926644
0.408789724
0.407615691
0.376519382
0.116082147
0.353573799
0.112719737
0.129921958
0.169098705
0.012877834
0.104517929
0.135600314
0.020307966
0.027108515
0.114635162
0.107631192
0.364567518
0.199303195
0.39143154
0.400642782
0.197883412
0.46602577
0.447726846
0.457426906
0.347791821
0.311434776
0.180244401
0.232188538
0.335210741
0.195402309
0.316139728
0.357495278
0.352462381
0.427344918
0.388708711
0.463821977
0.421542138
0.479136258
0.447616488
0.403485209
0.161240548
0.11067035
0.026982579
0.009465306
0.027328525
0.093442231
0.077047363
0.178282604
0.221951336
0.172755584
0.192941248
0.01856431
0.008010721
0.003651253
0.013381287
0.01624419
0.317833453
0.242146417
0.334422946
0.41331172
0.449595153
0.386909574
0.153865367
0.073673613
0.246836632
0.042859267
0.127691686
0.041457396
0.105328187
0.038484663
0.022900125
0.133194953
0.118204154
0.106095031
0.235066712
0.158580467
0.303499669
0.267195463
0.234464675
0.470125079
0.47203967
0.385098815
0.418230653
0.291591048
0.133018985
0.233791664
0.332799524
0.291829169
0.317019761
0.201690257
0.382851303
0.3207362
0.24657388
0.264321506
0.181430489
0.052126393
0.193840072
0.013229619
0.074903421
0.018732166
0.00686929
0.0370389
0.044072941
0.119769961
0.144337043
0.22799328
0.341625124
0.274208903
0.337272257
0.374501258
0.017110897
0.006499973
0.010881065
0.018455407
0.021017587
0.16202715
0.228401408
0.16463919
0.262967706
0.0478893
0.287910908
0.216703311
0.14986217
0.430638224
0.045811288
0.363496274
0.371006191
0.355771899
0.311503291
0.488994837
0.467131793
0.485766232
0.483154297
0.472387761
0.493966311
0.483405918
0.373604
0.479467213
0.496884584
0.339851379
0.029131372
0.087663323
0.0096668
0.009541122
0.034562469
0.058141682
0.112431034
0.124420121
0.238275886
0.177779615
0.366540045
0.355478674
0.027702499
0.019594742
0.016885275
0.011197929
0.420330554
0.34495765
0.422160983
0.302267641
0.434419423
0.023760317
0.422465801
0.316185713
0.448884189
0.460428983
0.424195379
0.503420413
0.474951476
0.503574431
0.494563788
0.471256703
0.417395115
0.454582363
0.182445332
0.404573113
0.366915435
0.075365551
0.275079876
0.198056385
0.14568685
0.281965286
0.409784913
0.353332549
0.286353409
0.335319042
0.121772133
0.188736543
0.006214869
0.029176921
0.018392473
0.011963916
0.041247237
0.054054134
0.055422965
0.120882131
0.248181507
0.276096761
0.08366365
0.023898451
0.00609762
0.00393214
0.003779684
0.016094174
0.036433429
0.159967899
0.315998912
0.256250322
0.188738316
0.248016894
0.233450353
0.41421476
0.367176771
0.365818113
0.072617553
0.201776385
0.019533643
0.037583146
0.014316218
0.015320922
0.127794504
0.186391443
0.361570448
0.278812826
0.419975728
0.415974319
0.281840384
0.389818549
0.212341473
0.25865224
0.324914157
0.134484917
0.10007821
0.113678746
0.177590206
0.07066083
0.345278174
0.420838743
0.256055951
0.122660555
0.514412403
0.462910861
0.50036037
0.434320718
0.467224658
0.422145337
0.087636791
0.158915594
0.081485763
0.031592011
0.02129383
0.024831606
0.027424982
0.056376353
0.094088674
0.07858067
0.140523478
0.123774566
0.03420531
0.054593984
0.013005027
0.014833684
0.029031631
0.00964083
0.015431304
0.027770268
0.026674997
0.165537193
0.338738441
0.497912228
0.46592623
0.155617759
0.308743685
0.066792697
0.037438318
0.018855836
0.095683843
0.158679187
0.099527419
0.058385752
0.082476862
0.12726292
0.103082389
0.033607762
0.174275562
0.305309772
0.091313966
0.412161469
0.329018414
0.43715176
0.461084187
0.461118251
0.380156964
0.481221169
0.297421187
0.508362055
0.27484706
0.438826025
0.507830918
0.405785173
0.431883395
0.380614728
0.487367481
0.482877344
0.510810912
0.339132458
0.295603871
0.023312001
0.044609588
0.005349621
0.027111216
0.060572572
0.089887738
0.011132372
0.128563225
0.034058407
0.023965459
0.084838867
0.094939969
0.122791179
0.089389019
0.136370063
0.315161139
0.325992584
0.305813074
0.27324453
0.26793617
0.126181707
0.161121726
0.157134324
0.071897678
0.080597021
0.03811688
0.013715842
0.025361892
0.005843281
0.05616115
0.010602834
0.021188214
0.066828243
0.162776172
0.028325431
0.052307438
0.008486295
0.153056532
0.049600493
0.260820389
0.074338175
0.031001076
0.158837825
0.055923022
0.186420143
0.097122915
0.135165706
0.091000088
0.114956222
0.145771325
0.099362366
0.081637882
0.070816986
0.171010584
0.122875638
0.106020346
0.185854137
0.169790938
0.119843885
0.145529136
0.137099579
0.182166368
0.175657883
0.075981773
0.179704905
0.229159698
0.28290239
0.380218327
0.349782765
0.40440926
0.586160481
0.437779248
0.290831119
0.608162165
0.644578516
0.305399776
0.407767832
0.722208023
0.637890577
0.255156398
0.63419205
0.742564857
0.299224675
0.430186957
0.760245979
0.71240586
0.506749034
0.532915175
0.419638932
0.089342616
0.196848169
0.184544131
0.163318485
0.235326663
0.27724731
0.327437103
0.177079141
0.463658631
0.371011019
0.016898129
0.048756357
0.095019303
0.066088319
0.260063231
0.162711307
0.058955077
0.124039635
0.159790725
0.230909884
0.300420135
0.321015358
0.302068621
0.294383317
0.598686635
0.038327739
0.490244955
0.02187914
0.024350947
0.167063609
0.219667464
0.223787919
0.196355313
0.123809911
0.26081866
0.033683587
0.021491794
0.039634038
0.271953851
0.102560997
0.671385765
0.542183101
0.651097238
0.508391738
0.482449442
0.695016503
0.522551119
0.590836108
0.339428425
0.35848552
0.256383896
0.261528939
0.021229239
0.23152636
0.10218215
0.060686406
0.047945261
0.043224245
0.011998738
0.073728763
0.071827061
0.075880229
0.07653103
0.045611624
0.04628649
0.014555086
0.03514158
0.082095079
0.092919827
0.239209637
0.2096854
0.221350074
0.138299048
0.300155401
0.093860574
0.157123834
0.015121635
0.014262714
0.056699611
0.014144626
0.253109992
0.24530676
0.095230021
0.215863883
0.223152936
0.062048845
0.190125927
0.272122025
0.071501009
0.114095293
0.230490714
0.207830638
0.016173657
0.09689799
0.282244056
0.214169279
0.046932694
0.305217683
0.25227651
0.686222136
0.832511485
0.122792184
0.840439081
0.859216332
0.15607354
0.577366292
0.858379781
0.855788291
0.79635793
0.623136282
0.752925098
0.519361794
0.435784578
0.577008307
0.481861562
0.652442157
0.418543369
0.180668488
0.453697324
0.055720389
0.040608797
0.13165395
0.022162395
0.116886616
0.135567874
0.040647224
0.363621622
0.157440484
0.684828818
0.480829239
0.452798307
0.701320946
0.758633196
0.590763748
0.78082633
0.488798231
0.773370564
0.480241418
0.614765525
0.629227281
0.18369253
0.247549132
0.445002764
0.1810406
0.062019374
0.025574481
0.107259065
0.243100151
0.056043379
0.068987519
0.035621583
0.032941397
0.038389921
0.090208247
0.036466572
0.014623316
0.099729352
0.10493426
0.059042867
0.110908709
0.052952949
0.109761111
0.088337891
0.064496398
0.083046027
0.110709667
0.059902079
0.04390635
0.018760119
0.066736199
0.021434773
0.049239047
0.103711016
0.099543229
0.216951773
0.282253504
0.344187707
0.231295884
0.383909643
0.335324824
0.105912142
0.047554269
0.479559034
0.193802997
0.055110265
0.179512635
0.75207907
0.15578261
0.02655828
0.691623867
0.072472267
0.205418468
0.218509853
0.077037498
0.141910255
0.140350118
0.066860914
0.06000863
0.118737146
0.15782626
0.100540429
0.042066906
0.516166866
0.132326677
0.591622233
0.339430928
0.131756008
0.533029497
0.704789758
0.761790991
0.876247942
0.842778146
0.82987982
0.864334464
0.832274318
0.697418332
0.541110754
0.368346393
0.498070717
0.180092067
0.250572175
0.611629128
0.804701626
0.758625209
0.528244674
0.813732564
0.837141454
0.476658583
0.715255201
0.841714621
0.727926552
0.474729955
0.621775627
0.502275705
0.768481076
0.459697664
0.708148301
0.457767934
0.475431949
0.45062533
0.740803182
0.592303991
0.217799649
0.667872071
0.279385418
0.138220221
0.303006679
0.406872213
0.348102838
0.326085269
0.366632044
0.386504173
0.341523349
0.337486267
0.465340018
0.325011671
0.32234484
0.265822917
0.363565236
0.192087367
0.629369497
0.440370888
0.398909062
0.487339288
0.496991605
0.69465524
0.628392696
0.524157703
0.754291236
0.836874545
0.711580515
0.547053516
0.789331377
0.845321834
0.566565871
0.527751923
0.758005261
0.619927287
0.668310225
0.440893531
0.567202866
0.176529646
0.149498269
0.086258195
0.108672306
0.009620422
0.161303237
0.197173238
0.204976752
0.154249534
0.133211032
0.153624967
0.323600739
0.289012223
0.442937165
0.520536423
0.476891518
0.515163064
0.475802392
0.494869649
0.501303911
0.497366279
0.566937745
0.583233476
0.365828365
0.390806288
0.344270885
0.367243886
0.031676553
0.05234674
0.263640791
0.162943184
0.265030921
0.315202087
0.537413538
0.503465474
0.579618454
0.096048705
0.594305277
0.393694818
0.495506167
0.475045711
0.515163481
0.404921591
0.499390155
0.505248427
0.539336026
0.044943955
0.341637343
0.02796644
0.231182992
0.019914541
0.125231922
0.096372865
0.03909364
0.03552397
0.08248394
0.026624713
0.082913257
0.085769147
0.020664006
0.081060298
0.038101759
0.139382258
0.14111416
0.601460218
0.564606071
0.046162587
0.296750635
0.222970352
0.02760756
0.275225967
0.04302647
0.365332186
0.16846557
0.13700819
0.095538341
0.104060784
0.138619602
0.313367009
0.391199678
0.429250985
0.391212314
0.413897336
0.257481635
0.289401948
0.133712023
0.080226846
0.254124105
0.0974444
0.149878964
0.050037909
0.18991892
0.473882496
0.3594473
0.49715811
0.465804964
0.097506866
0.157447696
0.046087559
0.088101931
0.084906049
0.13552095
0.103463881
0.133303016
0.128074452
0.098009199
0.033051476
0.095921651
0.181494713
0.027959632
0.41465798
0.033743426
0.430365145
0.068166345
0.400652528
0.356331438
0.277024686
0.381550014
0.483657688
0.557929873
0.634054959
0.423003793
0.521175027
0.049363453
0.374891281
0.146341309
0.011366413
0.068891853
0.006032605
0.099769562
0.061355159
0.065726578
0.096241564
0.025946533
0.063189074
0.080207407
0.019316297
0.024457278
0.20744215
0.126210243
0.026683604
0.488141656
0.499551654
0.446601808
0.149334788
0.350010902
0.151461989
0.036267642
0.065760292
0.151662707
0.025124507
0.067061484
0.053460654
0.010543716
0.063683771
0.085724972
0.095635377
0.046509597
0.083909594
0.264651924
0.580341578
0.065017439
0.387732595
0.565600812
0.647591174
0.629227638
0.566193283
0.391576052
0.562967241
0.486060321
0.027139228
0.075600095
0.041233014
0.113988064
0.064213254
0.02578865
0.026960831
0.284012109
0.191581264
0.157889828
0.374657691
0.332047701
0.376524687
0.165409043
0.157583356
0.278786123
0.163991854
0.055511177
0.051939588
0.090303786
0.118322685
0.0386873
0.011725018
0.134172216
0.096755527
0.047351521
0.032541227
0.045235779
0.160285354
0.303687006
0.374373853
0.23258093
0.252625287
0.338466406
0.487454087
0.361338854
0.610964775
0.432004422
0.471691996
0.386238039
0.403137416
0.368278772
0.342548013
0.212932736
0.329773068
0.066226475
0.121110238
0.233146071
0.302565485
0.263287842
0.325082749
0.370219678
0.358771473
0.121275879
0.03352958
0.370424241
0.378480077
0.04578248
0.273869723
0.478903949
0.539966762
0.166229352
0.40289861
0.574555635
0.645006955
0.078204311
0.572921097
0.667535126
0.666381776
0.570688128
0.55934757
0.688588321
0.695205748
0.151357412
0.608676076
0.697759092
0.557598591
0.540095091
0.35726285
0.188297167
0.392612457
0.313043594
0.197651997
0.297735274
0.277532458
0.337754339
0.510541379
0.153095424
0.077480003
0.198231027
0.31754902
0.038360275
0.069906466
0.075095654
0.034498595
0.050496493
0.129543737
0.014294116
0.015233021
0.10854008
0.099961333
0.01106143
0.078669094
0.127086982
0.089994572
0.020341026
0.096749209
0.112188786
0.019664515
0.055695154
0.119311079
0.060607683
0.012137225
0.073876649
0.110678509
0.085884579
0.098504439
0.117586881
0.111860648
0.122390218
0.052795127
0.179802522
0.090890415
0.036701303
0.16638118
0.172716543
0.066740192
0.016132917
0.217256561
0.118914157
0.018672682
0.017701268
0.198686108
0.110474527
0.024170525
0.0794321
0.090099931
0.108043179
0.013289236
0.085951984
0.108254716
0.148966074
0.039584629
0.071732238
0.034554992
0.053026348
0.130104199
0.213766575
0.117850684
0.10145013
0.417103738
0.385917813
0.06196142
0.020250769
0.466632575
0.456518173
0.024921291
0.06344004
0.543501198
0.133810341
0.029074533
0.039701503
0.394119114
0.228564471
0.042579405
0.339436442
0.318981647
0.255503953
0.027234456
0.118211612
0.218585104
0.075625949
0.25276053
0.146721378
0.150747865
0.225826934
0.093400493
0.292804122
0.275161922
0.290278286
0.114533797
0.3131513
0.263623595
0.085847773
0.3024351
0.347181171
0.299797207
0.094662152
0.356757522
0.338799804
0.163979024
0.351890773
0.198730782
0.13071306
0.277071953
0.140289634
0.299820662
0.274063706
0.346081942
0.474713475
0.156559765
0.374024242
0.055113904
0.227934137
0.24719888
0.278794736
0.19947809
0.334064186
0.46440202
0.053061526
0.337889731
0.463727266
0.465003073
0.166039661
0.382205129
0.483530641
0.046490215
0.236169666
0.422271907
0.510757804
0.018217353
0.312669903
0.433757126
0.023183877
0.302853286
0.436553955
0.492942482
0.4928675
0.458907813
0.037582524
0.538022697
0.549375892
0.069891728
0.074469179
0.538095534
0.386678129
0.044130873
0.549510717
0.587836921
0.020301275
0.176202714
0.548042715
0.521378815
0.0645229
0.512328863
0.511982799
0.110380843
0.168684512
0.498038113
0.418043256
0.205539584
0.395052969
0.349755347
0.478761017
0.534301221
0.496886998
0.554038405
0.620141745
0.586081684
0.483851194
0.35514906
0.585731149
0.498823792
0.029885309
0.057949107
0.369914085
0.153406054
0.027228668
0.025647335
0.070859209
0.225046292
0.23028256
0.241986334
0.082273178
0.310096681
0.294222713
0.021907104
0.229351878
0.034898888
0.023020819
0.217273667
0.282982826
0.039549015
0.03435431
0.392671049
0.177030906
0.023057636
0.061634775
0.056842808
0.287268907
0.337295741
0.491827637
0.427993566
0.519387007
0.547134578
0.517984509
0.517874897
0.489897043
0.506087661
0.612219453
0.514570832
0.394003123
0.597606719
0.590325356
0.053368643
0.50470829
0.60703367
0.203351811
0.276453733
0.49754712
0.523322403
0.066203438
0.357325941
0.451663494
0.356211782
0.413398564
0.143186182
0.357324362
0.459968776
0.337391824
0.421796501
0.333635658
0.303018749
0.386597097
0.276086986
0.269961476
0.316886663
0.337292284
0.347386122
0.260258645
0.325908571
0.39950037
0.39421621
0.454611629
0.36420545
0.375895321
0.318856567
0.126317069
0.0478792
0.084653452
0.16789034
0.191923022
0.226309404
0.369401127
0.292586893
0.271611452
0.32255286
0.354563922
0.368285716
0.116180599
0.169706538
0.044442993
0.051588975
0.050911367
0.052162752
0.1617769
0.193983182
0.129630372
0.157322586
0.112811871
0.160888359
0.13213335
0.041213349
0.249240205
0.162700102
0.270091027
0.353485435
0.085821778
0.015444653
0.026189709
0.027751414
0.243744001
0.32584396
0.039360262
0.162822351
0.421167791
0.233013824
0.398614317
0.438518554
0.486533344
0.356221735
0.473043472
0.078967899
0.383612037
0.242929831
0.320972085
0.028006487
0.165620819
0.048335809
0.243926212
0.015111597
0.272079736
0.191685259
0.247400448
0.362377942
0.330064654
0.375953943
0.317259669
0.2655572
0.196386784
0.228759721
0.077070914
0.223807096
0.259841144
0.085459739
0.420897037
0.10483449
0.505018651
0.345702916
0.553380013
0.337364227
0.49169448
0.099451825
0.296990216
0.496658176
0.383997321
0.548248112
0.269586265
0.583190858
0.371732146
0.497146428
0.1417097
0.412098736
0.218936473
0.041929334
0.181444764
0.195410788
0.238797992
0.012729778
0.044662777
0.22992982
0.050340477
0.005420464
0.245240092
0.051815942
0.010091187
0.085041486
0.01654052
0.007996395
0.020690132
0.010016075
0.005036759
0.03875367
0.010918953
0.007732212
0.016917871
0.088991746
0.020053988
0.282586992
0.069362961
0.176002026
0.113564655
0.107472189
0.136300758
0.074186325
0.018064737
0.0026714
0.022291537
0.019295653
0.017676247
0.020307692
0.008779092
0.0229972
0.247430518
0.0176757
0.21538204
0.013113245
0.291647017
0.046034072
0.301424235
0.028039964
0.306928515
0.070415169
0.347415268
0.363341928
0.320227623
0.359061897
0.332866699
0.322379142
0.028342715
0.261070162
0.012289193
0.215634078
0.00648989
0.231369078
0.015824605
0.315085322
0.29215917
0.368159235
0.38727656
0.41316992
0.44072327
0.410732985
0.405878425
0.089923181
0.320964873
0.042124782
0.238655061
0.012834947
0.160104513
0.008387029
0.258363098
0.18780233
0.276079118
0.015734946
0.211540058
0.288390696
0.098429903
0.291338772
0.282657385
0.267071068
0.15494442
0.375426948
0.239126086
0.409495592
0.114898168
0.265696675
0.251660258
0.055497203
0.16199629
0.05189022
0.259866208
0.037484724
0.301793456
0.263000667
0.300238758
0.300430924
0.225899786
0.279036403
0.096076831
0.32922712
0.163107455
0.326046228
0.186729953
0.30075568
0.086821385
0.227283433
0.074930392
0.214428812
0.120254919
0.345604658
0.301219225
0.256121427
0.371677548
0.342385441
0.335493624
0.394269258
0.304815859
0.342134506
0.352266103
0.279727638
0.316566795
0.286381096
0.287010193
0.284386069
0.057310272
0.31207481
0.035041396
0.310094297
0.07035917
0.291569322
0.042415135
0.247238025
0.083683677
0.230542704
0.113670506
0.111512236
0.198038727
0.170441002
0.088458784
0.251705885
0.155356809
0.128811777
0.16072613
0.230978459
0.094806083
0.17652446
0.278439522
0.244178578
0.045577623
0.157726035
0.014295232
0.136722177
0.039494276
0.337715685
0.471565813
0.257982552
0.521961033
0.347588181
0.490908712
0.292340219
0.44525975
0.258907139
0.453549832
0.489763707
0.289041519
0.462339669
0.137252793
0.586362541
0.222881183
0.520893335
0.075418234
0.458589584
0.022819282
0.234585777
0.009721895
0.020580757
0.145605356
0.21719493
0.164402589
0.708603382
0.748785436
0.087920591
0.644946218
0.032954007
0.486404687
0.022204095
0.215944797
0.060942631
0.132898733
0.248398885
0.057405669
0.37838167
0.202693179
0.044772405
0.107136808
0.356775105
0.020853631
0.036738541
0.189442649
0.24549219
0.462078571
0.504697561
0.556602895
0.509851217
0.684782565
0.439124972
0.514942527
0.300646096
0.21361059
0.03102175
0.13131094
0.120281227
0.096321426
0.51526463
0.070594765
0.67719388
0.413012117
0.675762892
0.519312322
0.668791413
0.633816957
0.585370183
0.524283171
0.397945911
0.355220318
0.502872527
0.142632306
0.617996693
0.145215631
0.670027435
0.073248282
0.744485021
0.221148223
0.649203241
0.314519286
0.57182622
0.64596194
0.62549001
0.367189854
0.193538606
0.545282602
0.567308784
0.451441348
0.524930775
0.631309688
0.657830477
0.489523053
0.623005569
0.689107537
0.601651609
0.657120943
0.221692488
0.644341946
0.729928195
0.600361526
0.142182469
0.057965849
0.020427678
0.087257907
0.081504025
0.007740162
0.01036485
0.012248179
0.009627339
0.041681018
0.138326824
0.083786204
0.025169756
0.051708095
0.133399397
0.00927159
0.008038425
0.079520062
0.040533341
0.157619357
0.065300941
0.189695671
0.294400454
0.236805469
0.116919421
0.130302727
0.073734298
0.034497466
0.106771067
0.128232703
0.193453223
0.017713327
0.046515945
0.014201682
0.317134351
0.047512479
0.628590763
0.051931515
0.671805441
0.702964544
0.049204063
0.201780111
0.07472346
0.481589854
0.348006874
0.273264766
0.31757316
0.268164724
0.143902019
0.023532048
0.201479957
0.20679602
0.015851876
0.016133741
0.227561593
0.234030113
0.195703879
0.146394029
0.118643835
0.234710738
0.113368198
0.32060957
0.23964189
0.540607512
0.504305363
0.647549331
0.552987576
0.713248551
0.692596853
0.620351613
0.484663814
0.488943279
0.426239073
0.486130089
0.636371732
0.556311429
0.507950187
0.655400813
0.607905805
0.669258475
0.315553755
0.615826309
0.054688103
0.496899426
0.035785161
0.20748812
0.057670761
0.112294428
0.10768795
0.186583176
0.00856235
0.100694403
0.136779264
0.007868594
0.005183619
0.029640906
0.102019839
0.006958232
0.002434592
0.003487343
0.006297683
0.017454863
0.009272454
0.027434954
0.032339633
0.116620205
0.391879767
0.465455472
0.214301497
0.319859177
0.457832247
0.337556154
0.179066375
0.245010778
0.29853934
0.129051015
0.035528511
0.066736661
0.134308189
0.053759366
0.010390123
0.090750538
0.06902381
0.023249375
0.027598063
0.146177739
0.19202587
0.185839385
0.057319485
0.159085751
0.281578928
0.235066757
0.275755495
0.204893798
0.193149969
0.21418415
0.183422104
0.030022603
0.122743458
0.230189562
0.230918661
0.056613095
0.442466676
0.467493117
0.405710489
0.666005909
0.47633782
0.432839215
0.481181741
0.821705163
0.464520663
0.2526398
0.783080995
0.809935153
0.362812966
0.463224143
0.748036563
0.83171165
0.481686622
0.511112511
0.496147215
0.535447001
0.480212301
0.440017641
0.703094959
0.448098987
0.669708848
0.816518724
0.830675542
0.528107584
0.785414755
0.509596288
0.313467801
0.125396788
0.765740216
0.403280795
0.071275115
0.604829192
0.792342961
0.479385823
0.411656916
0.71845299
0.697160721
0.54726994
0.40017426
0.227584377
0.434173584
0.174636394
0.091633946
0.318118125
0.312371016
0.100590728
0.040303394
0.352714509
0.222294614
0.127335921
0.038342107
0.256095231
0.131003603
0.256149888
0.061831102
0.233906746
0.132952511
0.064933755
0.137049243
0.041248579
0.044266816
0.028894467
0.017147673
0.010234705
0.041276593
0.025987249
0.084352888
0.109144621
0.020506008
0.125519484
0.219805419
0.029955812
0.051267888
0.284234315
0.288610101
0.480253756
0.47661078
0.49346292
0.576017618
0.604619384
0.732188404
0.531985104
0.437778234
0.46768716
0.478373557
0.405630529
0.305558264
0.283004582
0.484799534
0.249257952
0.22918722
0.495501488
0.056281254
0.143949792
0.506606162
0.536138475
0.340450108
0.273610651
0.044557281
0.096641816
0.097445913
0.096092403
0.242035359
0.268688023
0.472418994
0.361604422
0.44427675
0.487866372
0.576327622
0.48983562
0.517816961
0.418877512
0.321965605
0.214365929
0.115555033
0.391990334
0.04896513
0.125743091
0.444164336
0.461411625
0.229425892
0.039531443
0.114408433
0.048728377
0.140788764
0.407882124
0.032505684
0.231423989
0.435276449
0.263882071
0.030353615
0.199596033
0.429423839
0.116437659
0.213977173
0.049181618
0.275401175
0.492676228
0.219800189
0.407509923
0.505385935
0.316799253
0.497696191
0.527547419
0.67886436
0.406227022
0.628963113
0.569657207
0.467351139
0.218864366
0.314751178
0.659281492
0.533103168
0.626750529
0.17017141
0.314411461
0.183925956
0.099461794
0.181700945
0.05768932
0.024810858
0.040329438
0.05808099
0.030693058
0.008113911
0.021747392
0.090773538
0.049286447
0.013345828
0.04058525
0.023275562
0.010712843
0.062362231
0.024775568
0.020583924
0.042885333
0.390845239
0.432807237
0.331354827
0.362870902
0.315145999
0.229611278
0.381966889
0.277461797
0.348992407
0.226720899
0.239770085
0.189409763
0.096552052
0.114731066
0.16708757
0.095969856
0.052345864
0.286087811
0.136156991
0.047716171
0.347335964
0.346768558
0.161420181
0.079952285
0.26938051
0.136582941
0.380707324
0.415715575
0.477378994
0.448246539
0.433922142
0.406915784
0.354254335
0.381228834
0.397317171
0.364570796
0.045232929
0.026513696
0.132370546
0.07618615
0.013258465
0.060908429
0.21815294
0.200491682
0.292027861
0.254913002
0.030846989
0.144368649
0.021174546
0.16546528
0.176336914
0.242308289
0.06326919
0.226024866
0.337715507
0.225251839
0.047942843
0.174309984
0.281209052
0.053291187
0.036044218
0.06842868
0.045177791
0.014959686
0.00852236
0.02131555
0.025679691
0.048479173
0.175943643
0.04345024
0.013241613
0.008457751
0.00891456
0.00766607
0.016909594
0.088276297
0.192516625
0.34442243
0.295241922
0.234224111
0.105592981
0.082883425
0.132485673
0.039942376
0.078494258
0.120400392
0.10613814
0.189118549
0.047987558
0.175699428
0.064360783
0.193020031
0.131108329
0.062241726
0.157109752
0.102500193
0.180092722
0.198334888
0.039599523
0.267979741
0.225171164
0.298618436
0.257811308
0.250829428
0.168347389
0.169745818
0.241402134
0.120413013
0.060507432
0.200698629
0.175372824
0.026258213
0.068581842
0.132532656
0.021776214
0.034415763
0.078486666
0.027756078
0.068242088
0.063436247
0.104246631
0.141747117
0.048021
0.009878867
0.023531927
0.036594264
0.011296953
0.270760179
0.233008742
0.328335851
0.135836631
0.026499748
0.169792414
0.220524132
0.12659502
0.071928367
0.047444049
0.012976822
0.022253703
0.026127251
0.011636515
0.010868063
0.056447212
0.021057399
0.014281672
0.173144668
0.152355522
0.109108329
0.192617267
0.095958702
0.034616325
0.058889221
0.074516393
0.071751036
0.007434352
0.01299775
0.041962992
0.07705459
0.009875067
0.047350664
0.088977322
0.03219841
0.216198459
0.311199307
0.299063027
0.310969889
0.256068945
0.343091518
0.324723631
0.317424864
0.361278653
0.318410009
0.046108395
0.183587626
0.108266458
0.031406943
0.162500918
0.08364474
0.037774235
0.217110604
0.197782755
0.101226039
0.054194108
0.259527475
0.269033551
0.202044278
0.224154025
0.185858756
0.018068383
0.013226332
0.014760846
0.00911297
0.042845711
0.031443868
0.028742716
0.132297397
0.19813101
0.228830531
0.104087241
0.198065504
0.259568393
0.2127361
0.035145894
0.256834447
0.265846282
0.206560835
0.052818846
0.254147828
0.235696644
0.354897916
0.363591582
0.288862556
0.294403583
0.297296315
0.136615083
0.302309841
0.342951208
0.323435247
0.090861224
0.233930767
0.138747543
0.412580162
0.319777191
0.033713322
0.415056139
0.048713036
0.36954841
0.238574684
0.345835477
0.374603152
0.080406919
0.294231385
0.164512187
0.165638745
0.241401657
0.060193513
0.06172746
0.318766594
0.316978306
0.068899013
0.331414759
0.413781643
0.324392438
0.237787262
0.429915577
0.474450916
0.458658069
0.433559746
0.50399071
0.514009535
0.45463568
0.223434389
0.026011992
0.019455355
0.019158943
0.072955593
0.021575717
0.242003024
0.309503198
0.38376683
0.253047377
0.069198683
0.081134245
0.188003495
0.119312853
0.016384009
0.116769738
0.238479152
0.104230955
0.047225259
0.279635459
0.332706809
0.331878453
0.365128875
0.343667746
0.346561253
0.154883191
0.161159992
0.104188569
0.209711298
0.138336614
0.382019281
0.286006361
0.191393346
0.281021357
0.415795445
0.253325313
0.219135001
0.377965659
0.336503297
0.274604887
0.082659885
0.263084471
0.187962249
0.255413473
0.033456314
0.076258011
0.126017392
0.323358953
0.334665269
0.294773102
0.160107568
0.324582428
0.020452639
0.02377216
0.010729739
0.0360962
0.346685082
0.287855536
0.422530085
0.414495528
0.212034762
0.274824113
0.285682529
0.173251122
0.043956026
0.032061893
0.069943897
0.118276745
0.031136362
0.320755571
0.218463734
0.015809352
0.045642756
0.026854422
0.018063167
0.066285759
0.036096599
0.03194005
0.32276997
0.250477821
0.090892226
0.145106673
0.193240523
0.019825626
0.013913752
0.036409188
0.225183234
0.011903373
0.013566589
0.084716037
0.019669591
0.054314416
0.079541452
0.096877769
0.35454455
0.405102044
0.407096535
0.244107842
0.374916315
0.01696272
0.261059165
0.051068861
0.231322229
0.363173544
0.272688597
0.334425271
0.233512104
0.048438717
0.091743074
0.139531106
0.149746358
0.239031985
0.147835225
0.265132368
0.316106528
0.339283496
0.291280955
0.273686707
0.325565368
0.195183218
0.33349824
0.249275193
0.116189241
0.299022853
0.348756313
0.052735627
0.302608848
0.452870339
0.08270862
0.164077818
0.449597925
0.479205906
0.449950188
0.506664395
0.480365753
0.279846281
0.140252531
0.076595761
0.396066248
0.37759161
0.030661212
0.102839857
0.405892521
0.275743902
0.061881468
0.229931518
0.263122797
0.37858808
0.386111289
0.353558332
0.414196759
0.444081187
0.36398986
0.376945883
0.07646098
0.326243579
0.390480846
0.398902446
0.382908851
0.423806548
0.345722467
0.316146731
0.093078166
0.334907055
0.27905798
0.363369405
0.398708284
0.41984266
0.409341186
0.390589327
0.405640751
0.417565644
0.426666975
0.426296175
0.353555232
0.244185254
0.185971588
0.087035999
0.191013694
0.200776726
0.06582702
0.109312341
0.099602871
0.095623009
0.102380715
0.120331414
0.102549873
0.194746092
0.160787314
0.155612677
0.211200386
0.346842021
0.258019924
0.481467575
0.532521248
0.513858259
0.475093395
0.112478122
0.293200701
0.41151002
0.099728867
0.052714832
0.344703615
0.306236595
0.388033986
0.444390625
0.437351793
0.30652222
0.446074158
0.173141047
0.235434368
0.133214235
0.08267042
0.039290037
0.182553232
0.132784992
0.145707786
0.192245305
0.320132703
0.328639567
0.255485505
0.335564911
0.432333291
0.439571589
0.311231554
0.158930525
0.517763078
0.519641161
0.242713332
0.149529204
0.558588326
0.513429761
0.363188863
0.528002739
0.569438815
0.508357286
0.491878092
0.335128874
0.174230665
0.474187315
0.51024574
0.434790403
0.487249106
0.375922382
0.336900532
0.41219455
0.336279809
0.390428662
0.444354594
0.481273234
0.481611758
0.50025624
0.499272823
0.27491641
0.197271958
0.262552112
0.180723175
0.151557803
0.349135995
0.389557123
0.086519472
0.13580291
0.240100235
0.090781413
0.055725496
0.108116865
0.112633787
0.28677094
0.402903914
0.327021122
0.405248046
0.438650399
0.455745369
0.442158192
0.36052826
0.430195421
0.428529412
0.433934271
0.461290151
0.396231234
0.366857439
0.415944308
0.428538084
0.44460693
0.446626961
0.447556466
0.474188566
0.419039577
0.476031601
0.432010055
0.323209584
0.432181895
0.268771797
0.252628475
0.312615573
0.448070258
0.44741255
0.302665681
0.410966545
0.456485242
0.428447425
0.110088162
0.394850999
0.412260234
0.369537294
0.05360987
0.405239522
0.438569367
0.192866489
0.081566177
0.35195595
0.274156064
0.068963222
0.115591243
0.26220873
0.172931433
0.134691834
0.190719485
0.120764703
0.083895661
0.156180233
0.042200007
0.05623522
0.075717725
0.063699707
0.230839506
0.186158076
0.367085844
0.197654486
0.152839363
0.447142512
0.439926565
0.082502767
0.260252386
0.446037024
0.297072977
0.1567709
0.171045646
0.031483144
0.086989626
0.068351611
0.131709233
0.2172838
0.035078578
0.109159365
0.348865807
0.347991377
0.411810219
0.198839396
0.086018957
0.066062734
0.100276992
0.108942546
0.093546472
0.023352509
0.093749195
0.097565539
0.035345729
0.025884815
0.075487427
0.102374397
0.038533181
0.027756749
0.107147507
0.188798442
0.020562341
0.056988865
0.193006709
0.244225815
0.07420709
0.132427856
0.156643271
0.139603779
0.19007349
0.079741329
0.071723156
0.135117278
0.137481675
0.044133112
0.18740578
0.168012232
0.182562113
0.212718949
0.039258316
0.170505539
0.308357596
0.242037207
0.161192387
0.139211833
0.042429857
0.106955789
0.013064524
0.005496023
0.030321797
0.005909063
0.039243657
0.01358684
0.060032886
0.133484438
0.241628394
0.166882142
0.142048612
0.131871328
0.019413356
0.004981268
0.010285276
0.007591702
0.012251399
0.006095173
0.09864331
0.140701428
0.256874859
0.223468959
0.191035718
0.140248939
0.116738938
0.176400155
0.132068947
0.055152569
0.003120102
0.003170037
0.000797716
0.01656596
0.006421796
0.0237682
0.044584837
0.270528436
0.262849718
0.049320418
0.109181166
0.009611217
0.007560865
0.00402125
0.046649978
0.061524402
0.013073628
0.043132011
0.322033077
0.178594992
0.079100735
0.173041731
0.012786155
0.248259515
0.444664478
0.221925512
0.401787132
0.461363971
0.384668112
0.162622139
0.315652698
0.277707398
0.469837517
0.434535712
0.41109398
0.438399076
0.433850169
0.071487665
0.057805583
0.017708965
0.262565553
0.235309169
0.007733716
0.009622743
0.010050176
0.002656644
0.010837357
0.007838625
0.012998987
0.009032854
0.052015141
0.207421422
0.422775984
0.093416773
0.179153353
0.01627983
0.032219853
0.293537676
0.318715006
0.452464521
0.418495625
0.440692306
0.433640063
0.324261695
0.480112821
0.369096577
0.024107434
0.295188755
0.338239253
0.019393876
0.031630561
0.32917285
0.086843103
0.005018426
0.081762023
0.116272211
0.002110778
0.002176977
0.02775285
0.010961656
0.003494047
0.005226543
0.023811143
0.052649312
0.051834144
0.032178227
0.091082573
0.036077924
0.010226087
0.036449194
0.085772783
0.040174827
0.040879618
0.063735537
0.002255098
0.005936593
0.001017301
0.004633869
0.003112792
0.046319675
0.132367238
0.145564675
0.00390828
0.005579111
0.049258627
0.014083649
0.00175184
0.01532157
0.146528512
0.009929919
0.00893315
0.229264274
0.249367565
0.018474102
0.043513034
0.23912558
0.228710786
0.150319338
0.094718285
0.042838044
0.013268293
0.008344596
0.028446086
0.009338574
0.028049089
0.002239499
0.001016654
0.002816995
0.001577292
0.00803957
0.020553546
0.023132648
0.254939824
0.00631637
0.055787932
0.03582694
0.116057977
0.116243847
0.085761644
0.19634895
0.174234062
0.15955551
0.362950146
0.102235734
0.127082452
0.057413258
0.191194683
0.02695737
0.15864639
0.193105265
0.159555197
0.243407562
0.383681238
0.356313705
0.185535848
0.134685084
0.13804847
0.199558273
0.127728894
0.23513183
0.362097442
0.040855803
0.157923207
0.407672971
0.21842128
0.141257122
0.397914857
0.420807987
0.082660094
0.253072828
0.507077336
0.111374438
0.099358082
0.176287219
0.443209589
0.025170663
0.155630395
0.346350104
0.092260271
0.069569178
0.262091905
0.332907468
0.336326897
0.454806745
0.521603882
0.528586149
0.37799117
0.131174237
0.549759865
0.552594125
0.270539552
0.496813595
0.61698544
0.545100152
0.153239027
0.540679634
0.573369265
0.482811093
0.112711832
0.485500693
0.551662326
0.463855475
0.305541664
0.522477984
0.485675722
0.281905025
0.352845103
0.283221334
0.240677848
0.447180539
0.309097707
0.352989703
0.149622485
0.467555821
0.460686266
0.328701943
0.446023613
0.434875429
0.308950961
0.343127847
0.480812788
0.300228983
0.364984512
0.379465789
0.431214064
0.443453521
0.086892687
0.209419072
0.294453859
0.066643931
0.105693161
0.193535119
0.050823793
0.01934013
0.140963823
0.184210196
0.192146793
0.186401948
0.069617718
0.112486392
0.174619243
0.144257143
0.015123965
0.022241442
0.044369321
0.11298269
0.329272181
0.303109854
0.380586535
0.04103655
0.443754882
0.062421113
0.141826034
0.450120866
0.487094939
0.505147099
0.370680422
0.492940813
0.543754697
0.502237856
0.239985079
0.550460815
0.588293433
0.497092366
0.285250038
0.162293136
0.481220722
0.057592329
0.311013013
0.149215341
0.121841662
0.099138781
0.200027511
0.186430201
0.012700949
0.139475882
0.220367894
0.029764216
0.013331218
0.149281234
0.109136879
0.040852107
0.019442534
0.016536923
0.003510335
0.003260529
0.003021698
0.00898774
0.006359342
0.007756514
0.210239559
0.411301851
0.088121779
0.356446445
0.44589287
0.193496838
0.077821717
0.128088608
0.092108242
0.025901878
0.011672303
0.167582214
0.146609664
0.008102604
0.013444437
0.172919452
0.175337419
0.071976766
0.189928368
0.043941502
0.083852313
0.045436911
0.164745644
0.211930692
0.059415966
0.038608149
0.207293153
0.161984921
0.061738506
0.214866161
0.202899277
0.054184284
0.155268371
0.020798376
0.096026398
0.045791548
0.19030109
0.291305065
0.377643526
0.303666264
0.426739305
0.280389041
0.128601
0.073993132
0.213485017
0.016584123
0.125544339
0.022629235
0.028320935
0.029167974
0.020310283
0.006471944
0.008988588
0.01909098
0.006913908
0.176035553
0.016901612
0.365466416
0.459868431
0.330107719
0.127133965
0.137707591
0.18790257
0.045201164
0.214826614
0.441339105
0.424309582
0.437674969
0.436990976
0.456234425
0.368180096
0.150749117
0.175015152
0.083768636
0.020792788
0.019425774
0.141870007
0.08755435
0.005275383
0.022774724
0.156862631
0.123979002
0.050646909
0.037799969
0.044476397
0.020727124
0.384734303
0.366654485
0.218512475
0.315138042
0.236167818
0.174565837
0.218161255
0.18872121
0.126383364
0.218119815
0.128213167
0.168081179
0.249560639
0.211681992
0.218323037
0.135457829
0.146233514
0.147711679
0.263364404
0.270935625
0.245338216
0.377528608
0.407825559
0.304479301
0.357795209
0.296885997
0.176879227
0.324638307
0.332233816
0.399709225
0.202128664
0.501323521
0.499296814
0.488246858
0.453390568
0.616405487
0.56445998
0.517452896
0.585212588
0.704711854
0.578271151
0.483671427
0.621456444
0.633348167
0.505856991
0.257967681
0.495342523
0.485587031
0.381263256
0.180050135
0.357739687
0.276513427
0.11434675
0.197916225
0.079455659
0.132740036
0.034445833
0.18750456
0.177344218
0.286075085
0.133365318
0.342477232
0.378551185
0.086417809
0.384083539
0.405991465
0.414282471
0.334325761
0.361775696
0.463949591
0.104746364
0.158001661
0.331376016
0.099587865
0.169744536
0.091922767
0.247188628
0.049314179
0.034326147
0.17166464
0.095504448
0.185291752
0.101156473
0.295748264
0.479753494
0.429533809
0.35156405
0.158143997
0.217416748
0.07788498
0.160488293
0.222781867
0.14474389
0.191147834
0.186495423
0.020388803
0.1278698
0.20147863
0.199237257
0.030052306
0.120305553
0.235382587
0.070840649
0.055935334
0.182658419
0.194398686
0.089123428
0.163515538
0.188596874
0.099919818
0.159017146
0.116791457
0.029135397
0.205092654
0.092847459
0.084617145
0.136566252
0.155260444
0.145107687
0.104926899
0.057444807
0.07006418
0.113436848
0.09786047
0.068826728
0.029744672
0.140397862
0.048658006
0.227987677
0.049220946
0.140225381
0.087178506
0.094280049
0.109042846
0.026785823
0.104222737
0.030248433
0.065831475
0.170947999
0.438153177
0.308666974
0.111363359
0.551223636
0.635535955
0.35285604
0.230041787
0.633753061
0.584867775
0.305787385
0.288813263
0.564497292
0.121467456
0.179901436
0.210321873
0.288874984
0.127969846
0.085356101
0.123659469
0.144415736
0.548010826
0.451127738
0.602913916
0.597603559
0.638485074
0.482783556
0.540931284
0.529479206
0.583195806
0.473127931
0.3302131
0.574890971
0.521800339
0.207683563
0.033826306
0.371503592
0.292631537
0.134821191
0.039389472
0.20212318
0.246609896
0.163995743
0.164103329
0.092924438
0.135020807
0.078862786
0.234130219
0.045525797
0.15376088
0.09117046
0.144106001
0.233136669
0.258837342
0.289682686
0.201330557
0.442811966
0.316454738
0.451562554
0.356812328
0.438813925
0.437340796
0.273854643
0.206220135
0.30061999
0.199580386
0.237239018
0.308362156
0.190741226
0.085726865
0.200064898
0.29525274
0.377711684
0.357927531
0.323304981
0.296596736
0.219812334
0.298399746
0.166186273
0.145067647
0.274574876
0.324642748
0.278684765
0.106514432
0.310132265
0.378031075
0.428159177
0.461482733
0.280047417
0.499227256
0.199123293
0.427637279
0.285667688
0.008087691
0.061605629
0.006591255
0.006145017
0.00670473
0.029744072
0.007763526
0.013835203
0.025449902
0.023453746
0.185100004
0.049424529
0.181241363
0.36755845
0.414375901
0.280411422
0.358706862
0.288775921
0.334014237
0.243140846
0.274246633
0.18820639
0.280836642
0.019210797
0.010372384
0.009611213
0.026084324
0.018113738
0.008710593
0.027376069
0.111541845
0.178914994
0.15647696
0.325520575
0.448082119
0.378963292
0.138101742
0.457261771
0.498104393
0.325279266
0.216059431
0.511276662
0.492181718
0.497655213
0.51712966
0.425323337
0.455669075
0.487362921
0.021340802
0.028367033
0.386399955
0.20020096
0.050656609
0.348813534
0.324953437
0.279100686
0.148754314
0.019063322
0.04345433
0.213560089
0.046082884
0.183588475
0.347579002
0.286451519
0.324493885
0.363470674
0.391802788
0.307184249
0.207082376
0.036671117
0.044514574
0.142143279
0.045214374
0.073890299
0.047347415
0.107364751
0.358073562
0.44881916
0.422676653
0.471196115
0.467830479
0.45682919
0.335623652
0.203901216
0.344195545
0.376263767
0.205640063
0.366105199
0.461771309
0.33815676
0.478087932
0.46444881
0.311280876
0.296452761
0.27177918
0.10576576
0.233665884
0.218343571
0.161687702
0.20722726
0.130425096
0.073629595
0.207204923
0.191726789
0.245005935
0.288984448
0.270885438
0.257291079
0.137365043
0.092082523
0.229169115
0.229298055
0.176778615
0.168235496
0.132559791
0.270262212
0.257222921
0.453097045
0.454645604
0.408154935
0.448353112
0.438021541
0.406448334
0.408121258
0.293087929
0.223629594
0.08626464
0.143935502
0.361841172
0.052715704
0.050658505
0.402679205
0.43301934
0.084689222
0.365082413
0.447340846
0.427447081
0.254179239
0.033532884
0.014449348
0.01791973
0.021910463
0.446039349
0.099021539
0.330724955
0.413750201
0.289564282
0.419722676
0.402058035
0.257332236
0.458037376
0.457352012
0.366865546
0.461462319
0.386330992
0.308863491
0.325046241
0.377905577
0.388320565
0.346586198
0.4365955
0.433145136
0.34082973
0.457071662
0.411683828
0.472902745
0.466218203
0.491479546
0.482677966
0.357240945
0.023011778
0.018786747
0.007996781
0.019140564
0.014909353
0.074323982
0.100421697
0.161474735
0.227574185
0.337251872
0.269722879
0.318674117
0.233686715
0.171387479
0.019539632
0.106280632
0.018630797
0.03671271
0.237073034
0.110827632
0.43563652
0.355130374
0.371826887
0.422824442
0.368649423
0.324660659
0.269897729
0.325838923
0.171884596
0.219133824
0.080245443
0.165359423
0.049122103
0.288573653
0.045822766
0.156620353
0.298350751
0.220729932
0.281550348
0.17143932
0.203276217
0.02593438
0.064507239
0.330575466
0.472598523
0.125277638
0.319027632
0.043680653
0.069771744
0.466599315
0.27954787
0.424628347
0.404030949
0.170463696
0.311495095
0.106011219
0.17725867
0.078117467
0.063295282
0.128343895
0.149973586
0.044614483
0.058251124
0.290602326
0.240157321
0.022159243
0.320848614
0.43277663
0.375888795
0.305675298
0.239298001
0.208750904
0.009324943
0.008907354
0.08979141
0.050486963
0.011246787
0.041904557
0.069722176
0.053582799
0.095857576
0.053089499
0.033491053
0.133000985
0.054311231
0.110509396
0.095897615
0.111745045
0.110255882
0.006908391
0.026952717
0.153713718
0.017437518
0.007172674
0.144724354
0.166592106
0.097639926
0.138453498
0.092586808
0.039500125
0.413164288
0.167533323
0.465582937
0.34739536
0.036707502
0.060348216
0.454329014
0.012084094
0.009969042
0.05705459
0.352798641
0.465144724
0.208567336
0.178027719
0.026974613
0.02817261
0.256246209
0.124893479
0.00390625
0.046107143
0.164062709
0.071685702
0.017300323
0.017193558
0.10573037
0.108485885
0.104460433
0.203501359
0.028171219
0.205147013
0.217953235
0.208308443
0.14378947
0.021423472
0.052134175
0.183129489
0.045479756
0.062282369
0.147640258
0.162282035
0.053904675
0.19121629
0.234012261
0.074062556
0.072316319
0.556542695
0.482289821
0.462750822
0.5930776
0.534107566
0.706074417
0.625053048
0.420079052
0.598443031
0.597922921
0.406538159
0.063484743
0.164026454
0.499552518
0.088171348
0.023699146
0.02990876
0.228824452
0.094588272
0.03776297
0.123149686
0.150880873
0.083074234
0.13938652
0.212570935
0.180113941
0.143591791
0.094009928
0.297410458
0.341554403
0.288133293
0.557539523
0.242132291
0.017367885
0.633586705
0.690561771
0.153744265
0.075154021
0.700430751
0.572154343
0.14318794
0.510515213
0.722452044
0.064325303
0.482892573
0.684698045
0.56155014
0.196095794
0.440179169
0.643936396
0.48669374
0.653498828
0.659313202
0.480212301
0.471096486
0.397741377
0.515478373
0.125816107
0.056858763
0.240752339
0.546659768
0.12345469
0.1870213
0.503796816
0.687337995
0.468861699
0.636806667
0.626926243
0.600152552
0.180043817
0.495411307
0.489955723
0.304602742
0.255493313
0.157136947
0.233793125
0.176345438
0.218635559
0.114356592
0.125299737
0.126005501
0.138957828
0.040073745
0.051466994
0.082947478
0.097067386
0.047589991
0.159995824
0.200670108
0.233055741
0.413783669
0.333614022
0.369895905
0.543018699
0.278192997
0.305717081
0.261669755
0.459193707
0.172652051
0.052368786
0.321759522
0.243718445
0.436970353
0.102034084
0.454700828
0.472572953
0.498697132
0.437850654
0.504256129
0.487643212
0.491679102
0.502423406
0.484331995
0.174972698
0.070894212
0.12215291
0.54317683
0.687811613
0.615691662
0.544022262
0.578138769
0.642603636
0.592562377
0.365195423
0.167427659
0.508849084
0.479737103
0.20920004
0.303034931
0.148460239
0.09340363
0.292836607
0.232471973
0.235038742
0.227638289
0.294141293
0.221321061
0.13649942
0.056963407
0.047414593
0.132382974
0.159954563
0.144106552
0.215019777
0.030182406
0.173937231
0.326030403
0.450772524
0.229019314
0.132142693
0.231416404
0.023610659
0.042022757
0.03848945
0.051748466
0.100969441
0.106806763
0.12616004
0.316746145
0.256886423
0.084867187
0.521693528
0.529269576
0.089307897
0.540490746
0.638533533
0.348592907
0.040289853
0.555510342
0.580235064
0.239082888
0.096117124
0.58996278
0.554476261
0.414119035
0.388789505
0.145365387
0.347763866
0.474511147
0.478680372
0.391505122
0.147739366
0.0372044
0.094035871
0.132980868
0.022703514
0.220571339
0.506929755
0.558774233
0.616252422
0.399742156
0.500524461
0.442695439
0.356420189
0.247665584
0.202467874
0.456313789
0.234188408
0.489732891
0.175391287
0.053380758
0.037336621
0.035947531
0.124454543
0.255944103
0.19536522
0.386951596
0.381219357
0.247876823
0.277980953
0.039570704
0.330229998
0.361637861
0.340883195
0.147146299
0.377934009
0.443380743
0.437858343
0.37110889
0.290277541
0.357142806
0.147064164
0.351388752
0.276482135
0.010682827
0.14358671
0.394321352
0.05898634
0.018462723
0.43949157
0.391749978
0.006261319
0.049858108
0.520051897
0.107320726
0.024917725
0.506939352
0.514764488
0.045831785
0.136734515
0.512109399
0.50146246
0.527994335
0.50114125
0.473914593
0.48466897
0.48736617
0.427836686
0.3506037
0.394045025
0.327415347
0.031167233
0.01434729
0.006945758
0.058588013
0.00639041
0.004049935
0.025947124
0.037496768
0.285619915
0.014108174
0.007130058
0.114645705
0.145490438
0.353803128
0.378474981
0.400916189
0.329662681
0.410008758
0.014409134
0.130089521
0.013334285
0.020989355
0.027632974
0.023248652
0.036153637
0.078384653
0.019734127
0.028387686
0.448623449
0.378097028
0.427232265
0.462710857
0.460238695
0.383219302
0.395599067
0.342176706
0.102228269
0.447093368
0.194925815
0.410752565
0.454466939
0.263822109
0.332624048
0.079286315
0.110118717
0.046984859
0.035108518
0.101942264
0.172663912
0.005605474
0.059137739
0.010710054
0.040476579
0.058186084
0.049370833
0.026068978
0.100067303
0.132544026
0.172303379
0.104888186
0.190027356
0.155202731
0.221196547
0.330971688
0.240577549
0.44726485
0.212339252
0.031553097
0.408757508
0.361704379
0.01355115
0.015380051
0.14758043
0.009894868
0.00157681
0.007849166
0.005946904
0.002330645
0.002826204
0.007805523
0.035442602
0.031661678
0.010071533
0.012531968
0.135103524
0.308321446
0.131140918
0.362165242
0.238702804
0.32644996
0.336952746
0.188933089
0.299779177
0.227150351
0.355008036
0.321587503
0.29086715
0.249155432
0.01349146
0.028991869
0.219957262
0.195376515
0.204443455
0.171053842
0.242970511
0.3143031
0.217850298
0.136310846
0.097623326
0.078451768
0.108024731
0.114878438
0.033742957
0.095954686
0.182920888
0.125914976
0.043397482
0.059778504
0.136496231
0.179398879
0.196341857
0.202740327
0.152570888
0.078462392
0.177331463
0.166879401
0.133707821
0.205353811
0.132011652
0.026901253
0.223346695
0.109804869
0.091038033
0.17314513
0.026248196
0.01474415
0.23401539
0.27019459
0.011172172
0.075199939
0.322524637
0.095674105
0.016145485
0.278337598
0.357746065
0.073609665
0.067534208
0.303002894
0.192076281
0.2247843
0.232485756
0.386013538
0.381204575
0.223774031
0.437855989
0.481861055
0.303120077
0.558956146
0.505468011
0.071581751
0.531394184
0.526152611
0.413124412
0.086594492
0.496331781
0.465827286
0.078465216
0.411878258
0.478831679
0.262040317
0.126935884
0.342982054
0.276739478
0.167223185
0.011968133
0.014537117
0.005183444
0.008918858
0.00330946
0.170585722
0.056678019
0.000907347
0.002594684
0.017820505
0.091494493
0.001559787
0.000444147
0.017744849
0.001794336
0.007189518
0.021787027
0.021991616
0.00291312
0.022038339
0.050620932
0.041285541
0.036347613
0.038497247
0.085296616
0.008250011
0.032173619
0.001654104
0.023266295
0.004414485
0.046348155
0.114822052
0.246670514
0.21568726
0.016276529
0.147514626
0.012259392
0.137155041
0.100693271
0.088706523
0.105875321
0.232880995
0.317676812
0.206465289
0.187762439
0.126034722
0.191161171
0.119804345
0.160881549
0.046020545
0.166894272
0.099691644
0.034996424
0.002923144
0.025525663
0.069435127
0.004891378
0.012674105
0.033242632
0.097513877
0.007177089
0.012434591
0.109778821
0.112762339
0.051730454
0.029574398
0.065944217
0.070846662
0.007898311
0.056067113
0.117841072
0.082750134
0.041720662
0.020686068
0.006556449
0.060833734
0.013198436
0.002442274
0.026414126
0.015533406
0.001513298
0.027009783
0.034004834
0.014322321
0.019014876
0.069043741
0.088996001
0.006757325
0.036178682
0.109775238
0.071072362
0.145724446
0.143455356
0.099295266
0.195137799
0.104279779
0.220321819
0.070673481
0.346987605
0.016714318
0.038473848
0.012128828
0.085332617
0.014465462
0.292900205
0.606210887
0.385362744
0.066400945
0.740083337
0.671388268
0.327709258
0.080813855
0.790562928
0.559380651
0.172766343
0.195852563
0.791882277
0.492468983
0.285207629
0.543074429
0.71455735
0.445428759
0.502575934
0.655055106
0.523028374
0.707384586
0.137187034
0.674380541
0.089382291
0.18948622
0.233600885
0.064035818
0.331561685
0.050547391
0.195602745
0.084142148
0.097881883
0.040755935
0.072695218
0.064553849
0.006524193
0.027984092
0.037089072
0.005887808
0.002368824
0.030878486
0.020340161
0.016487913
0.017366784
0.052593503
0.030841729
0.003633362
0.037630338
0.032994621
0.043475799
0.205687597
0.129458413
0.191152841
0.458948731
0.61301285
0.482211202
0.739916563
0.717084646
0.47912702
0.406559944
0.762805879
0.553682864
0.18013747
0.589241564
0.694744945
0.312091172
0.038983822
0.643307567
0.317969352
0.128024474
0.080962352
0.19547978
0.127664134
0.584115922
0.265062362
0.766997814
0.772751331
0.813767314
0.814647377
0.689394951
0.809813738
0.341766953
0.228623763
0.298386127
0.314927042
0.418339521
0.058247961
0.138219163
0.34334749
0.360900491
0.108926997
0.107092962
0.369150221
0.069776356
0.171372637
0.270576686
0.307948649
0.270042121
0.250519454
0.143799037
0.262287408
0.438339651
0.333702862
0.100254878
0.590691328
0.499716163
0.157114238
0.133936301
0.639793515
0.485047162
0.113211393
0.613859355
0.53333509
0.086934336
0.10189046
0.5896613
0.511559844
0.288445979
0.034041546
0.140385389
0.154609635
0.036067724
0.040673077
0.145736605
0.186402977
0.158527181
0.117384933
0.05205249
0.246930614
0.203308403
0.122638918
0.24992612
0.380476654
0.188974515
0.057871088
0.409713417
0.303730398
0.322132707
0.154622346
0.287919879
0.301627338
0.401116192
0.312551975
0.411440253
0.281523675
0.340258658
0.250822812
0.32109496
0.238142937
0.29062134
0.411158919
0.368977696
0.301647156
0.412397593
0.593855977
0.446897894
0.255566299
0.602266729
0.608739614
0.205601096
0.571416795
0.652783513
0.681584001
0.043745581
0.642398775
0.718079388
0.087151878
0.085196331
0.666911721
0.69104749
0.100731194
0.177672207
0.647042692
0.584486485
0.360827684
0.364687324
0.17221871
0.299788773
0.341085672
0.29892233
0.302096605
0.403356552
0.33368358
0.147376746
0.483768284
0.529949069
0.586605787
0.279309601
0.270174503
0.621332765
0.517653644
0.40750134
0.485101908
0.584652305
0.526353419
0.538626552
0.48415938
0.407797277
0.465906829
0.312407315
0.198360816
0.219590127
0.173334315
0.273252904
0.231247321
0.083076559
0.091193303
0.315264493
0.115229458
0.018670926
0.026938116
0.029965375
0.146853894
0.014848053
0.018540028
0.014495929
0.264922887
0.087856926
0.017038064
0.367215157
0.060364142
0.418316543
0.437375784
0.392257154
0.472445011
0.38011089
0.408654809
0.371415079
0.292720348
0.324094296
0.072948627
0.208593309
0.315922499
0.13925086
0.032589838
0.260548621
0.140271708
0.01215373
0.127802491
0.351180345
0.251245528
0.157077342
0.252294481
0.201281682
0.158179417
0.013069303
0.318544328
0.028934928
0.041150771
0.380491406
0.444345683
0.084393673
0.028269595
0.400736958
0.134802848
0.151759744
0.347240984
0.387650967
0.319514662
0.317691505
0.257668525
0.265895516
0.224259928
0.226547927
0.090998583
0.009792943
0.119170807
0.19845821
0.200582609
0.008075956
0.031360533
0.014175946
0.190016612
0.114791453
0.034739401
0.192481145
0.237949789
0.231828123
0.370110065
0.400717944
0.430024385
0.112743743
0.329573274
0.42086798
0.406879932
0.023032831
0.341945618
0.465976119
0.270122498
0.035995085
0.331029356
0.319502413
0.112730242
0.115445197
0.213963076
0.144585267
0.07583157
0.027116079
0.031452935
0.067181461
0.081245497
0.062440317
0.223377272
0.205557957
0.231504112
0.200179234
0.019990092
0.009557554
0.01757947
0.037488475
0.002500704
0.006055117
0.019433575
0.092716135
0.013635971
0.228479251
0.281007677
0.251006097
0.208559811
0.101460807
0.011037484
0.043102581
0.023445511
0.015330581
0.023366608
0.03241105
0.013409455
0.007499226
0.030187229
0.089984588
0.004234977
0.015018811
0.116940178
0.221755087
0.025083708
0.087956801
0.270597279
0.27485317
0.28491205
0.279435933
0.103824042
0.01796292
0.00542596
0.005237634
0.004572284
0.010508773
0.052598502
0.03407906
0.079305224
0.155753568
0.237115711
0.139369503
0.188708931
0.217763767
0.165495515
0.263622165
0.185089394
0.241236314
0.245654061
0.082389846
0.092735589
0.048361629
0.066281289
0.046397526
0.023274483
0.016659681
0.021375896
0.018154249
0.002274562
0.00406807
0.019112019
0.011786886
0.00413614
0.006321887
0.03404044
0.077999651
0.020704329
0.012768182
0.045378443
0.139926955
0.041239377
0.053604938
0.072673716
0.181415841
0.109116808
0.085241057
0.113068476
0.160466924
0.143069342
0.120831944
0.076562844
0.173632219
0.252254695
0.186267972
0.277388394
0.320806056
0.227064565
0.024914397
0.065781727
0.138640895
0.00823611
0.004943727
0.010627423
0.004942657
0.033163529
0.051025476
0.053200014
0.129419908
0.113642402
0.024264103
0.017483655
0.131362766
0.059799373
0.030994486
0.11419002
0.201127157
0.071001731
0.042636827
0.26072818
0.184703872
0.0268129
0.131298721
0.295353055
0.143655941
0.032925788
0.257963747
0.291147768
0.118749686
0.068522185
0.307610631
0.32352066
0.207569048
0.140707538
0.226840958
0.314086616
0.19854483
0.042429078
0.331344038
0.321361572
0.318394601
0.308412611
0.26145339
0.044138439
0.129182026
0.285838544
0.023661377
0.157191992
0.081757456
0.107584648
0.105855569
0.15612182
0.12571083
0.259699702
0.157285988
0.295807064
0.023628665
0.220580652
0.278911829
0.297776103
0.21753408
0.019279286
0.246886179
0.320963711
0.160544172
0.03379954
0.312609285
0.265851766
0.103783108
0.25531289
0.335103244
0.245558515
0.230540469
0.487607539
0.550825655
0.182649016
0.484187603
0.779897273
0.730551958
0.312820047
0.77109462
0.791556358
0.289811611
0.258477509
0.814504087
0.65554744
0.81305635
0.784916937
0.719744563
0.52509141
0.492943674
0.738642752
0.494066238
0.247076839
0.499687314
0.348149955
0.346451342
0.226236016
0.456375301
0.237613156
0.310872912
0.188815027
0.116984062
0.108045548
0.199526966
0.18940708
0.183188155
0.199306324
0.247411534
0.381733626
0.079417512
0.278383821
0.485400945
0.677167833
0.285890222
0.425354093
0.699293911
0.751608133
0.484906703
0.479947507
0.780091226
0.81166172
0.513861358
0.665686369
0.805033922
0.593618631
0.514639258
0.684398413
0.72378546
0.531168044
0.540758431
0.486863136
0.573797524
0.457780421
0.264098793
0.362186015
0.528382182
0.463862181
0.220180824
0.436027348
0.549555242
0.469730943
0.257784277
0.458013296
0.444825977
0.370799035
0.237604663
0.075699441
0.147920743
0.389060855
0.351512194
0.036748629
0.331298441
0.373951763
0.051993687
0.296483904
0.583598077
0.394916385
0.167955473
0.380932122
0.463694155
0.279427111
0.324011832
0.396956772
0.051711883
0.143932536
0.289364547
0.061030049
0.004660579
0.210151121
0.312776834
0.010631625
0.002634431
0.1576031
0.099952348
0.002261736
0.055806052
0.174889758
0.071229413
0.027998207
0.265997767
0.35490492
0.44525817
0.357001841
0.395103842
0.202359706
0.06289234
0.009364724
0.090318993
0.054976478
0.005070618
0.014176005
0.074409664
0.131983131
0.022073414
0.119563833
0.079825096
0.071442038
0.021806564
0.037341509
0.060339537
0.07414218
0.061095972
0.071714364
0.064551212
0.184202179
0.024813015
0.122771457
0.147116855
0.043692954
0.044079572
0.009322464
0.0213766
0.028529877
0.003339415
0.005599802
0.027714636
0.005791193
0.001745873
0.033973169
0.015127226
0.025930163
0.015937366
0.04811988
0.007838693
0.349592507
0.069378257
0.032194417
0.473912895
0.469426513
0.135926023
0.347948104
0.55187732
0.409189641
0.181657791
0.446707338
0.538253963
0.333501488
0.436638594
0.302471608
0.44415763
0.338826478
0.182014346
0.238582477
0.201548859
0.248095766
0.204818115
0.24885796
0.215669736
0.32335034
0.310460091
0.328244388
0.266126603
0.226682767
0.338953942
0.314098239
0.156075656
0.236519098
0.331346571
0.304832011
0.191755727
0.298910111
0.302162498
0.240399599
0.236181423
0.266993344
0.246373504
0.274282575
0.182647571
0.2162195
0.347296298
0.208555177
0.15091455
0.185954347
0.164316982
0.114180878
0.120016873
0.090718828
0.016949395
0.073667921
0.062656194
0.017789654
0.02728253
0.055087622
0.036905542
0.025518371
0.066890992
0.041238528
0.00829416
0.034888979
0.112027094
0.026624585
0.074774124
0.08886192
0.073241927
0.060245972
0.015743013
0.010962012
0.174490377
0.126990676
0.075324744
0.052173402
0.184382662
0.087034404
0.067380279
0.171207756
0.212668076
0.189846292
0.268053502
0.224162742
0.038592257
0.190791309
0.289283723
0.145114765
0.077816404
0.280665159
0.298632711
0.064966805
0.151189402
0.404021412
0.366453052
0.115835093
0.046311334
0.329629332
0.439182103
0.067496918
0.134504929
0.43736279
0.46854049
0.026042325
0.372093827
0.511056125
0.073387861
0.024217073
0.382448941
0.462876946
0.146392822
0.161184683
0.05589103
0.182401061
0.218740419
0.102728426
0.060458981
0.722505271
0.40456906
0.132394642
0.782479644
0.62039876
0.098850481
0.645718634
0.770076513
0.483412921
0.550591469
0.249706402
0.185539693
0.366774559
0.130135149
0.711734414
0.518694401
0.285057545
0.493503898
0.467975408
0.592042387
0.449096739
0.415844858
0.717994571
0.604330778
0.450603038
0.635939598
0.812969804
0.616316259
0.461682469
0.713042319
0.718939364
0.496552646
0.191194117
0.681484938
0.555781662
0.353477806
0.083059847
0.548428893
0.453925461
0.216711581
0.279920101
0.160705999
0.609617651
0.763307452
0.7578547
0.072095759
0.483704537
0.262997895
0.510987878
0.479243487
0.100108676
0.029719125
0.047176808
0.225625068
0.237800971
0.02701129
0.300122619
0.030603122
0.260108322
0.313300967
0.199946597
0.030313075
0.308170944
0.374939501
0.100204632
0.175278038
0.362348825
0.311908066
0.070695959
0.192861497
0.371606022
0.284069747
0.073515028
0.077118255
0.142305791
0.167546824
0.160714477
0.298602551
0.307940781
0.265925676
0.355887026
0.202170625
0.058635492
0.033312626
0.135999143
0.022253772
0.215634212
0.028216222
0.220177799
0.252530843
0.18350485
0.257363051
0.205432147
0.136322856
0.0830964
0.099973761
0.014166058
0.091618784
0.02537032
0.033131454
0.012608003
0.032287832
0.035980195
0.287128061
0.122415558
0.051409326
0.066939719
0.023287443
0.041146033
0.037111055
0.029788835
0.051671021
0.019922823
0.051592261
0.172513828
0.102137364
0.308296055
0.272714943
0.389935344
0.1169485
0.284245402
0.024537865
0.226417184
0.039254081
0.216435283
0.204691008
0.259521872
0.213204011
0.036256596
0.288459837
0.254364371
0.057631027
0.044006374
0.332846552
0.303392768
0.380665004
0.211709797
0.471992224
0.3761141
0.662195921
0.551549077
0.253881603
0.721197426
0.736153722
0.47511062
0.470867604
0.347411186
0.196223155
0.493305802
0.501001894
0.497472852
0.514546752
0.585051179
0.719603479
0.660354137
0.421480209
0.154507145
0.641921163
0.554908097
0.04114005
0.476046979
0.419871241
0.074964583
0.278288871
0.343729228
0.420614511
0.486264944
0.482397437
0.472989261
0.485976756
0.486790061
0.479773343
0.433922112
0.342633277
0.336238384
0.482465535
0.21394594
0.241782933
0.189137995
0.044315819
0.006427421
0.014405912
0.0553432
0.025780139
0.095660746
0.394394219
0.44022122
0.4339571
0.374122858
0.123483486
0.131376252
0.120342799
0.008628313
0.136452854
0.187020794
0.007678341
0.018225957
0.174006253
0.208418071
0.223164126
0.295652598
0.014681828
0.144219905
0.019825768
0.007907688
0.00541699
0.013764887
0.066315666
0.233189762
0.12348868
0.367064565
0.322132081
0.041117679
0.09033443
0.20141691
0.289793164
0.310226053
0.406928927
0.307175875
0.368253559
0.253598452
0.38620463
0.201405585
0.418933332
0.356078297
0.091363937
0.254695505
0.313163698
0.290398717
0.191647798
0.124069653
0.145206362
0.196322635
0.105810016
0.029589171
0.200564489
0.117469601
0.018329415
0.178728625
0.166971788
0.183356956
0.119961441
0.100475095
0.10033866
0.003685809
0.003517856
0.01951422
0.011767902
0.00845689
0.037014727
0.1608603
0.410748422
0.390276998
0.369188756
0.289794803
0.118572325
0.227775842
0.016892757
0.230420634
0.206946179
0.277221173
0.165465802
0.04269186
0.02059726
0.207062602
0.166104317
0.018020377
0.093406744
0.175368667
0.265320837
0.024911737
0.240591869
0.176702753
0.269211203
0.189845294
0.026863551
0.283412427
0.32250604
0.345441163
0.254313529
0.384283364
0.381522834
0.347195804
0.393921524
0.299763978
0.323095173
0.277694404
0.280043691
0.26840809
0.130799353
0.237840742
0.028998315
0.113893628
0.002463108
0.002475079
0.00269929
0.003369734
0.101519786
0.014011399
0.336080939
0.371953964
0.284281164
0.311745256
0.383944035
0.331000715
0.142871171
0.30354625
0.011576948
0.28778404
0.26937294
0.008388069
0.022758339
0.296143353
0.227709621
0.011596701
0.221126094
0.267747104
0.254630774
0.168240279
0.30347234
0.241282254
0.269142866
0.348749459
0.413811564
0.291377813
0.206027374
0.206087038
0.052594237
0.068478838
0.010285786
0.002393775
0.001608223
0.011400182
0.013911651
0.314440101
0.139202327
0.269544184
0.377658129
0.37152645
0.304576576
0.300734222
0.369327337
0.181863949
0.050412185
0.335369915
0.337500989
0.033226199
0.074011005
0.357004255
0.293200493
0.258895129
0.228723988
0.015721561
0.065389827
0.023269782
0.006142506
0.007682361
0.014514079
0.080761909
0.065606274
0.256859243
0.35887298
0.482489228
0.377937108
0.486222953
0.480546206
0.288774669
0.496524781
0.475347668
0.541166842
0.522796929
0.4875907
0.525250077
0.537225962
0.461739868
0.302849114
0.018623315
0.449528337
0.432919472
0.020882165
0.06348101
0.325486362
0.326669484
0.312955499
0.295804352
0.21572046
0.059501503
0.118376955
0.013979319
0.016006345
0.007399883
0.016217358
0.037202898
0.338029474
0.086777762
0.497293949
0.485294819
0.511716187
0.494751751
0.5204252
0.490706325
0.508373797
0.499915212
0.522958875
0.496252149
0.580084145
0.565057516
0.188673869
0.565604746
0.571823835
0.546642125
0.374838829
0.324591517
0.546895921
0.546633363
0.025512697
0.400790125
0.50284642
0.327705711
0.237830982
0.078557082
0.037927162
0.032112602
0.006433858
0.026902465
0.039585084
0.040094361
0.34232828
0.28977859
0.051536869
0.441808522
0.474104583
0.045231298
0.281230271
0.424387187
0.393287241
0.348050237
0.184622556
0.073598742
0.410697848
0.510278761
0.117399037
0.368294835
0.437647671
0.511540532
0.26913926
0.424869657
0.412426233
0.320360869
0.283341378
0.412754923
0.064049676
0.618289649
0.0294223
0.526382327
0.558747888
0.025334096
0.240162522
0.485889405
0.176444262
0.38202402
0.171813741
0.230269045
0.255343109
0.265157193
0.241119862
0.19197607
0.092011265
0.239629
0.107136831
0.332544565
0.523375332
0.484119534
0.367876977
0.480580866
0.354988843
0.078405499
0.231123045
0.243914172
0.015197325
0.234462783
0.024718471
0.076515228
0.046490245
0.557625473
0.25954321
0.42745477
0.312712163
0.330737919
0.325988621
0.299321562
0.341783702
0.35017845
0.304673016
0.301949173
0.164722562
0.164847329
0.076699607
0.207053602
0.015618953
0.530406475
0.278897524
0.622729838
0.546773136
0.391117692
0.39015457
0.050529599
0.234761849
0.01241561
0.142241806
0.047163494
0.267711431
0.305385113
0.311702967
0.409320295
0.145778537
0.263049781
0.200957105
0.140025228
0.243753076
0.313554972
0.298451871
0.261351824
0.350246787
0.387141049
0.307762325
0.414706171
0.449966073
0.288122654
0.221889943
0.466390371
0.462785721
0.505246401
0.473281294
0.448044658
0.043681923
0.261014789
0.02372987
0.260005087
0.022170424
0.133888632
0.032247964
0.197372481
0.210533783
0.303071976
0.31979683
0.320028812
0.282309443
0.189777836
0.133868307
0.015726751
0.186277419
0.07183601
0.196512431
0.256342798
0.116969511
0.31357339
0.38852939
0.248690829
0.48814705
0.491190702
0.561668336
0.618277609
0.649369538
0.533972502
0.394999355
0.544553578
0.684582472
0.533575773
0.167358726
0.696086287
0.686824143
0.471931487
0.355138898
0.665182233
0.583176672
0.453919172
0.53788209
0.621250689
0.52580446
0.484418184
0.428087801
0.596139073
0.509917319
0.42097044
0.4505018
0.476357341
0.577472329
0.781973064
0.286660999
0.535763919
0.806435406
0.50963062
0.805373013
0.408182561
0.360967666
0.764368355
0.540109754
0.475829899
0.772345424
0.583464503
0.584881723
0.798275411
0.798136115
0.874717772
0.795726001
0.762070179
0.524495959
0.444506496
0.293723851
0.712787151
0.740183532
0.826710582
0.090479739
0.767206192
0.328182817
0.411818534
0.394561231
0.477226675
0.695113778
0.374740899
0.694391847
0.774713159
0.451855838
0.563704073
0.673573732
0.703373849
0.860402524
0.847219884
0.870265901
0.85474354
0.887610137
0.819961131
0.806863189
0.8196069
0.471258909
0.755032778
0.377239555
0.501852691
0.538743615
0.320046693
0.452942461
0.069853492
0.029051164
0.116635978
0.298703343
0.165310979
0.378634244
0.104383267
0.243433625
0.497175038
0.495556712
0.45006758
0.506532609
0.347223938
0.472818673
0.507680416
0.07760787
0.108678088
0.32542783
0.019729976
0.024934623
0.171971157
0.121737823
0.008380362
0.034199506
0.048705727
0.031442434
0.029591579
0.055985577
0.06895382
0.024080954
0.014936972
0.035975609
0.071831852
0.034313694
0.069240905
0.012773822
0.043038677
0.166788787
0.06151573
0.191692173
0.323725343
0.243589327
0.393284112
0.240675166
0.008312724
0.090050101
0.004727779
0.005048549
0.029155649
0.0022096
0.031325486
0.04236849
0.045072656
0.045808759
0.06413313
0.05096297
0.021362497
0.024514837
0.002093218
0.000840171
0.004251492
0.006268304
0.020772384
0.019911632
0.043439094
0.027963199
0.29930222
0.154285774
0.58006686
0.304668367
0.53155899
0.03572952
0.041113067
0.085057177
0.057318442
0.016720761
0.010012952
0.026708974
0.045182563
0.005749017
0.002745079
0.056257263
0.064666443
0.00251159
0.025590368
0.099426314
0.094532438
0.046093285
0.057456441
0.127623111
0.147531018
0.102821924
0.119156279
0.011323552
0.025826292
0.03527182
0.005819408
0.005305047
0.040387999
0.022993788
0.00339083
0.014832457
0.001556558
0.012227469
0.001711611
0.009303151
0.011968845
0.021686541
0.017492568
0.021044733
0.019020285
0.125364795
0.039592694
0.213944525
0.467713565
0.47930482
0.456737161
0.516545296
0.503573239
0.499682009
0.535166204
0.56537205
0.610866249
0.464122295
0.512125194
0.431206048
0.015508621
0.369926214
0.069334127
0.282073081
0.093074381
0.21298413
0.281909674
0.341858476
0.440487683
0.484858692
0.416437954
0.111017853
0.03000156
0.249736205
0.033222597
0.080926038
0.459158152
0.014393743
0.012631288
0.131492034
0.053137239
0.100558154
0.129412428
0.194017127
0.305772573
0.499399006
0.489173323
0.30911082
0.493201584
0.444703102
0.483474255
0.196084738
0.491016179
0.513700306
0.557829678
0.515893817
0.10381823
0.151934177
0.066406682
0.177891254
0.153667986
0.081951372
0.053193428
0.049324177
0.017518369
0.074387662
0.00992892
0.009062057
0.083160147
0.025209542
0.004355902
0.02470837
0.067975953
0.01616824
0.008400695
0.104359239
0.070212021
0.016056161
0.049016569
0.039632432
0.006369528
0.051083893
0.001539391
0.003469218
0.003628534
0.031630266
0.055172361
0.278506786
0.222004056
0.628074348
0.54550004
0.314347595
0.464220375
0.086023636
0.271674991
0.099157408
0.015758166
0.089734025
0.318707317
0.160256803
0.221687123
0.475125432
0.243019596
0.255186528
0.02998627
0.109202862
0.061231032
0.197802529
0.145693168
0.055833418
0.014916507
0.251377732
0.139334515
0.021427762
0.06407629
0.188522279
0.075349458
0.006144737
0.100192301
0.126145303
0.069901176
0.025487546
0.110230304
0.140970156
0.129311472
0.162943631
0.17292361
0.200245693
0.374213725
0.152108595
0.482587248
0.341941595
0.231620759
0.350686759
0.193711832
0.500404477
0.480449468
0.478720844
0.518752635
0.540621817
0.532860816
0.466885179
0.206266001
0.013433632
0.075331978
0.018618971
0.036630489
0.018614639
0.039453201
0.004408543
0.051379267
0.081786551
0.09196049
0.050797854
0.020141346
0.058081787
0.025524117
0.006474449
0.011145233
0.114068404
0.047627136
0.386331439
0.074096769
0.155530676
0.3627958
0.500601947
0.549608052
0.487596333
0.5360502
0.519828737
0.588356972
0.624195457
0.147276491
0.47507599
0.47490719
0.354497373
0.192310244
0.041494727
0.146578327
0.148784384
0.018238313
0.008451871
0.108634278
0.036752887
0.009897596
0.02221985
0.085198969
0.004437025
0.006693454
0.050962705
0.059947252
0.002995706
0.002306418
0.0918345
0.062038176
0.00496194
0.032505602
0.097505607
0.077350803
0.07071732
0.405810177
0.374606103
0.359192669
0.372787058
0.367770553
0.375124544
0.326407433
0.344990909
0.325994283
0.312412739
0.313123792
0.099752881
0.321454644
0.40315178
0.346302271
0.252063185
0.428528249
0.378182083
0.294757217
0.119423091
0.380419284
0.33195585
0.203291908
0.174753129
0.359590709
0.317567706
0.200655818
0.288879633
0.095934942
0.347391307
0.414789557
0.4126122
0.128671244
0.031520445
0.142821997
0.033236593
0.085662149
0.033412252
0.204369739
0.465088665
0.414328128
0.300197691
0.472150594
0.370693713
0.171269268
0.412499577
0.44076255
0.438344538
0.458443791
0.163555771
0.36725378
0.330424756
0.179432258
0.290706038
0.204318583
0.202316687
0.056958824
0.434695512
0.507980824
0.479685605
0.490906775
0.452526242
0.47193718
0.408653796
0.448542058
0.37260294
0.362983137
0.368507892
0.249873027
0.372903049
0.465266913
0.478945553
0.500879109
0.48803091
0.453008115
0.307126969
0.263458073
0.125462517
0.331367552
0.275392473
0.153382733
0.260901451
0.32074818
0.089231096
0.04123538
0.296111614
0.233947039
0.107124045
0.281760931
0.476811379
0.502629399
0.464528769
0.316250116
0.397823513
0.360465825
0.096386768
0.320634246
0.218942985
0.221668079
0.374113053
0.330426246
0.301936179
0.204770669
0.054379541
0.057019647
0.194617108
0.111304589
0.166967481
0.251957864
0.30796656
0.375519335
0.442162782
0.367784619
0.499796271
0.510651588
0.435832351
0.370973438
0.443969846
0.287700742
0.30054459
0.33761692
0.393650442
0.130271092
0.27479139
0.437660307
0.247050196
0.144849837
0.318773359
0.349974632
0.072277062
0.3568739
0.352093905
0.15574263
0.410352886
0.387020141
0.341733485
0.378591776
0.389322549
0.315546364
0.131371841
0.522319436
0.688174546
0.032053053
0.348766387
0.64925158
0.551092923
0.02229031
0.470691949
0.715296209
0.038054377
0.124732122
0.615929127
0.623020649
0.044225238
0.23087652
0.652393162
0.150242567
0.11592567
0.459413022
0.560670257
0.188135892
0.163151771
0.1670416
0.175669745
0.051055167
0.116154827
0.18147108
0.103672303
0.180357158
0.194367841
0.221372783
0.024742439
0.163000301
0.269162595
0.166493282
0.196995899
0.246101767
0.227605969
0.07295277
0.191196904
0.20056735
0.257238209
0.056310624
0.145868838
0.421739072
0.213438123
0.032237984
0.373200685
0.481986284
0.153492987
0.026786132
0.557550013
0.518038392
0.202142179
0.060899653
0.702474535
0.502059996
0.113378927
0.680985451
0.682773292
0.47222656
0.084675364
0.679350436
0.593342781
0.436843246
0.533374548
0.70303148
0.535169482
0.183102041
0.575558126
0.614139438
0.373170853
0.478435457
0.326907665
0.311520547
0.355139881
0.446311384
0.343304574
0.291201532
0.415235102
0.174714997
0.221411601
0.349309325
0.395821869
0.056092139
0.184393182
0.320444793
0.30178377
0.035031386
0.216388434
0.282517463
0.048423402
0.049857799
0.217970878
0.203451946
0.018096467
0.249472424
0.140562773
0.051675756
0.12733978
0.274265438
0.091783755
0.081308179
0.268258959
0.261610478
0.0506333
0.22863245
0.337329954
0.14605312
0.297482252
0.040799838
0.083370566
0.036214579
0.012227525
0.028077386
0.047576699
0.027387792
0.004922776
0.081542753
0.045089304
0.012558774
0.048573621
0.118186317
0.121063948
0.071312808
0.11419829
0.091109246
0.023939351
0.018692536
0.150093064
0.062884569
0.036777083
0.131081447
0.131284937
0.082493715
0.058582101
0.077525571
0.062450126
0.120087288
0.011692139
0.003570489
0.007730667
0.04671336
0.0264109
0.140872329
0.096371479
0.122106239
0.056048833
0.053086493
0.083276816
0.042044722
0.015266554
0.008166485
0.021480313
0.004294469
0.002715799
0.029778428
0.005240875
0.014953834
0.015473075
0.014063223
0.036892205
0.040179882
0.099090226
0.043231249
0.046437029
0.076518506
0.102865241
0.283461362
0.316876709
0.278985113
0.251032501
0.109595314
0.4512932
0.474610269
0.470174491
0.465509146
0.552005231
0.510605395
0.602390409
0.490947783
0.291251838
0.101286203
0.090222016
0.079819478
0.286089361
0.028764797
0.049089272
0.197169259
0.058935415
0.048119623
0.032365814
0.212768316
0.142418355
0.151440829
0.091878019
0.036725253
0.198022455
0.136671185
0.029761415
0.124967769
0.063054256
0.019274781
0.0231722
0.031520743
0.066280998
0.463028848
0.239478588
0.454354733
0.631913722
0.455165207
0.180091932
0.54793179
0.584393799
0.090342507
0.172808796
0.48987779
0.505624354
0.047664896
0.450086325
0.44928056
0.307736039
0.148889095
0.341741592
0.259104341
0.11679668
0.254972577
0.281445414
0.127212524
0.433958858
0.12641786
0.509272218
0.218063593
0.446689665
0.556033432
0.580500901
0.236422628
0.476303756
0.50097388
0.420132548
0.505056977
0.481525302
0.262061626
0.385387748
0.507599354
0.134015605
0.174461916
0.445023596
0.453615904
0.064581625
0.270347536
0.340858221
0.044262148
0.082726181
0.342910081
0.249314249
0.00858368
0.09066961
0.226959527
0.119518846
0.031489179
0.109252281
0.051158719
0.139546722
0.015612238
0.094712608
0.107309923
0.100350015
0.053508714
0.008014715
0.098674029
0.098187283
0.015813714
0.028889189
0.202195153
0.053581342
0.080065437
0.25207296
0.205390304
0.099294752
0.19475387
0.369616777
0.174529776
0.122901112
0.368716031
0.353153408
0.030847736
0.233150735
0.348888755
0.207938969
0.012794162
0.259972841
0.316897869
0.097498417
0.015067965
0.082166359
0.051577415
0.02328556
0.090634942
0.011878801
0.045595836
0.038422745
0.022749063
0.021281095
0.025120202
0.015113783
0.07250642
0.046912305
0.00719119
0.062154111
0.150001481
0.060908787
0.019763032
0.034354448
0.078220643
0.066418886
0.059584334
0.015934838
0.071132243
0.113977075
0.030786192
0.009774527
0.173480272
0.076547012
0.008534201
0.214761242
0.16816321
0.028366717
0.007682698
0.27330333
0.147889271
0.073664308
0.146919385
0.256134331
0.095921874
0.157671452
0.054882184
0.154399201
0.168526486
0.122236535
0.038492858
0.020941528
0.042604975
0.047956813
0.046558913
0.026180821
0.115169927
0.096229888
0.052421745
0.033469271
0.040324379
0.124178715
0.138479829
0.029535884
0.021303382
0.13779524
0.104829982
0.026851961
0.101976432
0.240165696
0.257950455
0.200267166
0.026082844
0.007781691
0.009495037
0.01284796
0.061564729
0.096690588
0.084253237
0.083448678
0.091178827
0.04794196
0.048589073
0.198987067
0.110865086
0.132320166
0.265677869
0.271402061
0.353637218
0.347484559
0.115519851
0.306370556
0.308189213
0.229301691
0.230796009
0.166196719
0.033038348
0.05153574
0.197275281
0.108669847
0.027865879
0.041426737
0.29932645
0.13526918
0.197992697
0.315350413
0.294304162
0.177118972
0.450757325
0.153511375
0.189863294
0.261431307
0.340587348
0.317545116
0.570251644
0.459458888
0.580231905
0.557258248
0.555502653
0.506822169
0.162713006
0.233098865
0.476760864
0.373235077
0.047702167
0.334279418
0.436158031
0.369187444
0.031765703
0.354865819
0.429616481
0.338947147
0.23146528
0.021841649
0.047176782
0.017650021
0.038300015
0.050144069
0.154168993
0.057835102
0.320807427
0.186877489
0.488289803
0.566772401
0.288585871
0.627500653
0.532362878
0.166064024
0.608311236
0.645569623
0.447504938
0.492507011
0.620187521
0.607649744
0.207530126
0.507325292
0.549042344
0.499651521
0.036688309
0.468782574
0.476700872
0.412107587
0.222088903
0.07306245
0.230815545
0.380876303
0.330386043
0.488568336
0.198174208
0.468670398
0.109263971
0.339684993
0.035220452
0.236861795
0.341131359
0.298732013
0.42447871
0.13377063
0.409897447
0.469395518
0.165874109
0.423521578
0.446421206
0.443668604
0.06201743
0.373142421
0.440205067
0.280893624
0.230288282
0.390961528
0.377899796
0.095407881
0.28604123
0.274439067
0.413866639
0.361370802
0.203475267
0.252976686
0.362371504
0.283083379
0.108345285
0.327436805
0.318454981
0.169952631
0.028980142
0.269036293
0.290422291
0.092049919
0.11373084
0.277381331
0.284675509
0.251801699
0.139882535
0.165441468
0.096994378
0.028710496
0.044327769
0.053203516
0.065956898
0.047075447
0.039442461
0.092716895
0.081994273
0.083067007
0.247739509
0.345436871
0.180302814
0.430091351
0.505295634
0.517575562
0.118767105
0.098398656
0.046486638
0.053177871
0.042823445
0.010004755
0.021216793
0.015324412
0.068843581
0.065083064
0.16265583
0.097066276
0.149850324
0.148788184
0.088849701
0.254142374
0.191685572
0.021887647
0.271437526
0.275375903
0.066479333
0.031743694
0.307101279
0.26150313
0.053734735
0.332838625
0.420521647
0.44784084
0.525975704
0.494231313
0.572709382
0.503164172
0.301677734
0.102428176
0.066048823
0.330551147
0.032241251
0.034480587
0.278534055
0.021365039
0.028412461
0.041470349
0.243765146
0.107546717
0.122418948
0.17472136
0.145744368
0.245668173
0.119981565
0.281766236
0.315310299
0.028432775
0.268117815
0.371852994
0.238359794
0.043089066
0.354917735
0.385585546
0.063722648
0.350666225
0.423819661
0.504768968
0.346297681
0.569387376
0.45166263
0.50925684
0.458562881
0.440233886
0.513705194
0.452821791
0.481559277
0.454491049
0.541357458
0.575220704
0.324851036
0.132511333
0.328399152
0.200743884
0.346793592
0.066331089
0.317067415
0.249441057
0.059942331
0.082851842
0.04882196
0.290109187
0.064425133
0.038357615
0.224186942
0.020000139
0.050730798
0.022318376
0.263947099
0.016677899
0.067904726
0.189866379
0.104861535
0.168387339
0.065183654
0.165600285
0.312594563
0.019286532
0.180976778
0.352342218
0.338738859
0.012361073
0.308121026
0.380332977
0.05967126
0.28301686
0.373919398
0.381789654
0.287914604
0.34956184
0.336345077
0.3359828
0.210946918
0.101069845
0.170809463
0.145035639
0.073438361
0.189847693
0.089109741
0.032698721
0.191805944
0.104278557
0.064269692
0.025630968
0.160893574
0.155079007
0.076066568
0.110229276
0.078105144
0.04026353
0.137278646
0.098905489
0.121679574
0.142776161
0.087840587
0.194419086
0.191286743
0.180012017
0.22701703
0.040131126
0.334345102
0.326458842
0.378009319
0.431420863
0.20265463
0.254267573
0.195083231
0.203740209
0.216403887
0.277612627
0.324698597
0.241720572
0.260898113
0.338364035
0.349268079
0.19410114
0.014967656
0.252435327
0.25200808
0.129665524
0.001846964
0.004443249
0.100629218
0.035212301
0.007332646
0.008666311
0.085841462
0.050171193
0.08846394
0.22521162
0.048059911
0.310904205
0.195154592
0.398615092
0.337183774
0.496257186
0.469811112
0.401271522
0.446369916
0.360167295
0.575248122
0.617251039
0.623718381
0.603648126
0.56047231
0.484563589
0.480631113
0.233154088
0.215557352
0.06108797
0.239579424
0.195518911
0.141375706
0.196341321
0.242788911
0.237025067
0.461375684
0.461216688
0.349657923
0.064918406
0.091099039
0.194518477
0.178411067
0.015371388
0.244551226
0.105839565
0.041200761
0.237498417
0.59745121
0.068028338
0.046674352
0.637163103
0.565655887
0.010199798
0.543115973
0.643465519
0.27696237
0.067628518
0.611615241
0.566070378
0.029172255
0.475865364
0.616587162
0.051591337
0.068396039
0.56194216
0.49025619
0.020007256
0.164126992
0.460352391
0.146900177
0.031403504
0.209412575
0.256079376
0.051174358
0.031162867
0.044260938
0.19316037
0.111594513
0.027438655
0.053941257
0.008355051
0.053600051
0.005008063
0.042272083
0.069877461
0.030335847
0.095973186
0.039738942
0.023432752
0.004461644
0.000990866
0.001676175
0.012410115
0.017170778
0.002586942
0.019996988
0.112752795
0.139381096
0.220296159
0.079118013
0.058496639
0.096981287
0.060034107
0.017927753
0.137414545
0.163546026
0.024967328
0.347559601
0.343034953
0.123960942
0.394134879
0.486010909
0.284147173
0.308021903
0.576557696
0.498086631
0.30725202
0.573390186
0.680791974
0.543134332
0.087745704
0.67236501
0.627790749
0.334917665
0.61561358
0.65907824
0.604621232
0.499464869
0.525277019
0.296885073
0.308363944
0.195778042
0.021084722
0.10115806
0.226905674
0.067595482
0.008133695
0.03056214
0.148897052
0.006974524
0.003932989
0.029670468
0.014390538
0.001664554
0.009854127
0.027598564
0.025545539
0.003854521
0.021746174
0.013605322
0.012796439
0.002144987
0.036456522
0.014821634
0.0009088
0.009028402
0.012720481
0.005400872
0.001648119
0.007765046
0.014429017
0.006915326
0.047701027
0.001584073
0.008890541
0.043024816
0.008829409
0.044782147
0.068565644
0.073043071
0.010986877
0.032132197
0.029430795
0.009412341
0.038487408
0.001447786
0.002059635
0.003319591
0.013601917
0.01590251
0.004641546
0.031595174
0.009425029
0.02526856
0.025902115
0.007273398
0.000985768
0.000218316
0.002032656
0.001783435
0.064212307
0.030223167
0.172290385
0.046565395
0.002412461
0.028367715
0.003836926
0.001623191
0.009801326
0.017624399
0.000779384
0.004238722
0.029004298
0.007848645
0.004079017
0.037376694
0.035335854
0.021378975
0.038438097
0.017126823
0.026432917
0.03858922
0.025437828
0.003591554
0.013098975
0.000856247
0.000959952
0.001002204
0.012885072
0.049549673
0.011825056
0.008339077
0.00085183
0.000266713
0.001158411
0.000469578
0.000894466
0.000725688
0.014334657
0.030476766
0.014399156
0.04354874
0.06641756
0.058012057
0.051087867
0.053242508
0.026931727
0.018833347
0.004479186
0.018203814
0.000541032
0.000975406
0.003344839
0.016841654
0.423009276
0.090675384
0.013824277
0.249145567
0.121568099
0.014653724
0.005389915
0.035496995
0.038648561
0.00433072
0.001498474
0.002284385
0.003957388
0.00191672
0.00069295
0.009587015
0.004754668
0.108171977
0.09454336
0.4516083
0.455374628
0.38957566
0.423415422
0.440472811
0.47396329
0.428921074
0.215943083
0.245300338
0.332026839
0.109703138
0.013241001
0.137765259
0.128668845
0.032503456
0.026351217
0.006856939
0.004230439
0.015028053
0.001489933
0.176053494
0.058007944
0.333777815
0.473663867
0.539800584
0.481093258
0.448196501
0.450763017
0.403156608
0.261112779
0.214514881
0.217984587
0.147768974
0.221207425
0.204488575
0.096976511
0.0554781
0.023412796
0.021481654
0.050498657
0.008595204
0.004244089
0.019864678
0.065297328
0.001906793
0.008385392
0.0254832
0.033878665
0.12381395
0.077057175
0.138042614
0.017751349
0.003242231
0.245032385
0.027158029
0.282315254
0.112361699
0.092134722
0.070040092
0.059788276
0.007659663
0.005407239
0.021502046
0.001357419
0.000840292
0.001785401
0.011870346
0.000677043
0.000468218
0.01728172
0.014535825
0.001536064
0.005383049
0.023110321
0.013632089
0.005283984
0.017018359
0.055307504
0.025637472
0.0299196
0.030635148
0.033068012
0.014871716
0.005883067
0.049527232
0.035479411
0.024030104
0.044834122
0.043882255
0.005568317
0.027315147
0.047018912
0.055965636
0.003262887
0.029206889
0.086617373
0.019229528
0.1219294
0.13431713
0.247278675
0.216174781
0.354967803
0.029339723
0.226878375
0.443461746
0.422207713
0.228864834
0.414875031
0.228201464
0.391903847
0.152440533
0.190644994
0.017465007
0.087028004
0.145473152
0.026776826
0.005560338
0.032490715
0.083994925
0.004355923
0.028952586
0.062415414
0.026163515
0.041694321
0.015687618
0.053366125
0.096494727
0.013252676
0.036544289
0.09686932
0.051274039
0.011841143
0.038216382
0.07077235
0.01705374
0.314070582
0.2019106
0.439816564
0.365524709
0.479058743
0.066654801
0.124783024
0.4790411
0.42847982
0.199908584
0.346576631
0.170242846
0.27045247
0.104239941
0.133329675
0.036827158
0.01394858
0.030523285
0.009844189
0.007330002
0.003719795
0.005254563
0.005680733
0.010092931
0.007196949
0.042785306
0.035761103
0.004037272
0.023672378
0.045455504
0.014926612
0.033051141
0.013355438
0.035292912
0.001690281
0.02976875
0.003331934
0.000807618
0.003851811
0.000977073
0.001244875
0.001585544
0.068946503
0.050066046
0.13002643
0.047449056
0.049769308
0.258716375
0.210700452
0.147712037
0.179509282
0.307995468
0.25777024
0.014494438
0.212516934
0.265842825
0.029296106
0.248293102
0.150721148
0.022426501
0.001227327
0.000626067
0.000782307
0.00027143
0.000683947
0.007138265
0.006101132
0.139569521
0.108863786
0.381273896
0.018963447
0.227967188
0.107930303
0.033830691
0.014264625
0.064534225
0.039385833
0.003105264
0.025934152
0.076868072
0.005621156
0.001633265
0.047106326
0.034476019
0.003212448
0.015334028
0.058026992
0.033071991
0.091421761
0.004981509
0.003043405
0.000945143
9.71553E-05
0.000147504
0.000225656
0.001016622
0.030332517
0.000898217
0.000241629
0.002351495
0.003514608
0.000570069
0.002204483
0.003494652
0.01642596
0.042120282
0.053925127
0.087926783
0.090817526
0.04572688
0.065925427
0.018442042
0.009138755
0.001733778
0.040580053
0.046980254
0.057094224
0.076568648
0.027288208
0.044883069
0.004508345
0.127354443
0.16958268
0.06036317
0.020664616
0.001785539
0.001024641
0.00053994
0.000233897
9.35019E-05
0.001800242
0.018016944
0.006689397
0.000304312
0.001162571
0.000742339
1.21418E-05
1.10624E-05
0.000196661
0.000349054
0.000365696
0.000727832
0.000201695
0.002788764
0.011226597
0.016015435
0.048488431
0.153433025
0.277867645
0.226780728
0.255142599
0.176019207
0.127185911
0.014460358
0.073289357
0.036689851
0.078281708
0.001719152
0.007091545
0.128263101
0.003341947
0.001125646
0.010244375
0.153773203
0.002382161
0.004414267
0.007572194
0.200882405
0.031784184
0.003512575
0.000323601
0.002404624
0.001650117
0.001362309
0.003815396
0.027573531
0.031326599
0.039427292
0.467545182
0.367673606
0.550929666
0.31037882
0.057594988
0.108844645
0.026670387
0.010078985
0.005169131
0.008936075
0.001781397
0.000815969
0.015578666
0.001321973
0.0004163
0.000783843
0.000637544
0.009797392
0.009945425
0.04297876
0.027757745
0.084150307
0.256700367
0.353718787
0.078191161
0.392164677
0.487175882
0.262351036
0.432494819
0.02999424
0.231213406
0.028197665
0.310340732
0.258136421
0.400956243
0.413113385
0.465501845
0.326977074
0.215584338
0.154189751
0.090791211
0.188541681
0.05536516
0.00434827
0.034942146
0.054492645
0.138199106
0.269940346
0.11337433
0.028343659
0.091444686
0.040289897
0.039254311
0.064550959
0.015232863
0.016740151
0.165479422
0.017942172
0.0253525
0.377683878
0.297146857
0.014997346
0.043199964
0.313533098
0.336067379
0.311063915
0.416376114
0.311614305
0.151707157
0.268412411
0.373511821
0.058381449
0.022799036
0.320879817
0.352273881
0.004022207
0.025859451
0.304690033
0.013941203
0.001991814
0.006033797
0.007385703
0.01067667
0.105437405
0.01551465
0.242095158
0.275352627
0.312347174
0.013006607
0.006032822
0.082779624
0.095120206
0.002897285
0.007220752
0.03166651
0.022273514
0.128928944
0.025532139
0.042159166
0.018382136
0.344168663
0.151163459
0.175370276
0.203495651
0.404474944
0.339902103
0.232702598
0.345092952
0.139989749
0.280844957
0.409429818
0.314850479
0.095564179
0.236913025
0.253076553
0.022292754
0.01219534
0.043000635
0.176690087
0.220238611
0.240112871
0.012423154
0.00407696
0.012415873
0.237495273
0.07549119
0.033016428
0.123646744
0.037287697
0.027127558
0.004498087
0.017257197
0.021304367
0.078064866
0.009077249
0.022243839
0.062724389
0.230464831
0.217424974
0.066393875
0.065016627
0.053258192
0.010936064
0.074742727
0.033972114
0.118632242
0.227025867
0.120698124
0.19810304
0.058998112
0.148712471
0.079120748
0.058090139
0.079371609
0.158452928
0.066255435
0.161665261
0.255861849
0.21758458
0.323112488
0.365077436
0.097360522
0.252712786
0.036006827
0.039518267
0.007470593
0.017585687
0.087369993
0.151009917
0.14160268
0.104965724
0.264193416
0.154589638
0.213095561
0.207367182
0.088293158
0.165953472
0.268146068
0.128936127
0.035839435
0.454777181
0.366373062
0.227248862
0.254508376
0.299825817
0.277691424
0.179649681
0.021664897
0.312293917
0.299855649
0.136457175
0.231757373
0.360810339
0.317993671
0.363846093
0.344251364
0.249249861
0.289933324
0.303770185
0.282943398
0.298186749
0.265319586
0.359753132
0.428003222
0.504960835
0.218164623
0.575459659
0.043078575
0.019477423
0.013057529
0.087069876
0.52109623
0.034443732
0.016667135
0.616773963
0.522506297
0.381766438
0.433931112
0.310879171
0.286367267
0.058353443
0.017570406
0.293753982
0.290491134
0.04386206
0.182451725
0.314808488
0.35921216
0.287333995
0.253272116
0.313771576
0.194295466
0.195478812
0.248602524
0.318853229
0.485366672
0.512786806
0.51163137
0.40192771
0.596564889
0.066238426
0.019050619
0.006329891
0.164238423
0.549352646
0.026312474
0.113825589
0.646094918
0.616228163
0.489329815
0.508212566
0.339693099
0.291030943
0.051596701
0.012655105
0.066994406
0.109851234
0.010762374
0.038972873
0.175532386
0.286623299
0.22491321
0.059977517
0.1887988
0.076098815
0.095104776
0.111606799
0.210967124
0.477658421
0.581384242
0.606617272
0.102306508
0.621672273
0.039185897
0.019422289
0.020254407
0.356633991
0.655866742
0.120836154
0.224072307
0.698780715
0.666843593
0.557849467
0.571311057
0.483283401
0.428797215
0.171928123
0.02004043
0.141365379
0.06310337
0.007854328
0.009405466
0.051043175
0.047924515
0.066652671
0.015473409
0.114895262
0.034215335
0.084942564
0.108575597
0.4041529
0.542502999
0.557224691
0.611891448
0.559516251
0.629052937
0.42723164
0.041768949
0.095375702
0.499714702
0.637354732
0.4650442
0.617889285
0.485985726
0.375223309
0.123452544
0.489229023
0.328286856
0.08413142
0.019307476
0.313405395
0.128292978
0.058429126
0.016930079
0.141410381
0.079375528
0.075794913
0.102112755
0.095750652
0.185602099
0.223954111
0.319007039
0.488142312
0.232901663
0.459980816
0.351926833
0.381881118
0.445179284
0.432601005
0.478967637
0.566663921
0.481219202
0.425482184
0.385682821
0.394392908
0.34022519
0.193758354
0.314889252
0.329939663
0.346526742
0.149033323
0.343067706
0.258861452
0.123734273
0.28827405
0.271936446
0.235427275
0.273285359
0.189433753
0.127845675
0.027648417
0.143888324
0.153755188
0.050450135
0.221724764
0.234207422
0.06008501
0.215537399
0.278445035
0.186955541
0.200317532
0.163107648
0.09720242
0.153792933
0.082130067
0.013754386
0.039197937
0.055551454
0.198033407
0.018433094
0.03378538
0.198768899
0.240445301
0.056929868
0.057174969
0.235745177
0.255625784
0.230497435
0.149791524
0.238138169
0.261409849
0.226793244
0.263750523
0.151647091
0.029777307
0.110538244
0.201773852
0.033548359
0.010702827
0.0195993
0.019275175
0.050054628
0.064005017
0.444560796
0.213649958
0.390414655
0.234724939
0.213871792
0.080888592
0.176304176
0.177919656
0.252043396
0.247906029
0.235422328
0.281758696
0.322405994
0.351426661
0.278535128
0.373866677
0.384567738
0.357853562
0.374384195
0.101988353
0.121619359
0.02349042
0.285484642
0.093743086
0.039452322
0.162596911
0.0224982
0.016380168
0.026395645
0.022158343
0.025704244
0.021565629
0.078043349
0.015354597
0.009150663
0.009008608
0.036025953
0.035675731
0.01228924
0.034870923
0.204430744
0.115952499
0.036967892
0.201458573
0.283947438
0.219298273
0.036402717
0.186314419
0.243960544
0.155537203
0.069979228
0.196782291
0.227202222
0.073133104
0.178918839
0.103528962
0.1519887
0.156794459
0.16335623
0.151360244
0.164998859
0.050965205
0.139633864
0.165530339
0.110537283
0.090880744
0.218730703
0.160038024
0.035437401
0.066698849
0.028944094
0.037869018
0.046504803
0.032745581
0.08252418
0.025058119
0.023057679
0.188224241
0.131719083
0.211940363
0.182219028
0.213436693
0.197666228
0.235679045
0.239866853
0.201613843
0.124711856
0.022996385
0.221286371
0.259399146
0.222463027
0.034325782
0.051963802
0.211507097
0.249748453
0.18752037
0.169199973
0.209361762
0.255566597
0.069059722
0.110847138
0.236381605
0.220139444
0.204812437
0.125492021
0.173006922
0.206416145
0.224877134
0.212965995
0.196126089
0.180649593
0.080116287
0.055986851
0.052183621
0.071224533
0.075205795
0.042723332
0.123003237
0.078705423
0.159514099
0.1703275
0.141480625
0.198760971
0.236118078
0.300045073
0.233516738
0.462517381
0.439013898
0.413434386
0.419296086
0.272865683
0.203498483
0.102320164
0.120628633
0.06308578
0.039173588
0.0878333
0.016982142
0.236322388
0.131990165
0.156208485
0.238163367
0.19250226
0.234868258
0.12211214
0.071707822
0.096994378
0.091512203
0.16634576
0.160504222
0.028918287
0.174322754
0.19982484
0.265192091
0.068412855
0.183205798
0.2815108
0.319438696
0.100319162
0.211334527
0.258064032
0.237854719
0.155097738
0.278236717
0.275018632
0.02068831
0.214278236
0.257043988
0.052215606
0.071112022
0.278035551
0.325692236
0.279275239
0.404818803
0.352660239
0.260664642
0.318036109
0.317351937
0.096720003
0.048997328
0.098448612
0.242539331
0.120112732
0.271838725
0.262853682
0.345820665
0.240106478
0.252106875
0.288138658
0.263193309
0.25246051
0.148962155
0.023076952
0.076014489
0.31398347
0.131670967
0.158429295
0.392618358
0.404788584
0.087371282
0.244323239
0.461860031
0.334280729
0.054938748
0.081917949
0.459409922
0.356681675
0.464485019
0.387217522
0.331567168
0.462200463
0.466681749
0.481432676
0.437514037
0.469849557
0.125367016
0.043339677
0.050603598
0.441317439
0.483320206
0.459409118
0.466777623
0.444461107
0.127934068
0.01225915
0.033931956
0.023555653
0.013908773
0.013901542
0.025891896
0.011331701
0.021726804
0.046238977
0.028343882
0.017223354
0.007934293
0.020558823
0.024994794
0.028219985
0.011201457
0.043675955
0.067921206
0.09451846
0.218957096
0.157669947
0.208126694
0.263057917
0.300229222
0.343974084
0.374748915
0.364014477
0.251970112
0.325428039
0.370615542
0.404203117
0.289355427
0.323699147
0.197063565
0.284318268
0.361390501
0.311986029
0.197016761
0.195797384
0.294615716
0.230760828
0.375662118
0.353734732
0.326690078
0.392437816
0.388970435
0.103227697
0.392040253
0.398516685
0.431253463
0.405239373
0.379704803
0.062166065
0.294152617
0.062942401
0.032146316
0.289008349
0.36472854
0.370595306
0.372993052
0.346542895
0.406730562
0.385669291
0.303351253
0.395036519
0.03594552
0.369610369
0.374302357
0.112215787
0.304372519
0.307387024
0.191009805
0.253191829
0.334751755
0.244958788
0.19387269
0.044950023
0.154203817
0.028093992
0.104449935
0.085514694
0.134582013
0.167226478
0.133373246
0.135693938
0.265379071
0.262622446
0.176307067
0.273782104
0.33932367
0.320991039
0.197008312
0.260841519
0.311275959
0.262741446
0.115824111
0.116054945
0.286043346
0.245071426
0.142128274
0.05824773
0.264095098
0.187465549
0.156259671
0.034434196
0.148741379
0.012605752
0.10373085
0.014865919
0.134073049
0.03250283
0.126907378
0.141597852
0.032041401
0.044488601
0.437490195
0.15995802
0.594843268
0.583949208
0.422247946
0.269165426
0.465415806
0.339760363
0.479921937
0.335932255
0.527468026
0.194914818
0.392165065
0.103063405
0.204909369
0.110449724
0.106404938
0.17445983
0.022231989
0.129026413
0.01284493
0.1279466
0.068928957
0.041799016
0.086230256
0.06060395
0.014001507
0.025962686
0.018592866
0.243679717
0.397638112
0.568714023
0.571334958
0.510854721
0.331069022
0.291537613
0.206081092
0.495392233
0.535259068
0.040535714
0.011243023
0.528307319
0.206944749
0.027377611
0.184431583
0.41557923
0.548917532
0.567859173
0.516099215
0.384556293
0.415439069
0.156670615
0.087329678
0.154849693
0.02839788
0.068937086
0.117361411
0.037282981
0.051844388
0.09580607
0.204943046
0.124611385
0.445679069
0.497614771
0.48685798
0.1595411
0.181969032
0.56129396
0.192000538
0.080648661
0.056531172
0.131818086
0.357080758
0.04306788
0.526032925
0.495010346
0.564849317
0.368877172
0.545678914
0.54421109
0.450810254
0.476260662
0.529257178
0.499178231
0.546426773
0.39057529
0.045862935
0.205575287
0.450923085
0.47581327
0.051333576
0.165579394
0.56111449
0.387644112
0.054452676
0.45708558
0.555089474
0.46684581
0.157379821
0.472573847
0.30093959
0.132498413
0.167306349
0.212325841
0.159313008
0.056382574
0.064723678
0.015972391
0.058660753
0.055646595
0.015065325
0.029422343
0.072133429
0.029535023
0.008189685
0.082046904
0.05913125
0.226723179
0.078050502
0.235047206
0.328560829
0.353054374
0.272884279
0.387868851
0.481422544
0.514792502
0.43873927
0.533469796
0.537086844
0.428079844
0.491869628
0.472748727
0.327484787
0.445528984
0.51280582
0.283464819
0.081131987
0.035093304
0.035922527
0.027711103
0.012446126
0.156238511
0.150269836
0.021805219
0.032918587
0.208518296
0.096402951
0.067735277
0.056538235
0.011764192
0.018682774
0.013566041
0.037563961
0.188789815
0.521095812
0.083611101
0.365967721
0.564003527
0.53073293
0.47818622
0.524246097
0.536844313
0.377345085
0.174026877
0.55548507
0.357463956
0.153145313
0.041114599
0.094370179
0.143647075
0.019036148
0.020293087
0.131611183
0.071265548
0.014440522
0.07770028
0.116187036
0.043616708
0.056413941
0.033281382
0.006262429
0.010286121
0.010440228
0.029533509
0.034093499
0.386240572
0.591128945
0.558868945
0.438628763
0.553983808
0.512386799
0.086812548
0.051445484
0.149860024
0.165710479
0.04111157
0.067160308
0.144477665
0.049349811
0.052234199
0.298664272
0.081971072
0.485306144
0.486576468
0.101038843
0.323765069
0.242515624
0.380391359
0.375916868
0.265685529
0.156280681
0.119755708
0.053559877
0.100098833
0.263507992
0.247665271
0.102288552
0.360948145
0.448750287
0.48901993
0.51728946
0.461738288
0.574048042
0.596577227
0.458922535
0.569983065
0.566604018
0.449207366
0.520497441
0.503908634
0.311450601
0.080105416
0.391949564
0.432729185
0.123541996
0.114170134
0.327152848
0.24840726
0.119889356
0.103901565
0.096353643
0.03308288
0.04623238
0.169740975
0.135224074
0.353984416
0.492124945
0.441255063
0.213573575
0.227914169
0.44609946
0.360212833
0.127232224
0.319549024
0.447038114
0.352803439
0.433246762
0.333125174
0.324350834
0.269261628
0.232761547
0.309527695
0.298157394
0.182217211
0.063082963
0.217841297
0.182078093
0.055869874
0.048905864
0.172425538
0.166460842
0.289797574
0.054918624
0.22047399
0.332614034
0.431741416
0.472210139
0.505279183
0.468016237
0.324149251
0.413648278
0.363187522
0.087781966
0.322291255
0.339081109
0.415146172
0.241151571
0.380549967
0.379376709
0.428869456
0.425666094
0.455399543
0.467578828
0.471427619
0.432705045
0.358667105
0.253521413
0.399511158
0.16055046
0.409746319
0.058426682
0.489483774
0.122039713
0.435576797
0.346841514
0.44971928
0.502479136
0.380828053
0.519558787
0.039699405
0.55949378
0.070289835
0.503234804
0.226805195
0.399570346
0.103148848
0.279987335
0.256026506
0.283662289
0.379977822
0.24498269
0.223725602
0.369906038
0.515172184
0.483233511
0.459941626
0.375172347
0.65543437
0.507440329
0.444483995
0.616973698
0.621266663
0.46319738
0.615051925
0.611851096
0.520763516
0.460973501
0.472723991
0.329620093
0.369550198
0.487306714
0.475352496
0.595764399
0.636905849
0.59699291
0.622564018
0.521534204
0.431372136
0.375742406
0.386148363
0.451614827
0.557477355
0.144213036
0.667706847
0.40607214
0.479105145
0.145895958
0.42273578
0.175279543
0.257950723
0.307379693
0.082905136
0.161719903
0.131398231
0.247349456
0.195957571
0.06190113
0.374556571
0.323682964
0.261798561
0.267956167
0.397166967
0.367979079
0.052712187
0.33197403
0.388479441
0.413481712
0.046773747
0.372991174
0.390536278
0.430934012
0.267950714
0.401143849
0.410126656
0.285545975
0.304355025
0.165756539
0.25561887
0.251203865
0.102415532
0.275639147
0.275125802
0.377113283
0.317205727
0.38500011
0.474410802
0.412677079
0.509167552
0.46579361
0.51919812
0.523694873
0.278520018
0.121041238
0.601047397
0.558751225
0.532306314
0.535217464
0.324049681
0.503665447
0.10790702
0.33150357
0.295646578
0.233409464
0.377781391
0.325660318
0.342250168
0.32627812
0.329103678
0.324476272
0.268208742
0.316973776
0.203560919
0.347187877
0.059956819
0.266864538
0.286011755
0.318151832
0.381290287
0.425095409
0.457090557
0.408999026
0.390533984
0.2010234
0.335792273
0.287640274
0.267979234
0.275834471
0.178022832
0.231478468
0.04075576
0.138870791
0.141587973
0.285077751
0.262779057
0.341044575
0.073916532
0.431570917
0.060723968
0.417123973
0.074195884
0.04675927
0.147496134
0.243785098
0.24622184
0.284147769
0.277966201
0.130092084
0.290234804
0.17525734
0.26021871
0.087137483
0.097008877
0.047359861
0.320439786
0.047295392
0.348144799
0.215313807
0.346498668
0.304790169
0.297401786
0.404690951
0.355534464
0.378689319
0.253015608
0.294315308
0.074343592
0.267338485
0.263085693
0.375384092
0.299443483
0.160956666
0.299862206
0.261119187
0.47134161
0.367428035
0.402402252
0.377094954
0.356286198
0.286042571
0.484110028
0.402161598
0.608275831
0.546153009
0.143971965
0.566559255
0.385016143
0.534182549
0.307002366
0.432093173
0.095437013
0.345867068
0.317602277
0.25548178
0.281010807
0.188344911
0.259823442
0.117455304
0.148600578
0.266863018
0.259150565
0.206697524
0.242067397
0.089572519
0.148259521
0.067844175
0.04715991
0.13197571
0.556932211
0.404710621
0.187361792
0.237875208
0.181740388
0.067932911
0.316937208
0.216594636
0.37888208
0.254950553
0.432785302
0.390622526
0.419797152
0.463476419
0.375778198
0.452129483
0.406330049
0.352266192
0.416805327
0.33823812
0.372720361
0.387505114
0.376910716
0.289874554
0.276277065
0.296805888
0.285674632
0.085147977
0.171311393
0.279432535
0.266820073
0.065909676
0.25968343
0.188617602
0.084786154
0.209050015
0.211283833
0.297269881
0.238681421
0.205472752
0.100520775
0.293639719
0.264788389
0.373804718
0.108167164
0.368941486
0.045440819
0.285030335
0.134129837
0.294712275
0.453166932
0.311609209
0.392064601
0.468635857
0.422520071
0.366613805
0.364045233
0.273096919
0.258763909
0.053923208
0.200468421
0.137328714
0.225599304
0.140606165
0.310864449
0.217977583
0.511831582
0.535015941
0.538282454
0.410144508
0.07456214
0.346785754
0.497480184
0.212593287
0.037003055
0.395727515
0.335086077
0.131604597
0.053530287
0.274773896
0.302603513
0.395262957
0.059738476
0.029470829
0.197376847
0.17337665
0.470613807
0.277217746
0.475740939
0.216228709
0.333794981
0.391330004
0.390575677
0.489186078
0.519152403
0.536995947
0.510509312
0.502620995
0.49671638
0.485444009
0.465765178
0.467766643
0.468639344
0.402727932
0.127440959
0.086874135
0.027304403
0.041358128
0.048822373
0.026696598
0.018251549
0.025541799
0.009342146
0.01818116
0.008491784
0.010479899
0.010328401
0.004538109
0.0060846
0.119631313
0.073941641
0.119443282
0.100977793
0.141273707
0.162605762
0.097211622
0.138806656
0.088447705
0.132891774
0.311798841
0.327775657
0.167817235
0.205974743
0.110274039
0.188701525
0.129382908
0.254680485
0.433847308
0.340947926
0.283817321
0.434976071
0.385757655
0.475615621
0.482643634
0.449693739
0.500244558
0.47919181
0.188174203
0.496714562
0.504671156
0.477702111
0.339098275
0.271526039
0.333195627
0.09701781
0.268724412
0.351272464
0.035091639
0.355289459
0.429144233
0.020746769
0.013272365
0.42642194
0.422347754
0.0188036
0.062931284
0.417514652
0.486203641
0.330326587
0.411331713
0.40289399
0.324959159
0.013586155
0.01018701
0.226274133
0.121562295
0.006417182
0.037639152
0.231496707
0.088849738
0.051673107
0.194599524
0.163306281
0.267641962
0.327687114
0.170367703
0.01713657
0.313608408
0.305433869
0.041010801
0.033728175
0.375689089
0.241979942
0.173732296
0.331062406
0.283825219
0.437738448
0.39905116
0.045579925
0.352357835
0.065356754
0.318140328
0.258105099
0.27981776
0.061384644
0.363684952
0.315669805
0.057237111
0.216241837
0.325329155
0.11712072
0.320819706
0.356788099
0.368150085
0.350332469
0.382477075
0.349446684
0.072681807
0.134336457
0.026742674
0.33414799
0.099296696
0.392948002
0.346837372
0.017801303
0.064731188
0.342905641
0.037602101
0.016853144
0.326093823
0.328031749
0.03061582
0.111221828
0.262478083
0.29557541
0.344985008
0.311434239
0.135484576
0.195948079
0.303721458
0.305530131
0.092119798
0.277980953
0.342822522
0.340763003
0.063402951
0.227636606
0.350867808
0.323742151
0.044848353
0.336234182
0.437153757
0.265938312
0.491872758
0.470320284
0.33703196
0.381134123
0.41961804
0.064208396
0.027518431
0.31621927
0.264516175
0.179530591
0.22513631
0.315496117
0.304411829
0.2623806
0.348297834
0.236259103
0.130312473
0.099500179
0.062421497
0.029782847
0.133326888
0.099870488
0.442982614
0.420326233
0.456025332
0.361882716
0.316741645
0.090047352
0.35514906
0.025063567
0.016425181
0.014809641
0.033152033
0.057614103
0.04828918
0.216209888
0.393743932
0.421491116
0.31134066
0.324617863
0.199129209
0.423142403
0.504376888
0.070733495
0.076430567
0.016873065
0.016885567
0.025280952
0.063072257
0.251672387
0.344289899
0.255769819
0.358772218
0.315285832
0.4208498
0.416019261
0.413516223
0.228396416
0.388907641
0.384475112
0.265868962
0.067035086
0.01631533
0.107005924
0.063702665
0.019885903
0.027219098
0.149312645
0.127122432
0.242799059
0.28671065
0.427535951
0.506880999
0.490357131
0.552131116
0.537121713
0.46437335
0.382485569
0.259455949
0.271815181
0.192550629
0.295492768
0.333687127
0.29710421
0.375083178
0.264987141
0.302332163
0.396104962
0.394205838
0.341045648
0.352956772
0.112783559
0.272745103
0.131357849
0.283028275
0.327364624
0.260194987
0.318538278
0.215210363
0.286444604
0.249079809
0.322310358
0.172675163
0.336403102
0.400577158
0.086914539
0.489197522
0.134906456
0.486117393
0.166221648
0.434459537
0.191941395
0.273996085
0.497949272
0.463383466
0.478085041
0.158500552
0.114168555
0.40698719
0.226705119
0.424521118
0.245227948
0.238507777
0.43864724
0.333350122
0.250847816
0.36017558
0.239313751
0.260879964
0.154607967
0.185403153
0.100102179
0.109452069
0.295785993
0.175788686
0.327868581
0.320907056
0.256321788
0.103169106
0.233159572
0.104256295
0.329063326
0.109416746
0.331052035
0.318224847
0.242603645
0.152357355
0.146937668
0.12033046
0.080700263
0.101576358
0.078594476
0.258195639
0.15914683
0.475080281
0.142728105
0.466491342
0.108728275
0.513737738
0.397815138
0.309638411
0.406308711
0.482415855
0.493280798
0.511818469
0.392490745
0.380037397
0.481998742
0.379542112
0.423559904
0.127036989
0.137683734
0.065476425
0.084110305
0.089468814
0.298558503
0.219028652
0.480721831
0.203895003
0.229808047
0.167084485
0.148664072
0.028344395
0.130905792
0.075660892
0.166581124
0.33522898
0.309989244
0.355403215
0.403758049
0.264789015
0.215400115
0.221631467
0.247450933
0.16340144
0.102863602
0.200727999
0.066195332
0.318580449
0.208998606
0.387598753
0.436082751
0.401345104
0.060682878
0.263803989
0.486582488
0.237599805
0.077094778
0.530171335
0.499983341
0.315384597
0.336280584
0.2922346
0.511566639
0.341644108
0.490374148
0.570083261
0.602808714
0.611331582
0.581949413
0.532512546
0.275462359
0.584105849
0.606489956
0.558696687
0.605259299
0.102475934
0.07768634
0.031435691
0.179325104
0.236250401
0.220561951
0.242305622
0.191440135
0.232835814
0.090115026
0.175453112
0.141428024
0.25514397
0.330556482
0.150645465
0.405679345
0.583146274
0.21871224
0.385333925
0.35002318
0.320203692
0.28034398
0.233140603
0.329530686
0.265268862
0.197159544
0.131589517
0.033986546
0.04432866
0.033666346
0.299490124
0.2703605
0.050198309
0.280098289
0.040286817
0.203872994
0.197729021
0.182367489
0.058805946
0.143427551
0.076038994
0.194658279
0.233222336
0.465996236
0.256956309
0.536231637
0.510683179
0.25483647
0.236127213
0.538034081
0.182283595
0.136150941
0.169963613
0.18570964
0.18836385
0.229376823
0.187143072
0.232368544
0.216671497
0.232595578
0.237130702
0.26585415
0.211135492
0.22805512
0.068487495
0.225012764
0.031813778
0.136541143
0.140289128
0.205824032
0.144434333
0.184915483
0.097049542
0.219512194
0.430582076
0.252871424
0.434924215
0.164401993
0.37915349
0.327264369
0.294334948
0.421495855
0.424105436
0.455967754
0.161774471
0.16417481
0.4097372
0.322859704
0.49655962
0.438873887
0.293556929
0.406056821
0.342535675
0.445036322
0.327434421
0.453149825
0.374890804
0.332239836
0.263691068
0.40471676
0.341535896
0.282055229
0.232618809
0.322366118
0.208458334
0.261844665
0.279697239
0.248678744
0.177926973
0.059318654
0.192786843
0.09961617
0.245550916
0.123607323
0.312686443
0.294171304
0.153724208
0.236826897
0.227527618
0.26650399
0.169257104
0.229360566
0.238599151
0.243286818
0.122904137
0.315073878
0.109510526
0.37926805
0.21774821
0.422842294
0.236866742
0.308428049
0.150751546
0.247724369
0.249343902
0.067394972
0.22473824
0.072293624
0.197970435
0.060693942
0.175154388
0.153932005
0.131814748
0.22759454
0.274670064
0.070053592
0.043479528
0.134041712
0.07383281
0.052169167
0.310821295
0.210793197
0.261076719
0.32302767
0.395137131
0.389129639
0.336452067
0.164568961
0.422337264
0.247899368
0.374630064
0.207167014
0.46288687
0.478099078
0.538067877
0.459209949
0.50344342
0.395643145
0.398881495
0.348408848
0.395626605
0.250941038
0.134290576
0.081336409
0.424018085
0.143196136
0.52588737
0.298384309
0.653897643
0.125694707
0.615494728
0.422085404
0.113921471
0.036063466
0.137280539
0.713382959
0.159917682
0.618237197
0.100974634
0.337886691
0.07624276
0.104986526
0.472412348
0.711653054
0.470499784
0.602609456
0.553543687
0.582295656
0.514024019
0.65129602
0.468750477
0.393792808
0.754525125
0.68412739
0.396546304
0.634404838
0.778457284
0.622903347
0.305458874
0.727929831
0.602261066
0.568488717
0.505053043
0.457998723
0.327803791
0.102291398
0.363803238
0.362805277
0.199578062
0.684700847
0.632930458
0.740110755
0.753409266
0.739314198
0.742163181
0.561195374
0.614326179
0.491873682
0.555288553
0.68214941
0.17736727
0.744360089
0.322516918
0.573087215
0.056471955
0.38525635
0.054188494
0.05748703
0.202816337
0.199554101
0.10026858
0.059078533
0.171356931
0.108774491
0.023234662
0.194358155
0.144363835
0.081550144
0.139304265
0.128223777
0.126538187
0.091505006
0.168248206
0.109649897
0.018187394
0.093695328
0.097942859
0.215144962
0.081039876
0.128407612
0.182070032
0.270442218
0.133320928
0.312944025
0.213139653
0.112696268
0.192385256
0.065729678
0.010948078
0.125883922
0.06130315
0.041952852
0.009435569
0.003110608
0.031310767
0.008936974
0.007309729
0.522533
0.560730278
0.586369932
0.278989196
0.373998612
0.252194405
0.547594845
0.584754825
0.141713768
0.194247931
0.575746477
0.571228087
0.223995969
0.261226296
0.520385444
0.532662868
0.401122004
0.466672033
0.425035775
0.437464386
0.302559227
0.082148574
0.351308405
0.193953663
0.161482453
0.067312576
0.016342083
0.311958849
0.012796892
0.060090452
0.007988557
0.084342055
0.076136433
0.06627997
0.219453707
0.051735338
0.213730752
0.227235407
0.125053644
0.179018646
0.295098722
0.302714467
0.275026023
0.409970522
0.191003174
0.248469681
0.388329029
0.54243654
0.519071639
0.548515081
0.393402785
0.545847058
0.515294969
0.443131089
0.484349698
0.358005911
0.390514761
0.151980251
0.210227266
0.180105761
0.162282869
0.127091452
0.113129623
0.011556123
0.029122328
0.018569343
0.008490179
0.213508919
0.266913563
0.509842753
0.434655517
0.399787784
0.365304053
0.32918036
0.03451515
0.053690106
0.101971127
0.008429208
0.008346478
0.015946817
0.010092926
0.062167056
0.22889328
0.21219109
0.051107474
0.032677349
0.191041782
0.024294617
0.003345246
0.00740417
0.003637112
0.052859746
0.017612226
0.220652133
0.05661431
0.529198527
0.496006668
0.404275596
0.018575447
0.076058909
0.469898403
0.453829139
0.519037366
0.028676163
0.106585659
0.0460146
0.025391268
0.021044113
0.087726295
0.018686397
0.013307068
0.219426975
0.166914865
0.216874018
0.258229613
0.209757745
0.280880004
0.215261638
0.025985835
0.011962238
0.010069531
0.012704424
0.077743262
0.174309805
0.529123843
0.384072304
0.529923677
0.564962566
0.475586116
0.485372871
0.435664386
0.336128086
0.482025713
0.360718697
0.355367035
0.169948414
0.049500272
0.295370579
0.245918334
0.141390383
0.020620022
0.217579767
0.1113481
0.033932008
0.043572154
0.181118637
0.151299968
0.103376396
0.195085362
0.042083964
0.212755188
0.228838399
0.097986817
0.197932497
0.180960342
0.199153602
0.265719622
0.02538706
0.436660707
0.443090677
0.604547858
0.58152765
0.512832463
0.454013258
0.366174519
0.443492979
0.351256281
0.278641433
0.040247537
0.098299965
0.254038632
0.144354403
0.017640952
0.119667374
0.23730202
0.1895376
0.057085838
0.204323709
0.16038847
0.229316384
0.265884161
0.205650344
0.250087708
0.180504739
0.168020323
0.267213315
0.200027063
0.074027844
0.171979681
0.00660287
0.024333877
0.006077119
0.005434323
0.131855354
0.072211877
0.092539571
0.171598911
0.130921289
0.174039721
0.20235078
0.276655525
0.196902081
0.275510609
0.190788969
0.249555901
0.280756146
0.199003249
0.164238483
0.073936284
0.092668377
0.03267746
0.060822278
0.002335167
0.030443644
0.002276215
0.011161483
0.040600095
0.170643359
0.239669874
0.089296199
0.072595268
0.010948367
0.071234897
0.04126551
0.040992919
0.037330091
0.070323765
0.004031492
0.044033311
0.007695556
0.038948011
0.021839811
0.050387532
0.152768493
0.191651016
0.223242417
0.378563136
0.26181373
0.256072372
0.136749133
0.231277123
0.197921142
0.132265091
0.158549264
0.149956241
0.089143753
0.133355945
0.143923208
0.093256339
0.090558849
0.008692875
0.062512562
0.030646365
0.011856898
0.102172002
0.036142386
0.13457714
0.20661439
0.208154142
0.125377983
0.057542119
0.088819943
0.084102228
0.005473384
0.079029031
0.15241006
0.013389259
0.006703069
0.030355621
0.007082063
0.018721545
0.001985318
0.007375719
0.045435037
0.153191328
0.145082116
0.179594502
0.139092088
0.244081363
0.147756934
0.042630013
0.17696619
0.153556645
0.134859592
0.192894816
0.034011498
0.093336999
0.01192358
0.042670958
0.01491135
0.003968504
0.011074593
0.06355726
0.047853526
0.086654946
0.159890398
0.04290102
0.075706311
0.091460034
0.040236544
0.059661701
0.058081292
0.049032621
0.012230626
0.067459509
0.010271113
0.184721231
0.060228512
0.182128996
0.070126839
0.077260338
0.15441823
0.049280975
0.198678434
0.44890359
0.452606976
0.42647624
0.31987524
0.122917421
0.339032263
0.189406216
0.112815209
0.044495959
0.054465212
0.048163675
0.011764127
0.0438601
0.050787296
0.057431646
0.055909291
0.117265105
0.007576829
0.142326593
0.012556255
0.042326506
0.008211573
0.005996805
0.00589382
0.011745192
0.149557799
0.087004475
0.160062522
0.037480466
0.083757915
0.00902051
0.028613668
0.021027654
0.018358674
0.034501329
0.117293529
0.123587087
0.042529486
0.015614789
0.024963548
0.00776368
0.112040952
0.019786796
0.174290493
0.149241388
0.054214157
0.011487035
0.009799198
0.017710738
0.219329983
0.205395162
0.227442265
0.225725085
0.235000327
0.006469148
0.003100833
0.006542986
0.044967085
0.030869905
0.165080398
0.113806888
0.118846752
0.239586964
0.318411887
0.204684898
0.165190667
0.027703337
0.008468347
0.008574919
0.175195381
0.034904446
0.21402058
0.052637648
0.170405924
0.148855433
0.054641441
